focus_type,Odur,Vdur,Cdur,Rdur,Sylldur,Wdur,O1Hexc,Fallexc,Nucleusfallexc,H_N2exc,pd,Pd_rime,Falldur,Risedur,Hf0_Ef0,L1_Hexc,O1f0_Ef0,L1f0_Ef0,L2f0_Ef0,Risesp,Fallsp
bro,0.130446743,-0.086613006,0.126277668,-0.00124745,0.058552953,592.333333,7.01386E-05,0.015670851,0.008096581,0.002695798,-0.0269195,0.650214594,0.069460624,0.382752222,0.274208989,0.010317585,0.27413885,0.263891404,0.258538137,0.026956303,0.225607695
bro,-0.18580739,0.113093527,-0.05145298,0.048279876,-0.048628219,609,0.060903765,0.049016361,-0.009809115,0.055618517,0.086059172,0.928205128,-0.06285903,0.396350437,0.018035152,0.030638147,-0.042868613,-0.012602995,-0.030981209,0.077300652,-0.779782342
bro,-0.393865088,-0.26099324,0.045935138,-0.155144836,-0.235154748,435,-0.049195386,0.006096824,-0.006137067,-0.013580658,-0.149801867,0.804878049,0.007424956,-0.032388225,-0.039922321,0.026382375,0.009273065,-0.066304696,-0.046019145,-0.814566855,0.821125907
bro,0.45270058,0.007967716,0.134557813,0.058573982,0.214505637,455,-0.029935144,-0.037730129,-0.012517801,-0.012601857,0.185656011,0.98630137,0.17567365,-0.242391585,0.226232345,2.94336E-05,0.256167489,0.226202912,0.263962475,-0.00012143,-0.214773983
bro,0.021869021,-0.041585107,0.054762489,-0.004990089,0.004928232,511,0.021921893,-0.022595206,0.023823061,0.042413618,-0.307683719,0.659340659,0.09976559,-0.461209487,-0.038542923,0.008222492,-0.060464816,-0.046765415,-0.015947718,-0.017828106,-0.226482956
bro,0.35446187,0.038135037,-0.168712494,-0.04760985,0.130784426,659,-0.060231345,-0.141870573,0.01805085,0.069582456,-0.182169813,0.710843373,0.801472178,-0.278946867,0.058651594,0.034790212,0.118882939,0.023861382,0.200522167,-0.124719852,-0.177012474
bro,0.279650744,-0.005140545,-0.003799271,-0.004630269,0.119371526,505,0.054000685,0.032813705,0.026439928,-0.063744731,0.329251031,1.10625,-0.186972359,0.668215645,-0.159970084,0.023761497,-0.213970769,-0.183731581,-0.19278379,0.035559624,-0.175500301
bro,-0.313550805,0.222065182,-0.114830418,0.106408227,-0.04243585,517,-0.089774948,0.030027869,0.062183287,0.020125216,0.181850718,0.75,0.035032198,-0.055970373,0.613380183,-0.06907121,0.703155131,0.682451393,0.583352314,1.234067339,0.857150581
bro,-0.080573546,0.032421345,0.026194729,0.02999383,0.00061359,633.666667,-0.051364664,-0.008120633,0.003201783,-0.014314683,0.057539001,0.848837211,-0.145403594,0.094655334,-0.030649504,-0.010755287,0.02071516,-0.019894217,-0.022528871,-0.113625788,0.055848916
bro,-0.377970081,-0.144421994,0.06319073,-0.070493719,-0.173304539,545,-0.071343165,0.042004404,0.005167306,-0.013373826,0.05068585,0.90625,0.278677143,0.201045815,0.012278762,-7.78911E-05,0.083621926,0.012356653,-0.029725642,-0.00038743,0.150727839
bro,0.164423151,-0.070094106,0.028964022,-0.027020458,0.044712069,590,0.125781543,0.033329497,0.016575742,0.006186386,0.785019249,2.384615385,-0.122764453,-0.159936,0.484711198,0.017415554,0.358929655,0.467295644,0.451381701,-0.108890767,-0.271491433
bro,-0.489239725,-0.101663575,0.040245875,-0.052971981,-0.207677786,553,-0.202613837,-0.003180563,1.22053E-05,-0.017526221,0.017234003,0.886904762,0.103189446,-0.354932568,0.096555222,-0.053171437,0.299169059,0.149726659,0.099735785,0.149807152,-0.030822564
bro,-0.34937662,0.016857127,0.135193783,0.05097825,-0.062708522,444,-0.033041785,-0.128442341,0.02174244,-0.001843944,-0.051822558,0.616666667,-0.25578382,-0.166922609,-0.197206647,-0.047032007,-0.164164862,-0.15017464,-0.068764306,0.281759359,0.502151939
bro,0.136896634,0.102442965,-0.139577671,0.008709138,0.059929501,533,0.065651147,0.098287282,-0.016905822,-0.001723901,0.141021334,0.826589595,0.0772989,-0.366517223,-0.007939468,-0.007044162,-0.073590615,-0.000895306,-0.10622675,0.019219183,1.271522392
bro,-0.330831608,0.010725772,-0.123165726,-0.044885443,-0.162389224,452,0.01167956,0.083881621,0.060700873,0.111447254,0.107534397,1.282608696,0.001935968,0.211041983,0.174057211,0.079603468,0.162377652,0.094453743,0.090175591,0.377192572,43.32800366
bro,-0.452763639,-0.012293812,0.325196684,0.133750417,-0.087987821,604,-0.059714108,0.009001779,-0.003492147,0.016071351,0.072313227,0.777777778,-0.105501872,0.205965202,0.555582714,-0.004786917,0.615296822,0.560369631,0.546580936,-0.023241387,-0.085323404
bro,0.123492551,0.18476839,0.044993653,0.116680479,0.12051976,575,0.033949805,0.459256785,0.021287699,-0.00928347,0.041876507,0.819587629,-0.299264243,0.095210653,-0.009665214,0.045560254,-0.04361502,-0.055225468,-0.468922,0.478520546,-1.534619642
bro,-0.537531464,0.119320556,-0.178829289,0,-0.223824128,526,0.007967602,0.15884856,-0.008149659,3.56792E-05,0.153538081,1.02173913,0.357115905,-0.175421221,0.418136321,-0.0224034,0.41016872,0.440539722,0.259287761,0.127712029,0.444809538
bro,0.010623489,-0.019942856,0.201595831,0.067446665,0.049321027,658,-0.001700838,0.007363891,-0.023106592,-0.014012678,0.037295604,0.588541667,0.068940059,0.109294039,0.645144933,0.014698418,0.64684577,0.630446515,0.637781042,0.134485083,0.106815844
bro,0.088707666,0.028221689,0.222844933,0.091584997,0.091259656,672,-0.039167238,0.068408679,0.004358195,0.014576797,-0.066094512,0.639344262,0.324187731,0.084327226,-0.069634499,0.025216906,-0.030467261,-0.094851405,-0.138043178,0.299036355,0.211015633
bro,0.130446743,-0.135771729,0.35174228,0.06076856,0.092914553,604,0.055648027,-0.007168264,0.011914103,0.017574908,-0.0079175,0.624242424,0.268869129,0.839078839,-0.24678596,0.018078999,-0.302433987,-0.264864959,-0.239617696,0.021546246,-0.026660793
bro,-0.36969924,-0.01028123,0.109617218,0.037551015,-0.131535347,604,0.043938598,-0.015286152,0.071857267,0.044960001,-0.152717722,0.730569948,0.022373553,0.244685729,0.021448066,-0.002585134,-0.022490532,0.0240332,0.036734218,-0.01056512,-0.68322418
bro,-0.393865088,-0.26099324,0.045935138,-0.155144836,-0.235154748,435,-0.049195386,0.006096824,-0.006137067,-0.013580658,-0.149801867,0.804878049,0.007424956,-0.032388225,-0.039922321,0.026382375,0.009273065,-0.066304696,-0.046019145,-0.814566855,0.821125907
bro,0.350630303,-0.099596456,0.061987307,-0.035627474,0.116190553,485,0.028867074,-0.055190635,0.030137519,0.051743203,-0.16144001,0.759398496,0.150872664,0.432713867,0.151126112,0.019310976,0.122259038,0.131815136,0.206316747,0.044627589,-0.365809374
bro,0.087476084,-0.067396553,-0.057092808,-0.064871163,-0.008986776,578,0.003020518,-0.014010809,-0.000850959,0.012670639,-0.229836031,0.783625731,0.356305677,0.10230465,-0.072498825,-0.015677184,-0.075519343,-0.056821642,-0.058488017,-0.153240189,-0.03932244
bro,-0.036169579,-0.257411499,0.611012815,0.100932883,0.040736133,665,0.026918214,-0.06206343,-0.034393372,-0.011091746,0.62600172,1.25,-0.186690564,1.108248362,-0.018756594,0.019627593,-0.045674808,-0.038384187,0.043306836,0.017710464,0.332440102
bro,0.113521589,-0.015421634,0.512901546,0.199101577,0.166515723,624,-0.065872375,0.081183093,0.03175213,0.150604387,0.092928796,0.751295337,0.435397171,0.14450527,-0.07493645,-0.00239214,-0.009064075,-0.072544311,-0.156119543,-0.016553996,0.186457556
bro,-0.207395674,-0.196130562,0.197508319,-0.060422762,-0.114576795,626,-0.253685961,0.224890046,-0.03295588,0.037016906,0.072283758,0.801369863,0.105096593,-0.24125161,-0.303486015,-0.096892699,-0.049800054,-0.206593316,-0.528376062,0.401625087,2.139841452
bro,0.341005559,-0.089691152,0.081203671,-0.018106874,0.077925961,645,0.054762275,-0.008845112,0.008033691,-0.047525984,-0.171255124,0.696335079,0.101020718,-0.269473311,-0.015703364,-0.046481032,-0.070465639,0.030777667,-0.006858253,0.172488443,-0.087557401
bro,0.439442138,-0.040734408,0.049887418,-0.008363662,0.139301749,650,0.038632069,-0.019762535,-0.003075415,0.033893617,-0.293595394,0.556097561,0.121632565,0.112996553,-0.170006767,0.009501232,-0.208638836,-0.179507999,-0.150244232,0.084084262,-0.162477331
bro,0.414667167,-0.140188212,0.093328516,-0.038397493,0.131719337,616,0.510288579,0.102326028,0.009293023,-0.126587991,-0.317258004,0.856287425,0.1508249,-0.559286607,-0.517894307,-0.003561028,-1.028182886,-0.514333279,-0.620220335,0.006367089,0.678442538
bro,0.307366221,-0.186975665,0.152934326,-0.06984801,0.060293551,685,0.036823285,-0.014464344,0.014199021,-0.021780373,-0.196245258,0.709090909,0.310353049,0.300790312,-0.058476186,0.026947555,-0.095299471,-0.085423741,-0.044011842,0.089589172,-0.046606095
bro,-0.113178342,-0.128788449,0.500216997,0.05097825,0.00455425,544,0.003561068,-0.035431424,0.073666537,-0.001417008,-0.135859139,0.561111111,0.004589922,-0.031121164,0.52872847,0.01952575,0.525167402,0.509202721,0.564159894,-0.62741064,-7.719396149
bro,0.488289063,0.102442965,0.082758442,0.09580052,0.252873262,624,-0.037846845,0.003056246,0.149225362,0.131502139,-1.717686079,-0.664893617,1.265984202,0.236776613,0.021527514,0.02357588,0.059374359,-0.002048366,0.018471267,0.099570138,0.002414127
bro,-0.351892506,-0.00097507,0.175753339,0.072507253,-0.098147333,612,-0.158446752,-0.15332586,-0.035173481,0.022387912,-0.023377043,1.006451613,0.2226363,0.021286655,-0.098708332,-0.039812017,0.05973842,-0.058896314,0.054617528,-1.870280533,-0.688683112
bro,-0.041116096,-0.039390376,0.613963318,0.243182576,0.141888578,723,0.043409374,-0.028703107,0.032217576,-0.103050043,-0.022928584,0.64556962,0.259793147,-0.095797768,-0.035123085,0.010022385,-0.078532459,-0.045145469,-0.006419978,-0.104620231,-0.110484465
bro,-0.060595724,-0.117579885,0.148383323,0.013811159,-0.014842335,658,-0.048652471,-0.261498867,0.002204304,-0.017975832,-0.049490418,0.823863636,-0.488737064,0.033784425,-0.263709354,-0.040660261,-0.215056883,-0.223049093,-0.002210487,-1.203520873,0.535050207
bro,0.153303197,0.012599065,0.127735206,0.05957693,0.099387609,627,0.007818105,0.032065001,-0.001684918,-0.024701278,-0.059991701,0.784615385,0.088055976,0.076178937,0.370382985,0.014016664,0.36256488,0.356366321,0.338317983,0.183996582,0.364143386
bro,0.505553121,-0.016951423,0.071333906,0.017781394,0.180427554,614,-0.048132024,-0.135235053,-0.004034068,-0.05460569,-0.051621066,0.56284153,-0.115921435,0.169190608,-0.172237623,-0.044839485,-0.124105599,-0.127398138,-0.03700257,-0.265023487,1.166609558
bro,0.088707666,0.028221689,0.222844933,0.091584997,0.091259656,672,-0.039167238,0.068408679,0.004358195,0.014576797,-0.066094512,0.639344262,0.324187731,0.084327226,-0.069634499,0.025216906,-0.030467261,-0.094851405,-0.138043178,0.299036355,0.211015633
bro,-0.065223371,-0.104169689,0.383202459,0.092845806,0.02182159,604,0.076525906,0.084569835,0.022184303,-0.02670804,-0.0459215,0.582352941,0.232975599,0.541474522,-0.214302353,0.02938392,-0.290828258,-0.243686273,-0.298872188,0.054266487,0.362998682
bro,-0.178145229,-0.309905639,0.284109933,-0.075102029,-0.118780404,738,-0.035346788,0.056710761,0.013980289,-0.023605484,-0.176595411,0.796511628,0.346257367,-0.222441572,-0.326101474,-0.038912247,-0.290754686,-0.287189228,-0.382812235,0.174932439,0.163782108
bro,0.281332214,-0.012920457,0.110030673,0.030350324,0.112724154,545.333334,-0.016892747,0.044120019,0.007211903,0.010473109,-0.045192911,0.742793789,0.260467483,0.268603102,-0.033870897,0.019754789,-0.01697815,-0.053625686,-0.077990917,0.07354639,0.169387821
bro,0.078442898,0.007967716,0.061987307,0.029588919,0.049157542,633,0.040049454,0.430083086,0.001833404,0.061187935,-0.411672024,0.492957746,0.039268228,0.188526788,-0.226591293,0.042067446,-0.266640747,-0.26865874,-0.656674379,0.223137765,10.95244456
bro,0.096848522,0.225133167,-0.238857665,0.04944725,0.067545766,664,0.014107441,0.030351254,-0.003909628,-0.040915739,-0.246517678,0.682291667,0.362883628,0.612150774,0.004917768,-0.012871114,-0.009189673,0.017788882,-0.025433485,-0.021026052,0.083639082
bro,-0.014467831,-0.057202555,0.118554725,0.015235152,0.002144007,665,-0.139309314,-0.077194583,0.012699346,0.008145703,-0.076180104,0.757062147,-0.39650594,-0.218634031,-0.056500048,-0.009206583,0.082809266,-0.047293465,0.020694535,0.042109559,0.194687079
bro,-0.251962551,0.005140545,0.072186144,0.032411885,-0.090964125,573,0.031967443,-0.009126653,-0.03936298,-0.088652072,0.284940612,1.030120482,0.05360746,0.377265437,0.000286626,-0.000568903,-0.031680816,0.000855529,0.009413279,-0.001507965,-0.170249679
bro,0.252609896,0.124810358,-0.133203285,0.035825886,0.114576795,673,0.060097126,0.092968624,-0.059216939,0.016809556,-0.082936102,0.621118012,0.226541545,0.21423143,-0.168153593,0.015497009,-0.22825072,-0.183650602,-0.261122217,0.0723377,0.410382226
bro,-0.112650212,0.498152704,0.210867598,0.379967902,0.250958408,721,-0.111916693,0.008848074,0.028486379,-0.00559639,0.184192886,0.704797048,-0.238806352,0.284871786,0.411017867,0.001179158,0.522934561,0.409838709,0.402169793,0.004139257,-0.037051251
bro,-0.268317222,0.122203225,-0.149662255,0.025090985,-0.071296171,711,-0.083851623,0.013492872,0.010944827,-0.01357817,0.021995746,0.797169811,0.269439227,0.171696061,-0.005926573,0.023298519,0.07792505,-0.029225091,-0.019419445,0.135696291,0.050077609
bro,0.337669009,0.050067219,0.222057505,0.126569513,0.207850697,607,0.16286268,0.022042075,0.021892895,0.054355613,-0.007772468,1.102040816,-0.403368919,0.180686572,-0.533132362,0.087983159,-0.695995042,-0.621115521,-0.555174437,0.486938005,-0.054644952
bro,-0.500152136,-0.067538738,0.201229376,0.025782822,-0.157911681,645,-0.124500746,0.056826682,0.017162003,0.075910905,0.003891549,0.807692308,0.027857227,-0.330869343,-0.008809631,-0.05087057,0.115691115,0.042060938,-0.065636313,0.153748211,2.039926027
bro,-0.157465519,-0.193519816,0.094635648,-0.112152151,-0.12576737,503,0.041035759,0.009907257,-0.050846114,0.059802861,-0.26191401,0.565789474,0.269970851,-0.051491381,0.597659695,0.022210787,0.556623936,0.575448908,0.587752438,-0.431349609,0.036697505
bro,-0.012445149,-0.263536482,0.171692888,-0.09580052,-0.062852892,575,-0.008793447,-0.051040879,-0.020086584,0.033568856,0.092473006,0.877419355,-0.238767712,0.460579165,-0.033961042,-0.028753522,-0.025167595,-0.00520752,0.017079837,-0.062429054,0.213767929
bro,-0.551971038,-0.164786868,0.026293807,-0.086318159,-0.278024627,484,-0.041918406,-0.091711822,-0.004318335,-0.04538066,-0.017143165,1.189393939,-0.114222102,-0.110082417,-0.05592858,-0.015120294,-0.014010174,-0.040808286,0.035783242,0.137354308,0.80292536
bro,0.099019238,-0.030358188,0.024398106,-0.006948074,0.033711449,662,0.025026442,0.072433315,0.011657324,0.052110594,-0.022928584,0.80952381,0.429930553,0.068016416,-0.018347211,0.002423616,-0.043373653,-0.020770827,-0.090780526,0.035632809,0.168476779
bro,0.022244,0.162372222,-0.081371499,0.04238597,0.03502791,660,0.041107969,0.050729495,0.002449325,0.023919816,0.035350298,0.872928177,-0.528394166,0.267204092,-0.022037206,0.035798983,-0.063145175,-0.057836189,-0.072766701,0.133976179,-0.096006918
bro,-0.459909592,-0.111909341,0.674219742,0.205811214,-0.068682494,586,-0.134599877,-0.038627005,0.003356078,0.058706904,-0.084395104,0.671171171,-0.107623971,-0.3012213,-0.125691151,-0.024021465,0.008908726,-0.101669686,-0.087064146,0.0797469,0.35890708
bro,-0.146854121,-0.034899989,-0.124058968,-0.070512422,-0.096769103,638,0.099631415,0.059234452,-0.051963713,0.049508192,-0.167212737,0.538922156,0.077110734,-0.004302915,-0.000477392,0.099661597,-0.100108807,-0.100138989,-0.059711844,-23.16141368,0.768173887
bro,0.010722912,0.086611385,0.021368692,0.065795716,0.047560958,622,-0.037165102,-0.0005192,-0.003421173,-0.015917285,0.019720002,0.716417913,0.107839997,0.081816244,-0.114418542,-0.013092417,-0.07725344,-0.101326126,-0.113899342,-0.160022214,-0.00481454
bro,0.326116857,-0.01989758,-0.356111751,-0.157356711,0.060922719,569,-0.131963518,-0.030389017,-0.009808666,0.017220526,-0.0269195,0.770992366,-0.293462844,-0.232296704,-0.115118147,-0.016510164,0.016845371,-0.098607982,-0.08472913,0.071073606,0.103553201
bro,0.028733102,0.095468562,-0.27963576,-0.053644307,-0.019929598,704,-0.083343501,0.080590021,-0.01254263,-0.019982126,0.002487259,0.948863636,0.410181804,-0.173908865,0.226704425,0.037171922,0.310047925,0.189532502,0.146114404,-0.213743689,0.196473905
bro,-0.393865088,-0.26099324,0.045935138,-0.155144836,-0.235154748,435,-0.049195386,0.006096824,-0.006137067,-0.013580658,-0.149801867,0.804878049,0.007424956,-0.032388225,-0.039922321,0.026382375,0.009273065,-0.066304696,-0.046019145,-0.814566855,0.821125907
bro,-0.307155926,0.031870866,-0.046868452,0.000603855,-0.120659421,423,-0.058953927,0.476571711,-0.007718848,-0.01969146,-0.032288002,0.847826087,0.033067981,0.181344815,-0.609476909,0.006900924,-0.550522982,-0.616377834,-1.08604862,0.038054159,14.41187804
bro,-0.118717543,-0.187849967,0.208563522,-0.037652493,-0.068125558,543,0.013704722,-0.022489781,-0.00754724,-0.002680192,-0.124185597,0.869318182,0.060297884,-0.26666294,0.02915598,-0.012766043,0.015451259,0.041922023,0.051645761,0.047873329,-0.372977945
bro,-0.079573073,0.095337592,-0.319185799,-0.076175761,-0.078256255,694,0.080876219,0.429211767,0.023182955,0.00524344,0.347778734,1.229813665,-0.416810654,0.655902092,-0.119401432,0.061341781,-0.200277651,-0.180743213,-0.548613199,0.093522771,-1.029752391
bro,-0.351640044,0.087389259,-0.034193436,0.038585577,-0.130855369,608,-0.060304692,0.025976902,-0.00293221,0.09133331,0.004307957,0.796407186,-0.077142442,0.033944191,0.10761722,0.029645453,0.167921911,0.077971767,0.081640318,0.873358647,-0.336739431
bro,-0.596631156,-0.10860122,0.436355589,0.080741921,-0.16125623,559,0.133047005,-0.003976451,0.02837918,-0.016325532,0.081414338,0.702380952,0.081741795,0.137030914,-0.189076216,0.057987518,-0.322123221,-0.247063734,-0.185099765,0.423171064,-0.048646486
bro,-0.470075971,-0.311197533,-0.213487071,-0.271879543,-0.327043598,535,-0.096939573,-0.024364862,-0.026914723,0.010178325,0.15967923,1.335714286,-0.298425136,0.268567518,-0.48951984,0.013036013,-0.392580266,-0.502555853,-0.465154978,0.048539052,0.081644806
bro,0.180262654,-0.255515835,-0.029932451,-0.175636893,-0.061424393,593,0.062937451,-0.059609942,-0.003487698,-0.049090892,-0.345237581,0.617647059,-0.109315343,0.048427094,0.449422502,0.010276543,0.386485051,0.439145959,0.509032444,0.212206474,0.545302608
bro,0.135548842,-0.08010755,-0.26711265,-0.163544876,-0.053171109,561,0.058092919,-0.024379612,-0.03482029,-0.065045355,-0.262144142,1.075862069,-0.115749342,-0.101207972,0.352171956,-0.032175471,0.294079037,0.384347427,0.376551568,0.317914394,0.210624196
bro,-0.609276238,-0.169913247,0.152934326,-0.058597324,-0.253615729,693,0.046867282,0.032804828,-0.016174141,0.00653604,0.04391891,0.916167665,-0.221680749,-0.348916762,0.040015759,-0.050717961,-0.006851524,0.09073372,0.007210931,0.145358338,-0.147982303
bro,0.004920797,0.000674285,0.15547285,0.045152165,0.033981713,499,-0.021954056,0.090184723,-0.007494938,0.023024194,0.049021339,0.687150838,0.13978398,0.104680281,-0.114137232,0.034011011,-0.092183176,-0.148148243,-0.204321955,0.324903702,0.645172095
bro,-0.109078066,-0.132159244,0.127225665,-0.031933507,-0.062852892,624,0.057746619,0.04182309,-0.01847739,-0.024515891,0.168763235,0.885542169,-0.053250353,0.256237704,0.033856424,0.026115106,-0.023890194,0.007741319,-0.007966666,0.101917498,-0.785404936
bro,0.458952071,0.022426615,-0.023526038,0.003452726,0.188799779,629,0.08278364,-0.066673858,-0.025785319,-0.061507088,0.126236032,1.24137931,-0.114222102,-0.058994445,-0.285299211,-0.037488634,-0.368082851,-0.247810577,-0.218625353,0.635460411,0.583721163
bro,-0.55786514,-0.310356023,-0.107953268,-0.225812392,-0.361811179,595,-0.070533559,-0.018293474,-0.005806665,0.004046124,-0.17531548,0.87755102,-0.140530161,-0.121663166,0.00594088,-0.013299675,0.076474439,0.019240555,0.024234354,0.10931554,0.130174714
bro,-0.079004551,0.139976053,0.389625886,0.265269496,0.134768401,678,0.029976261,0.060062395,0.042865408,0.048923967,-0.010333164,0.686363636,0.604036417,0.230348355,0.570571935,0.019083448,0.540595674,0.551488487,0.51050954,0.082846036,0.099435056
bro,0.044632576,0.06595981,-0.218815962,-0.048744761,-0.010504381,648,0.007699584,-0.036160772,-0.000833786,-0.023978533,-0.029487446,0.902857143,0.009783997,0.185205672,-0.296986536,-0.005355031,-0.304686121,-0.291631506,-0.260825764,-0.028913967,-3.695909814
bro,-0.326828533,-0.00797714,0.657512525,0.255071024,0.06430463,722,-0.056601903,0.098092274,-0.013321994,-0.036940535,0.330720615,0.646017699,0.245630881,0.162994411,0.037027137,-0.010726858,0.09362904,0.047753995,-0.061065137,-0.065811198,0.399348296
bro,0.088707666,0.028221689,0.222844933,0.091584997,0.091259656,672,-0.039167238,0.068408679,0.004358195,0.014576797,-0.066094512,0.639344262,0.324187731,0.084327226,-0.069634499,0.025216906,-0.030467261,-0.094851405,-0.138043178,0.299036355,0.211015633
cor,-0.573965668,0.085442555,-0.183080765,-0.022632279,-0.273214205,512,-0.073603153,-0.006924382,-0.018849096,-0.003757693,0.1440985,0.782894737,-0.203729018,-0.299257675,-0.140101836,-0.019984076,-0.066498683,-0.12011776,-0.133177454,0.066778826,0.033988198
cor,0.434827603,-0.01028123,0.002237086,-0.005364431,0.177772014,828,-0.054298593,0.165569226,-0.006768176,0.006235933,-0.009451585,0.891891892,0.158745685,0.426683379,-0.003717744,0.081876214,0.050580849,-0.085593957,-0.16928697,0.19188986,1.042984104
cor,0.390695147,0.100779568,0.218993099,0.143457133,0.226095401,610,0.081902088,-0.025401413,0.012778538,0.021292986,0.213576629,0.856287425,-0.201067827,-0.198956243,-0.21094401,-0.034471965,-0.292846097,-0.176472045,-0.185542597,0.17326405,0.126332558
cor,-0.137038798,0.019919291,-0.065011078,-0.013888676,-0.062564144,639,-0.085495476,-0.158106654,-0.01517275,-0.057922398,0.121080007,1,-0.115737934,0.382440056,-0.164274494,0.045359831,-0.078779018,-0.209634326,-0.00616784,0.118606382,1.366074618
cor,-0.47487017,0.156302644,-0.210893841,0.016784846,-0.165530612,584,-0.158697636,0.025905784,0.00364591,0.020755193,0.187205154,1.123655914,-0.018637528,-0.078824894,-0.023482131,-0.005233691,0.135215505,-0.01824844,-0.049387915,0.066396423,-1.389979662
cor,-0.528075847,-0.066736315,-0.059277363,-0.064749397,-0.271216883,554,-0.166376331,-0.068071807,0.007592782,-0.030205725,-0.380900518,0.539877301,0.219403714,-0.444807166,0.551746974,-0.016490548,0.718123305,0.568237522,0.619818782,0.037073477,-0.310258228
cor,-0.011075277,0.21076233,-0.140573016,0.069454039,0.035962561,578,0.042138232,0.005577531,-0.003087782,-0.053593335,0.137239215,0.877906977,-0.166052375,-0.315196059,-0.145794251,-0.020870238,-0.187932484,-0.124924013,-0.151371782,0.066213512,-0.033588987
cor,-0.407910922,0.027555534,-0.188321886,-0.047589609,-0.17823057,578,-0.109800233,-0.134958915,0.017964007,0.038307787,-0.046413782,0.702702703,-0.343315538,-0.364772434,-0.942286588,-0.109287481,-0.832486355,-0.832999106,-0.807327673,0.299604551,0.393104594
cor,-0.34635167,-0.370833866,0.081203671,-0.182312719,-0.227641979,589,0.043976652,0.121075912,0.048880168,0.02989615,0.294504337,1.32278481,0.458733423,0.341936722,0.55030693,0.087460423,0.506330278,0.462846507,0.429231018,0.255779557,0.263935231
cor,0.349726163,-0.040734408,-0.162965567,-0.084831424,0.057036937,715,0.101142633,0.088681938,0.022076181,0.008348897,-0.322285498,0.576719577,0.495768177,0.154086208,-0.042229478,0.05011692,-0.143372111,-0.092346398,-0.130911416,0.325252468,0.178877834
cor,-0.393813499,0.290389868,-0.16412946,0.092438408,-0.089424137,587,-0.142129528,0.03884632,-0.001046121,0.34227278,0.598480021,1.889473684,0.199930681,0.305189998,-0.400299711,-0.006949225,-0.258170183,-0.393350486,-0.439146031,-0.022770159,0.194298941
cor,-0.456502495,0.188397533,-0.249524427,0.037033509,-0.134942709,704,-0.043144663,-0.074847929,0.013661666,-0.038114324,-0.196245258,0.635869565,-0.033350201,-0.469232887,-0.049783698,-0.060630334,-0.006639035,0.010846636,0.025064232,0.129211604,2.244302179
cor,0.063970367,0.162502703,-0.128434094,0.080108679,0.076020945,564,0.092907415,0.037034397,-0.042581763,-0.032923183,0.385167661,0.881081081,0.049654608,0.063939847,-0.168738633,-0.038331189,-0.261646049,-0.130407444,-0.20577303,-0.599488284,0.745840086
cor,-0.258419849,-0.057086538,-0.317446562,-0.159667534,-0.199667558,562,-0.153802406,0.031678217,-0.024725934,-0.068181194,0.023118251,0.875,-0.0257663,-0.240020128,-0.060255724,-0.010561777,0.093546682,-0.049693947,-0.091933941,0.044003714,-1.22944377
cor,-0.341362057,0.127734199,-0.355658332,-0.072507253,-0.183803187,565,0.026299435,0.094856269,0.122809556,0.087204984,0.038961738,1.23880597,0.08905452,-0.015204754,0.057085389,0.089545191,0.030785954,-0.032459802,-0.03777088,-5.889289125,1.065148288
cor,0.134053071,0.105124636,-0.180144926,-0.017370184,0.04047252,742,0.013295881,0.00978349,-0.014575762,0.002743378,-0.003880222,0.834224599,0.059631493,0.059394617,0.00823904,-0.027136022,-0.005056841,0.035375062,-0.00154445,-0.456876795,0.16406582
cor,-0.217070757,0.229560727,-0.046908276,0.09382063,-0.025528816,709,-0.10220881,-0.166116298,-0.012117856,0.016999798,0.152822059,0.926315789,-0.224356383,-0.17506475,-0.174139379,-0.062224403,-0.071930569,-0.111914976,-0.008023082,0.355436506,0.74041262
cor,0.083443512,-0.031868223,0.141064098,0.037912592,0.057370083,697,0.022567823,-0.051665464,0.01124329,-0.022355643,0.08032787,0.921465969,-0.371791901,-0.317994644,-0.025957638,-0.012895493,-0.048525462,-0.013062145,0.025707826,0.040552548,0.138963393
cor,-0.315580132,0.018945709,-0.333408475,-0.120177694,-0.186670722,567,-0.197890064,-0.121771405,0.014478495,-0.03344396,-0.104971068,0.613924051,-0.091409413,-0.530979683,-0.350974045,-0.144807084,-0.153083981,-0.206166962,-0.22920264,0.272716807,1.33215389
cor,-0.098455761,-0.041845953,-0.088527439,-0.057199294,-0.071617312,605,-0.102294814,-0.019250143,-0.01650841,-0.014912143,0.608719622,1.287974684,-0.092481979,-0.039966502,-0.129794252,-0.009406161,-0.027499438,-0.120388091,-0.110544109,0.235351115,0.208150207
cor,-0.033916153,0.19078269,-0.135890496,0.06076856,0.018266942,576,0.008885497,-0.031074912,-0.010144309,-0.006784044,0.1060945,0.696969697,-0.078101663,-0.433179618,-0.213367707,-0.014760587,-0.222253204,-0.19860712,-0.182292796,0.03407498,0.397877722
cor,0.00574662,-0.089593573,0.069349669,-0.026822153,-0.013552127,753,0.065690214,-0.095047244,-0.007822034,-0.015818675,-0.039298697,0.883977901,-0.331341665,-0.101109805,-0.133478579,-0.022466097,-0.199168793,-0.111012482,-0.038431335,0.222195039,0.286855695
cor,-0.251217773,0.131788666,-0.011750849,0.082379458,-0.025495589,542,-0.035150419,0.015853609,-0.00201537,-0.015352108,0.089697596,0.810126582,0.023462863,-0.33045731,0.398878188,-0.018200869,0.434028607,0.417079057,0.383024579,0.055077822,0.675689444
cor,0.225877742,-0.063741732,0.261556198,0.065820248,0.129597155,585,-0.05309619,-0.110430792,0.0014193,0.060154384,-0.096864006,0.741496599,-0.004133498,-0.307029341,0.586864691,-0.051639056,0.639960881,0.638503747,0.697295482,0.168189321,26.71606496
cor,0.087476084,0.010037785,-0.113020456,-0.037652493,0.008406984,595,-0.005498821,-0.060886887,0.024747456,0.023180646,-0.274320424,0.715909091,0.020830178,-0.119075904,-0.063698664,-0.044085858,-0.058199843,-0.019612806,-0.002811777,0.370233241,-2.923013268
cor,-0.188081809,-0.038135037,0.46053951,0.169491067,0.011792038,623,0.492654327,0.368098887,-0.034173724,-0.075737457,0.248413381,0.897058824,-0.044557567,0.030156418,-0.092975069,-0.061140822,-0.585629396,-0.031834247,-0.461073956,-2.027456378,-8.26119817
cor,-0.227043178,-0.06682708,0.026594895,-0.029325039,-0.116349462,593,-0.096539058,0.000301391,0.008942319,0.064788349,-0.003077112,0.846153846,-0.082372438,-0.268644026,0.214507227,-0.070735613,0.311046285,0.28524284,0.214205836,0.26330611,-0.003658884
cor,-0.030470454,-0.021071879,-0.022966084,-0.021923303,-0.02546151,646,0.055338792,-0.05332008,0.024558729,0.002332492,-0.000760882,0.717105263,-0.109767553,0.330032202,0.360990938,0.007410041,0.305652146,0.353580897,0.414311018,0.022452479,0.485754477
cor,-0.373845959,-0.0726522,-0.024884996,-0.052938417,-0.139284985,584,-0.116462673,0.004754289,0.002914768,0.064568679,-0.146741468,0.744565217,0.101020718,-0.24501691,-0.150207556,-0.04065414,-0.033744884,-0.109553416,-0.154961845,0.165923813,0.047062517
cor,-0.188569689,0.122203225,0.156313911,0.135013394,0.030712197,668,-0.117187795,-0.017834733,0.056936827,0.035656322,-0.190311021,0.561702128,0.080061942,-0.403559117,-0.374395417,-0.029996796,-0.257207622,-0.34439862,-0.356560684,0.074330613,-0.222761681
cor,-0.307190571,0.130174768,0.736973457,0.39961835,0.138969943,771,-0.093337246,0.002253351,0.007440584,0.075097187,0.424659378,1.303278689,0.298142244,0.688096752,0.123651332,0.001049795,0.216988578,0.122601536,0.12139798,0.00152565,0.007557974
cor,-0.21642947,0.068960607,-0.056344225,0.025782822,-0.05837947,844,0.155071187,-0.008503566,-6.22821E-05,-0.012069719,0.070603818,0.862637363,-0.179306376,0.397043212,0.106284288,0.143915811,-0.048786899,-0.037631523,0.114787855,0.362468886,0.047424786
cor,-0.319851835,-0.13687987,-0.027038757,-0.106326065,-0.167806602,442,-0.034562354,-0.116229374,0.010461165,-0.003040999,-0.203088403,0.607843137,-0.215726321,-0.187292826,-0.293091479,-0.023527845,-0.258529124,-0.269563634,-0.176862105,0.125620642,0.538781606
cor,0.242314362,0.261972467,-0.169222486,0.09580052,0.154647347,626,-0.064046929,-0.042016618,0.03640163,0.031772815,0.134085858,0.755319149,-0.410543045,-0.356786677,-0.095778832,-0.056850557,-0.031731903,-0.038928275,-0.053762214,0.159340471,0.102344002
cor,0.58531746,0.010725772,0.159146724,0.072507253,0.283021218,562,0.078224241,-0.164503831,-0.03833856,-0.008781125,-0.029610921,1,-0.224572267,0.349709337,0.089376738,0.017828068,0.011152497,0.07154867,0.253880569,0.050979674,0.732520685
cor,0.309222239,-0.003261623,-0.035761609,-0.017370184,0.108083225,752,0.091723217,0.006642423,0.005807361,0.016332422,-0.003880222,0.834224599,-0.255623112,0.43875378,-0.038034027,0.038032048,-0.129757243,-0.076066074,-0.04467645,0.086681983,-0.025985222
cor,0.491669099,-0.195966474,-0.035420535,-0.117632972,0.116957599,694,-0.032782328,-0.139563789,0.001092955,-0.010653901,-0.15390976,0.843137255,0.0796814,-0.48219589,-0.220041982,-0.063972349,-0.187259653,-0.156069633,-0.080478193,0.132668798,-1.751522808
cor,-0.056275857,-0.245311205,0.261024118,-0.043328677,-0.04928979,591,-0.003793353,-0.056407395,-0.007348391,0.023362612,0.049823616,0.971590909,-0.092947975,0.411645814,0.369829125,-0.011699334,0.373622478,0.381528459,0.42623652,-0.028420876,0.606870612
cor,-0.150603584,-0.061822837,-0.203146564,-0.118338241,-0.13048221,614,-0.091017893,-0.006742695,0.013658469,0.015468658,-0.223526634,0.52842105,-0.006638671,-0.233562214,-0.083922083,-0.020140874,0.007095809,-0.06378121,-0.077179389,0.086233443,1.015669313
cor,0.123800808,0.019463234,0.076316758,0.038022652,0.067424003,609,0.031020462,0.05771986,0.007436379,0.003195989,-0.027087915,0.701149425,0.216013864,0.227453337,0.146269984,-0.008664736,0.115249522,0.15493472,0.088550125,-0.038094564,0.267204422
cor,0.185234375,0.032772487,-0.198810855,-0.061124974,0.050258775,587,0.058243586,0.045697772,0.002792162,-0.008335505,-0.321450501,0.479452055,0.370567465,0.467073443,-0.201096072,0.027872815,-0.259339659,-0.228968888,-0.246793844,0.059675445,0.123318359
cor,0.588070811,-0.133655986,0.069349669,-0.053644307,0.212848107,848,-0.190536151,-0.083260887,-0.011583954,0.012382177,-0.02139043,0.926136364,-0.199231162,-0.161775689,-0.061558582,-0.041097899,0.12897757,-0.020460683,0.021702306,0.254042491,0.417910965
cor,0.019812126,-0.416038728,-0.050208173,-0.290873004,-0.193222916,504,-0.015541363,-0.051696664,0.040234329,0.054690855,-0.595766385,0.436893204,0.012770925,-0.339224048,-0.211778693,-0.021956631,-0.19623733,-0.189822063,-0.16008203,0.064726044,-4.047996759
cor,-0.227767933,0.235047636,-0.282722596,0.029588919,-0.071501879,594,-0.091240174,0.018441311,0.015698078,-0.001453728,-0.104936006,0.76056338,0.510486959,0.030523385,-0.351196013,-0.052761443,-0.259955839,-0.298434569,-0.369637323,-1.728558073,0.03612494
cor,0.012496583,0.233736982,-0.196911929,0.071222186,0.050152007,685,0.063242883,0.036835183,-0.017142171,-0.017226318,0.203886802,1.081632653,-0.222554007,0.035219634,0.001700006,0.014328071,-0.061542878,-0.012628066,-0.035135178,0.406820572,-0.165511211
cor,0.057871326,-0.152540148,-0.086636145,-0.127594399,-0.04609615,723,-0.143162912,-0.12624135,-0.010942451,-0.038072785,-0.149048029,0.809210526,-0.173154088,0.022617314,-0.33709195,-0.002526563,-0.193929039,-0.334565388,-0.2108506,-0.111709231,0.72906942
cor,0.163360335,0.241605598,0.163368641,0.211448962,0.195527537,681,0.016872221,0.003493134,-0.019822449,0.067753632,-0.187703859,0.548717949,0.5295371,-0.163901951,-0.013107762,0.002997251,-0.029979984,-0.016105014,-0.016600896,-0.018286856,0.006596581
cor,0.865950656,-0.021071879,-0.225067619,-0.092505645,0.250371514,724,0.020374518,-0.135279479,-0.023457261,-0.044795224,-0.192503061,0.624113475,-0.142464271,-0.218091455,-0.281259724,0.416023469,-0.301634242,-0.697283193,-0.145980245,-1.907564274,0.949567762
cor,0.478477004,0.472594275,0.328743895,0.414799445,0.43503548,761,0.035436607,-0.01258473,0.046062638,0.109952944,0.116780332,0.647482014,-0.012254972,-0.065669967,-0.23710652,-0.009943043,-0.272543127,-0.227163478,-0.22452179,0.151409283,1.026908126
cor,-0.427812289,0.45548475,0.289347027,0.397871328,0.132720564,853,-0.069462782,0.006837595,-0.023539414,0.048914888,0.710558234,0.996551724,-0.090839511,-0.086581774,-0.082798944,-0.05486698,-0.013336162,-0.027931963,-0.089636539,0.633701272,-0.075271157
cor,-0.143569483,0.040053775,0.080455618,0.058307304,-0.01691808,597,-0.347380724,0.02148732,-0.020122869,0.002161654,-0.139197833,1.005434783,-0.080673784,0.420296935,-0.091613643,-0.026733938,0.255767081,-0.064879705,-0.113100963,-0.063607264,-0.266348233
cor,1.224008681,0.213991161,-0.024147525,0.132664341,0.519672985,860,0.066300469,0.057349387,-0.014206253,0.019021019,0.564274608,1.149253731,0.282103466,1.185113829,-0.012792623,0.089918145,-0.079093092,-0.102710768,-0.07014201,0.075873003,0.203292031
cor,0.211594291,0.041131389,-0.067596891,0.01019565,0.067613099,558,-0.015201363,0.004894454,-0.014530197,-0.00337323,0.141461577,0.774566474,0.004589922,0.152210786,0.415035567,-0.005734493,0.43023693,0.42077006,0.410141114,-0.03767468,1.066347975
cor,0.013909284,-0.038318361,0.082758442,0.008709138,0.010816544,652,0.011833957,-0.056354356,-0.019273235,-0.010835989,0.134085858,0.820809249,-0.176928593,-0.132984125,0.000258078,-0.0203187,-0.01157588,0.020576777,0.056612434,0.152790414,0.318514692
cor,-0.004387687,-0.00097507,-0.006919423,-0.003452726,-0.003925893,575,0.006576128,0.18115169,0.014633023,0.028993674,-0.035844799,1.069444444,0.025167582,0.123462601,0.072102027,0.029340339,0.065525899,0.042761688,-0.109049663,0.237645563,7.197818698
cor,-0.531589765,0.267704024,-0.083889381,0.118117251,-0.128554244,708,-0.027504583,-0.004625324,0.042410416,0.026293405,0.085012135,0.798122066,-0.020433169,0.119747211,0.068905396,0.008367255,0.09640998,0.060538141,0.07353072,0.069874324,0.226363527
cor,-0.29991048,-0.005599042,-0.150297946,-0.077628237,-0.164453071,647,-0.034460482,0.097464178,-0.01324204,-0.008590359,-0.016859373,0.9375,0.388125527,0.156636881,-0.040041007,0.047099034,-0.005580525,-0.087140041,-0.137505185,0.3006893,0.251115092
cor,0.61903443,0.074853268,-0.058869269,0.021664338,0.27068983,717,-0.024489535,-0.021377443,0.002877209,0.005848405,-0.084395104,0.792553191,0.259275931,0.067792265,-0.192909603,-0.003497407,-0.168420068,-0.189412196,-0.17153216,-0.051590061,-0.082450548
cor,-0.214344525,-0.232334212,0.029464004,-0.131214421,-0.160449416,589,-0.122147053,-0.010720262,0.047035646,0.060108301,-0.513987751,0.326923077,0.086302742,-0.413251935,-0.013798849,0.010479091,0.108348204,-0.02427794,-0.003078586,-0.025357633,-0.124216939
cor,-0.114052721,0.016543752,-0.088527439,-0.017523481,-0.050430065,602,-0.018384248,-0.019250143,0.002257682,-0.012291867,0.184847933,0.905870446,-0.092481979,-0.039966502,0.163731386,-0.009406161,0.182115634,0.173137547,0.182981529,0.235351115,0.208150207
cor,-0.18262544,0.275054798,-0.246001124,0.067184009,-0.045716724,572,0.035864163,-0.020097456,0.000692826,0.020139197,0.182102501,0.740963855,-0.042208132,-0.381098862,0.386276853,-0.022746127,0.35041269,0.40902298,0.406374309,0.059685634,0.47615127
cor,0.273922235,0.077843596,0.042504636,0.064373168,0.152262129,758,0.080886243,0.007804983,-0.010264354,-0.040652307,0.109936862,0.934343434,-0.020242738,0.517682204,-0.070393757,0.047840194,-0.15128,-0.118233951,-0.07819874,0.092412282,-0.385569503
cor,-0.336806162,0.131788666,-0.050208173,0.068806641,-0.062768328,545,-0.067180622,-0.013803274,-0.01346911,0.013905014,0.139249209,0.858974359,-0.088802482,0.002678726,-0.208170248,-0.011905143,-0.140989626,-0.196265105,-0.194366974,-4.444330736,0.155437928
cor,-0.068991946,0.055774015,-0.137581584,-0.021134942,-0.040219807,594,-0.144958457,-0.007270754,-0.015363603,-0.046013905,0.088792005,0.977777778,0.132271925,-0.163389883,-0.270854052,0.049586521,-0.125895595,-0.320440573,-0.263583297,-0.303485874,-0.054968236
cor,0.424883837,-0.248076674,-0.015147071,-0.162858374,0.053630759,600,0.074045197,-0.017050379,0.017280012,-0.023586395,0.131599663,1.300653595,-0.255443762,0.095596148,-0.002537673,0.033286718,-0.076582871,-0.035824391,0.014512705,0.348201457,0.066748072
cor,0.339994038,0.238343981,-0.264468233,0.032374698,0.169376552,790,0.036961967,-0.110520981,-0.000185674,0.001538586,-0.036433963,0.777777778,-0.146081136,-0.08293015,0.112857205,-0.018410843,0.075895238,0.131268049,0.223378186,0.222004222,0.756572573
cor,1.052151313,0.046264902,-0.338135093,-0.109583039,0.394983757,725,0.118800393,0.045272652,0.049310396,-0.034036823,-0.283709767,0.657342657,0.058837456,0.243428341,-0.01347997,0.109765691,-0.132280363,-0.123245661,-0.058752622,0.450915824,0.769452919
cor,-0.384320893,-0.137777668,-0.041338951,-0.105338798,-0.207935665,617,-0.146524382,-0.099946082,-0.021349591,-0.044699849,-0.028152622,0.762589928,0.00233548,-0.133170889,0.339123554,-0.077445945,0.485647936,0.416569499,0.439069636,0.581553116,-42.79466676
cor,-0.456328826,-0.123769057,-0.402089146,-0.242023935,-0.301272808,554,-0.072866813,0.023689436,-0.040624544,-0.003689581,-0.171255124,0.910958904,0.542199721,0.040307772,-0.100806874,0.022775688,-0.027940061,-0.123582562,-0.12449631,0.56504457,0.043691347
cor,-0.248380339,-0.040734408,-0.322605306,-0.142182246,-0.179885724,626,-0.096660542,-0.046719188,-0.014002099,-0.045436269,-0.442783933,0.497175141,-0.003079305,-0.321379806,-0.007178468,0.014143539,0.089482073,-0.021322007,0.03954072,-0.044008797,15.17198898
cor,0.174047921,-0.140188212,-0.074019168,-0.112348219,-0.006042171,611,0.086153624,0.092798289,-0.010885308,-0.061463081,-0.368132339,0.850649351,0.382323584,-0.192823699,-0.455917012,0.004836468,-0.542070636,-0.46075348,-0.548715301,-0.02508233,0.242721853
cor,0.24189176,-0.059007529,-0.040245875,-0.052971981,0.048809065,794,-0.017156184,-0.037426147,0.005393553,-0.016648864,-0.049478266,0.827380952,-0.221680749,-0.312821925,-0.006092707,-0.024122943,0.011063476,0.018030236,0.031333439,0.077113978,0.168829034
cor,-0.157465519,0.13822844,-0.189271296,0.045152165,-0.012261443,541,0.020995766,-0.011494866,0.031201058,0.002012842,0.200287184,0.787709497,0.059668983,-0.363834705,0.395408633,0.011787356,0.374412867,0.383621277,0.406903499,-0.032397558,-0.192643909
cor,-0.073938824,-0.21661604,-0.035820818,-0.14805535,-0.118981986,565,0.078755256,0.040377414,-0.025403831,0.014938762,0.036989202,0.876712329,-0.135702513,0.071357335,0.168174612,0.024932898,0.089419356,0.143241714,0.127797198,0.349409035,-0.297543599
cor,-0.257118464,-0.141385182,0.175753339,-0.010358179,-0.110995711,598,-0.084795291,-0.00475728,-0.040571927,0.008557165,-0.116885214,0.986013986,0.042591292,0.035883219,0.069843954,-0.01935224,0.154639245,0.089196195,0.074601234,-0.539311719,-0.11169606
cor,1.298928034,-0.156808823,-0.15608104,-0.158068675,0.398809259,826,0.026130213,0.005591879,-0.010724852,0.012172268,-0.251508929,0.73125,-0.145534203,-0.130284965,-0.023999893,0.035126335,-0.050130106,-0.059126228,-0.029591772,-0.269611577,-0.038423125
cor,-0.566838478,-0.47591858,0.010530429,-0.237647179,-0.367496213,604,-0.030592186,0.305403072,-0.009348093,0.020120932,-0.101700089,1.037878788,0.370500149,-0.119781145,-0.071664097,0.000202831,-0.041071911,-0.071866928,-0.377067169,-0.001693345,0.824299458
cor,-0.118373355,0.163787844,-0.205487071,0.016248254,-0.039593438,631,0.033864483,0.083019514,-0.009331999,-0.012972499,0.129134678,0.983957219,0.264167929,0.269072391,0.480242677,0.013127329,0.446378194,0.467115349,0.397223164,0.04878735,0.31426795
cor,0.078113894,0.027919992,-0.305495207,-0.103622603,-0.044326492,686,0.046983438,0.112263583,-0.020538732,0.019741633,-0.051621066,0.639751553,-0.014809346,0.243544976,0.209173334,0.073905371,0.162189896,0.135267963,0.096909751,0.303456767,-7.580590062
cor,-0.367503187,0.072013966,-0.253371636,-0.033393807,-0.147096882,592,0.016121608,-0.096220146,0.015845076,-0.025159446,-0.027087915,0.75308642,-0.400977822,-0.307386341,0.474718425,-0.010147586,0.458596817,0.484866011,0.570938571,0.033012482,0.23996376
nar,0.185234375,0.169714663,-0.183080765,0.028691314,0.100023849,619,-0.110478181,0.072948136,0.002755542,0.020985602,-0.207438501,0.5125,0.232975599,-0.477820266,0.43996524,-0.01818687,0.550443422,0.45815211,0.367017105,0.038062157,0.313114919
nar,-0.231780352,-0.195343365,0.002237086,-0.118017475,-0.166611439,683,0.05184744,0.040570183,-0.012516002,-0.023621206,-0.057206964,0.957317073,-0.045812513,-0.101109805,0.480920042,-0.028254274,0.429072602,0.509174316,0.440349859,0.279441481,-0.885569911
nar,0.462018804,0.276497788,-0.261723459,0.089165866,0.212118124,651,0.076023522,-0.005073846,-0.017892276,-0.022783883,0.44481749,1.075471698,-0.201067827,0.055279152,-0.222435601,-0.018302101,-0.298459123,-0.2041335,-0.217361755,-0.33108505,0.025234499
nar,-0.103015372,0.031870866,-0.137581584,-0.035627474,-0.062564144,449,-0.095087073,-0.10643401,-0.014674494,0.036159278,-0.016144001,0.894736842,-0.072336209,-0.249573558,-0.877357386,-0.061180025,-0.782270313,-0.816177361,-0.770923376,0.24513825,1.471379441
nar,-0.521732358,0.010037785,-0.238857665,-0.086646099,-0.249020658,542,-0.017502543,-0.005152498,-0.023273227,-0.025462759,-0.096382852,0.946107784,0.10634354,-0.233120432,0.024680389,-0.022468437,0.042182932,0.047148826,0.029832887,0.096381245,-0.048451444
nar,-0.209783556,-0.076270074,-0.12767432,-0.099028489,-0.149008485,621,0.048398689,-0.117933592,-0.005473459,0.021026175,-0.195418526,0.738853503,-0.152849374,-0.286485971,-0.127310109,0.002242513,-0.175708798,-0.129552622,-0.009376517,-0.007827653,0.771567391
nar,-0.401478791,-0.20048124,-0.353332176,-0.263925347,-0.330311589,528,-0.090460786,-0.002087133,-0.033580545,-0.018200054,-0.409255955,0.652542373,0.006537495,-0.303558051,0.050923556,-0.003971864,0.141384342,0.05489542,0.053010688,0.013084365,-0.319255696
nar,0.004914589,-0.050248326,-0.059711817,-0.054006186,-0.03394868,651,0.227445657,-0.048849574,0.027255607,0.007556462,-0.046413782,0.707482993,-0.035032198,-0.272131816,-0.190126122,-0.098837336,-0.417571779,-0.091288786,-0.141276548,0.363196546,1.394419344
nar,0.066062667,-0.396392295,-0.260637589,-0.341542629,-0.235005062,559,0.077375203,-0.041561382,-0.045997861,-0.129527665,-0.244796091,0.96031746,0.047363812,0.007699237,-0.105332672,-0.016180684,-0.182707875,-0.089151988,-0.06377129,-2.101595686,-0.877492325
nar,0.608905646,-0.01851564,0.076494042,0.015532514,0.211694785,689,0.09341628,-0.005003879,-0.021284275,-0.027766042,0.274468658,1.014285714,-0.261740963,0.4651936,-0.041020712,0.007341521,-0.134436993,-0.048362233,-0.036016834,0.015781646,0.019117674
nar,0.25104608,0.130174768,-0.318604246,-0.06684008,0.051962674,598,0.077067025,0.017846756,-0.013666319,-0.019766106,-0.296060365,0.913580247,0.249036463,-0.256249971,0.43016696,-0.034122832,0.353099935,0.464289792,0.412320203,0.133162288,0.071663227
nar,0.165504888,0.162803906,-0.152934326,0.053909538,0.094747008,687,0.037831836,-0.081035195,0.010534161,-0.028957107,-0.216258939,0.609625668,-0.071016311,-0.108284512,-0.117269078,-0.009506464,-0.155100914,-0.107762614,-0.036233883,0.087791541,1.141078637
nar,0.093495152,-0.04787424,-0.270387566,-0.112152151,-0.054300675,473,0.020886465,-0.1113406,0.025320745,-0.016152358,-0.077033532,0.710526316,-0.230747883,0.057149775,-0.27702248,0.014033869,-0.297908945,-0.291056348,-0.16568188,0.245562972,0.482520569
nar,0.09297258,0.308892909,-0.154400079,0.130637073,0.116058595,650,0.034108805,-0.015457952,-0.007399388,-0.017725322,0.272795367,0.835051546,-0.115089473,-0.123253579,0.004089337,-0.025604085,-0.030019468,0.029693422,0.01954729,0.207735021,0.134312479
nar,1.017065871,0.139435042,-0.206198799,-0.003452726,0.411505,649,0.098426312,0.309515241,0.024157666,0.011274254,0.107534397,1.229166667,-0.46269631,0.021286655,0.623379728,0.013798245,0.524953416,0.609581483,0.313864487,0.648211052,-0.668938209
nar,0.011434654,0.105124636,-0.180144926,-0.017370184,-0.006854974,710,0.059553858,0.06033834,-0.014005371,0.009664151,0.078662681,0.903743316,0.154708278,-0.104419567,0.011632699,0.010788817,-0.047921159,0.000843882,-0.048705641,-0.103321796,0.39001365
nar,0.132696964,0.117579885,-0.196248911,-0.037623501,0.02790359,709,-0.003896239,-0.032990044,-0.013515496,-0.042902637,0.067981343,0.976047904,0.220684429,-0.162779504,0.015874449,-0.046652505,0.019770688,0.062526954,0.048864493,0.286599381,-0.149489675
nar,0.122254448,0.172681301,-0.272131527,-0.005416085,0.047673731,696,0.003937297,-0.014353435,-0.007089622,-0.021375542,0.159638932,1.032786885,-0.058703984,0.000698889,0.001690553,-0.003741237,-0.002246743,0.00543179,0.016043988,-5.353117657,0.244505294
nar,0.02187189,-0.00797714,-0.319451841,-0.131214421,-0.0817855,590,-0.025171114,-0.040911491,0.054313503,0.017494782,-0.0694044,0.647435897,-0.16800948,0.032874269,-0.088080489,0.075198402,-0.062909374,-0.163278891,-0.047168997,2.287454767,0.243507041
nar,0.193987094,-0.103155139,-0.088527439,-0.098858895,-0.00011035,647,0.071510214,-0.102440442,-0.023779999,-0.033396431,-0.10510111,0.741721854,-0.316842592,0.242519244,-0.150669771,0.012320306,-0.222179985,-0.162990077,-0.048229329,0.050801354,0.323316512
nar,0.114793134,-0.083101662,0.131521026,0.003029518,0.053813423,639,0.034015896,-0.009685481,0.004862163,-0.031245885,-0.0744245,0.615384615,0.226993344,-0.306697783,-0.159622748,0.008494482,-0.193638644,-0.16811723,-0.149937267,-0.027696588,-0.042668569
nar,-0.124510107,0.148343457,-0.158833112,0.026822153,-0.035873276,734,-0.002718847,-0.083204157,-0.005635462,0.008751482,0.062181483,0.926701571,-0.075643917,-0.30130722,-0.012303014,-0.03284325,-0.009584167,0.020540235,0.070901142,0.109002532,1.099945112
nar,0.547607194,0.142125031,0.007477814,0.095952274,0.244731771,597,0.111062399,0.051553068,-0.016182351,-0.010902037,0.213576629,0.89375,0.135728208,0.853052291,0.39844915,0.05983506,0.287386752,0.338614091,0.346896083,0.070142312,0.379825745
nar,-0.261791358,-0.027887008,-0.010583199,-0.021134942,-0.116190553,425,0.136011281,-0.167135677,0.012546996,-0.005822791,-0.104936006,0.8,-0.283144589,-0.335757233,0.475476023,-0.037167633,0.339464742,0.512643656,0.6426117,0.110697938,0.590283848
nar,-0.249931669,0.104679753,-0.127002368,0.016784846,-0.082040566,609,-0.034163557,-0.03120704,-0.000170072,-0.026961539,0.237250096,1.172043011,-0.485672046,0.041928135,0.033296103,-0.010451324,0.06745966,0.043747427,0.064503143,-0.249267563,0.064255376
nar,0.274888797,0.066736315,0.091195943,0.078080155,0.166160541,807,-0.169116055,-0.021135953,0.008369482,0.00387088,0.003312178,0.776595745,0.280317855,-0.052773732,-0.279013941,-0.02117053,-0.109897886,-0.25784341,-0.257877987,0.401156595,-0.075399954
nar,0.130134505,-0.097670348,0.011397812,-0.054019808,0.025083131,661,0.084310328,-0.062703496,-0.007170527,-0.048206867,-0.054772601,0.822368421,-0.098062426,-0.489766184,0.043756937,-0.052021476,-0.040553391,0.095778413,0.106460433,0.106216962,0.639424282
nar,0.311584969,0.017830051,0.344491254,0.132074533,0.199448495,699,0.029299349,0.177827556,-0.004078744,0.029619457,0.026630858,0.636363636,0.376012255,0.121590811,0.370843603,-0.020588223,0.341544255,0.391431826,0.193016047,-0.169323841,0.472930214
nar,0.28601698,0.080698371,0.104778931,0.09136369,0.144193706,686,0.06679322,-0.039072831,0.005995103,0.011370365,-0.128356226,0.657276995,-0.387853312,-0.261321177,0.295081869,-0.030800577,0.228288648,0.325882445,0.3341547,0.117864831,0.10074126
nar,0.120452004,0.033328152,-0.096449009,-0.013142897,0.030712197,725,0.100900797,-0.012100084,-0.019715957,0.002325778,0.188398347,0.970588235,-0.34488221,-0.092451725,0.233603955,-0.01249814,0.132703158,0.246102095,0.245704039,0.135185577,0.035084686
nar,-0.047321785,-0.040053775,0.041836921,-0.004266388,-0.020543383,666,-0.159887089,-0.071891379,0.031725109,-0.101431429,0.085497146,1.375722543,-0.256051574,0.096118209,0.655666963,0.010919889,0.815554051,0.644747073,0.727558342,0.113608957,0.280769136
nar,-0.456502495,-0.229631711,0.169032676,-0.092349382,-0.222990434,707,-0.077618452,0.00150824,-0.023825543,-0.005546555,0.017234003,0.925465839,-0.089849366,-0.0962529,-0.03221954,-0.033313941,0.045398911,0.001094401,-0.033727781,0.346108438,-0.016786323
nar,0.285406253,0.04922281,0.033798446,0.045152165,0.113856254,562,-0.077637122,0.002646436,-0.021821916,0.017397111,-0.08543719,0.597765363,0.019611484,0.084310064,-0.340218459,0.002826212,-0.262581338,-0.343044671,-0.342864895,0.033521641,0.134943156
nar,-0.196926174,0.008602081,-0.050643226,-0.01451523,-0.08740937,523,-0.006703025,-0.047441143,-0.011901455,0.005548893,0.120214907,0.828402367,-0.259380752,-0.016217576,-0.051034459,-0.012595954,-0.044331434,-0.038438505,-0.003593316,0.776685335,0.182901555
nar,0.111447252,0.116033357,0.14254011,0.127750875,0.124557888,651,0.047864246,-0.111741098,-0.027327205,-0.06299186,0.095066641,1.073619632,0.036783389,-0.124678981,-0.178724235,-0.032859521,-0.226588482,-0.145864715,-0.066983138,0.263553009,-3.037814135
nar,-0.064471988,0.044910044,-0.099931968,-0.017370184,-0.036152948,726.333333,-0.010458219,-0.012957745,-0.014373313,-0.006679875,0.080779163,0.905525845,-0.020433169,-0.136032834,-0.130790954,-0.012187256,-0.120332735,-0.118603698,-0.117833209,0.089590549,0.634152504
nar,0.34439848,-0.128777969,-0.104346982,-0.117632972,0.059963033,700,0.052328162,-0.011994159,-0.013449798,-0.00240821,-0.023385582,0.973856209,0.317624012,0.101353276,-0.150571443,0.022010856,-0.202899605,-0.172582298,-0.138577283,0.217169654,-0.03776213
nar,0.036870389,-0.00518785,0.007775186,0,0.015352558,658,0.006407938,-0.009633777,0.027838666,0.037230752,-0.194210421,0.711956522,0.044027988,-0.217354581,-0.701361317,0.028875008,-0.707769255,-0.730236324,-0.69172754,-0.132847477,-0.218810293
nar,-0.461809341,0.018945709,0.141117075,0.067446665,-0.108006806,503,0.336374742,-0.097652216,0.002277998,0.021057335,0.268478946,0.723958333,-0.21396952,-0.351289962,-0.390885403,-0.114086038,-0.727260145,-0.276799365,-0.293233187,0.324763159,0.456383769
nar,0.229080236,0.036980145,-0.161791526,-0.027442436,0.059478785,631,0.043556425,0.010891729,0.051687002,0.050097063,-0.175312985,0.63190184,-0.068443342,-0.043732979,-0.006375903,-0.010666851,-0.049932329,0.004290948,-0.017267633,0.24390864,-0.159134973
nar,-0.002608935,-0.251645878,0.320282101,-0.022632279,-0.013724891,591,0.02254117,-0.10110232,0.007658223,-0.025118088,-0.0364205,0.657894737,-0.5387353,-0.574541669,0.382403694,-0.014274587,0.359862524,0.396678281,0.483506014,0.024845173,0.187666038
nar,-0.254766834,0.069031114,-0.05145298,0.021457723,-0.093270519,682,-0.001425852,-0.06595793,0.004588095,0.004308262,-0.027359852,0.852631579,-0.10973695,-0.26490769,-0.528681881,-0.014470838,-0.52725603,-0.514211043,-0.462723951,0.054625964,0.601054884
nar,0.490548267,0.214479593,0.084392463,0.170602767,0.277345418,606,0.070642783,-0.045665733,-0.005954983,-0.017441431,-0.12502606,0.596491228,0.08226852,-0.181422768,0.376209673,-0.03680666,0.30556689,0.413016333,0.421875406,0.202877846,-0.555081492
nar,-0.477273054,-0.075693307,0.061987307,-0.021134942,-0.201099034,455,0.368016527,-0.162170786,-0.009832194,-0.015549973,0.016144001,0.911111111,-0.078536455,0.037705358,0.541126815,0.00858731,0.173110288,0.532539505,0.703297602,0.227747748,2.064910947
nar,0.068731209,0.010037785,0.012816753,0.011341112,0.032758247,666,0.054953592,-0.00478322,0.00915036,0.004465742,0.242810646,1.183783784,-0.413314585,-0.018448379,0.117691787,0.005052197,0.062738195,0.112639591,0.122475007,-0.273855854,0.011572831
nar,0.15191223,0.152540148,-0.018239189,0.083793337,0.114704374,781,-0.007506626,-0.020321268,0.013941789,0.002757423,-0.029809606,0.746031746,0.273549617,-0.203555822,-0.160075062,-0.001245867,-0.152568437,-0.158829196,-0.139753795,0.006120517,-0.074287319
nar,0.163360335,-0.097670348,0.041791978,-0.041672423,0.046841991,609,-0.010594644,-0.049270587,-0.020630647,0.006948908,0.137239215,0.980519481,-0.2654223,0.272523362,-0.002266914,-0.015733393,0.008327729,0.013466478,0.047003673,-0.057732271,0.185630926
nar,0.028504619,0.115084875,-0.206694753,0.003743003,0.012730755,613,0.022543375,0.014583543,0.000282522,-0.072917549,-0.000760882,0.698717949,-0.00700644,-0.025090167,0.597930083,-0.022879462,0.575386708,0.620809545,0.58334654,0.911889557,-2.081448457
nar,0.547212727,0.268126847,0.423044932,0.33518449,0.394538524,728,0.031453998,-0.031262155,0.00979928,0.046877689,0.073881435,0.660305344,-0.280539501,-0.106430636,0.342528863,-0.015145158,0.311074864,0.357674021,0.373791018,0.142300742,0.111435841
nar,-0.168632805,0.122203225,0.06319073,0.101558747,0.014259234,731,0.004884746,0.013675913,0.004223355,0.036392903,0.153970223,0.842105263,-0.104696385,-0.092451725,0.024157301,-0.011022934,0.019272555,0.035180235,0.010481388,0.119229075,-0.130624499
nar,-0.422687809,-0.180241987,-0.215621055,-0.197675981,-0.285190492,547,-0.18251575,-0.189668041,-0.007494415,-0.069186337,-0.431725257,0.834532374,-0.10873423,-0.404244607,-0.33174455,-0.038615075,-0.1492288,-0.293129474,-0.142076509,0.095524033,1.744326882
nar,0.274628991,0.111616652,-0.169032676,0.014532136,0.106231494,684,0.049208317,0.038712277,0.020123657,0.034695876,-0.249615073,0.605555556,0.404518323,0.060158062,0.048513378,0.031702416,-0.00069494,0.016810961,0.009801101,0.526985328,0.095699687
nar,-0.098415949,0.041131389,-0.047317824,0.016021736,-0.016465366,560,-0.000167101,0.020858028,-0.044893314,0.017179272,-0.051822558,0.637931034,0.21489179,-0.085441742,-0.084020053,0.016838071,-0.083852952,-0.100858124,-0.104878081,-0.19707078,0.097062934
nar,-0.205710984,0.008602081,0.03829122,0.020321322,-0.069869028,592,0.048139472,-0.01300901,-0.030167285,-0.030169576,0.342150121,0.982857143,0.187235113,0.100548973,0.002235339,0.068215849,-0.045904133,-0.06598051,0.015244348,0.678434069,-0.06947954
nar,0.258873539,-0.024376756,0.125933495,0.03797999,0.128840681,585,-0.010574063,-0.04780613,-0.017425037,-0.049355967,-0.104417458,0.953333333,0.315562755,-0.131977263,-0.356039622,-0.071468231,-0.345465559,-0.284571391,-0.308233492,0.541519271,-0.151494843
nar,0.020193113,0.204478706,-0.047793552,0.09727303,0.070897337,774,0.031468911,-0.023132378,-0.007701607,-0.024256489,0.065963773,0.799043062,0.004587038,-0.07855417,-0.212441953,-0.036821918,-0.243910865,-0.175620035,-0.189309575,0.468745561,-5.042988213
nar,0.132696964,-0.083985632,0.067969135,-0.00904869,0.045714392,687,0.105872804,-0.084501981,0.001984072,-0.023841672,-0.09517388,0.802325581,-0.030477217,-0.027641803,-0.111300934,0.085382235,-0.217173737,-0.196683168,-0.026798953,-3.088880851,2.772627829
nar,-0.118373355,-0.058548596,-0.245473745,-0.135402114,-0.130092724,611,-0.005424193,-0.036594386,-0.001857952,0.01615448,-0.157605315,0.86163522,-0.195679948,-0.225741253,-0.153984088,-0.01567566,-0.148559894,-0.138308427,-0.117389702,0.069440831,0.187011424
nar,0.48305632,0.20740565,-0.026362531,0.117111936,0.240361966,643,-0.019333227,0.107886925,0.014458441,0.021518753,0.081753939,0.587064677,0.031150694,0.293114554,0.180508031,-0.020719397,0.199841259,0.201227428,0.072621107,-0.07068703,3.463387526
nar,0.392848235,0.054497055,-0.216739592,-0.033393807,0.111122701,663,0.084764421,0.032766003,-0.025622858,-0.018310603,-0.167511666,0.641975309,0.055756283,-0.043732979,-0.088053941,0.012653313,-0.172818361,-0.100707254,-0.120819944,-0.289331154,0.587664761
nar,-0.213932658,-0.072567648,-0.01004978,-0.048294075,-0.123918983,569,0.024250468,-0.012444763,-0.022153834,0.023333225,0.315116501,0.925675676,-0.245604804,0.474513551,-0.192459953,0.01231461,-0.216710421,-0.204774563,-0.18001519,0.025952073,0.050669867
nar,0.013408781,0.245280766,-0.038030463,0.134110767,0.08529868,896,0.064403471,-0.057505166,-0.013483924,-0.008576573,0.223355886,0.966824645,-0.092690434,-0.258841102,0.389127347,-0.016896739,0.324723876,0.406024085,0.446632512,0.065278423,0.620400223
nar,-0.422394552,0.214479593,-0.18480881,0.075593049,-0.086063791,553,-0.057279483,0.011823761,0.013700522,0.006859469,0.114473403,0.834394904,-0.046034732,-0.032388225,-0.166570599,-0.017093605,-0.109291116,-0.149476994,-0.17839436,0.527772204,-0.256844359
nar,0.475382864,-0.123499605,0.09827256,-0.035627474,0.165348095,540,-0.014177896,-0.12062667,0.013644394,-0.050188689,0.516608031,1.390977444,-0.487752722,0.044887331,0.518924161,0.030905714,0.533102056,0.488018447,0.639550831,0.688517533,0.247311116
nar,0.5654704,-0.205057598,0.92164104,0.229090471,0.356282176,799,-0.029133689,0.085083597,-0.025753501,0.033347103,0.27617394,1,0.389195432,0.290142695,-0.010681816,0.062664173,0.018451872,-0.073345989,-0.095765413,0.215977081,0.21861407
nar,-0.122976567,0.057202555,-0.237109451,-0.064749397,-0.091120297,638,-0.000106834,-0.051957116,0.001331477,0.042943051,-0.175545456,0.73006135,-0.058094042,-0.248790449,0.467868433,0.012189658,0.467975267,0.455678775,0.519825549,-0.048995682,0.894362212
nar,-0.65897898,-0.107951437,0.041791978,-0.047846115,-0.315805682,550,-0.024317747,-0.071430539,0.010142366,-0.074994702,-0.047387532,0.823529412,-0.207892343,-0.198815976,-0.007536133,0.000123735,0.016781615,-0.007659868,0.063894406,-0.00062236,0.343593891
nar,0.476715174,0.027555534,0.01377965,0.022992733,0.18671774,675,0.051639703,-0.063967057,-0.019564916,0.026970279,0.035761438,0.710691824,-0.189173868,0.507593387,-0.207880102,-0.001915681,-0.259519805,-0.205964422,-0.143913046,-0.003774046,0.338138971
nar,0.121051246,0.012542562,-0.354938627,-0.142505241,-0.073017239,602,0.139752462,0.007443994,-0.039836683,-0.072189848,-0.024173189,0.945783133,0.112944475,-0.090126368,-0.469609198,0.045508638,-0.60936166,-0.515117836,-0.477053192,-0.504942553,0.06590844
nar,-0.01910618,-0.314765884,0.06319073,-0.180416128,-0.130526836,651,0.036591929,-0.003662362,-0.014243639,-0.016287207,0.194136368,1.177514793,-0.331025336,-0.157021184,0.004093839,-0.006215531,-0.03249809,0.01030937,0.0077562,0.039584028,0.011063689
nar,-0.162819023,0.010013444,-0.16412946,-0.06684008,-0.103925349,618,-0.094996034,-0.044990604,0.00110797,-0.03659332,-0.071365386,1.240740741,-0.19291557,-0.016639609,0.284233176,0.019952705,0.379229211,0.264280472,0.32922378,-1.199108986,0.23321396
nar,0.514702016,0.068960607,-0.024147525,0.037033509,0.205763705,762,0.072931505,0.03225633,-0.026818048,0.004479325,0.190685902,0.951086957,-0.311137759,0.078205481,-0.005925183,-0.010150277,-0.078856687,0.004225095,-0.038181513,-0.129789845,-0.103672182
nar,0.536366923,0.057314231,-0.189271296,-0.013108693,0.143283717,552,0.003177308,0.237413312,0.019776297,-0.060665557,0.091039629,0.75739645,-0.060503514,0.423813676,-0.462397382,-0.00660752,-0.46557469,-0.455789861,-0.699810693,-0.015590625,-3.923959073
nar,-0.117862877,-0.085238803,0.364384186,0.089994428,0.007308476,592,-0.025042605,0.010097709,-0.011286069,-0.064179592,0.25198894,0.85026738,-0.115089473,0.110279518,0.018828221,0.018889023,0.043870826,-6.08023E-05,0.008730512,0.171283152,-0.087737906
nar,-0.594092834,-0.094581812,-0.089952496,-0.093223612,-0.299438591,587,-0.05611905,-0.028884943,-0.033361254,-0.041848542,-0.148054605,1.038167939,0.181980975,-0.32173259,-0.111145068,-0.014014374,-0.055026017,-0.097130694,-0.082260125,0.043559075,-0.15872507
nar,-0.225043722,-0.1748732,-0.071857438,-0.132013398,-0.172501203,695,-0.122397426,-0.076079198,-0.02141296,-0.005447286,0.097711043,1.042424242,-0.220594823,-0.225124756,-0.191563607,-0.010528667,-0.06916618,-0.18103494,-0.115484409,0.046768145,0.344882064
nar,-0.023778069,0.173570306,-0.046908276,0.065245819,0.03146575,746,-0.010642485,-0.276250787,-0.010210479,0.005691567,0.152822059,0.951351351,-0.40942286,0.082925408,0.476724232,-0.041628122,0.487366717,0.518352354,0.752975019,-0.501994787,0.674732201
nar,0.230925069,-0.156376629,-0.032211487,-0.108321692,0.031513144,713,0.078044125,-0.009113399,-0.009018917,-0.035955337,0.037621914,1.030487805,-0.195679948,0.227139031,-0.143391329,0.043270027,-0.221435454,-0.186661356,-0.13427793,0.190500182,0.046572986
nar,0.516801522,0.108688538,0.210900244,0.150222117,0.274075073,802,0.07900452,0.028191999,-0.033257454,-0.065894789,0.46409562,0.777777778,0.101622755,0.522373853,0.028522449,0.081376856,-0.050482072,-0.052854407,0.00033045,0.15578279,0.27741817
nar,-0.636550613,-0.225773513,0.131264823,-0.110761639,-0.290110806,592,0.028372749,-0.068923556,-0.020968283,0.022964332,-0.112902429,0.744966443,-0.380945624,-0.329985201,-0.086503889,-0.039240427,-0.114876639,-0.047263462,-0.017580334,0.118915718,0.180927543