"subject","id","tone","duration","onset","offset","f0mean","excursion","maxloc"
"101",1,"M35",527.999999999999,-0.0781060776884451,0.267939416559165,0.0233452526624438,0.369818644005361,1
"101",3,"M55",527.999999999999,0.0963160173213457,0.121514379070272,0.11789603286703,0.0359126463197202,0.5
"101",4,"M214",560.000000000002,-0.0434959836527873,-0.102519624860067,-0.161784569499,0.192013500004195,0.125
"101",5,"M51",328.000000000003,0.154972639489755,0.00878098643816296,0.0846915079491607,0.148240131377346,0.125
"101",6,"M35",391.999999999999,-0.0409158021604076,0.150202842392098,-0.0119894201005762,0.242628622869685,1
"101",7,"M55",391.999999999999,0.102456282312285,0.158048903044642,0.146635811730752,0.0583631421925825,0.875
"101",8,"M214",504.000000000005,-0.0342060385199716,-0.0631453556816701,-0.178182026368176,0.265416124276517,0.125
"101",9,"M35",408.000000000001,-0.0221777658875855,0.281177193334642,0.0204700802462399,0.359053679885181,1
"101",10,"M214",472.000000000001,0.000327520148398337,-0.127184889968014,-0.160733570947561,0.259908689844392,0.125
"101",11,"M51",335.999999999999,0.19427363362454,-0.140978319796703,0.106162605347163,0.390696258175141,0.375
"101",12,"M55",471.999999999994,0.0268836483303422,0.0477691958585116,0.0526744569212305,0.0518486467756386,0.5
"101",13,"M51",351.999999999997,0.20532907759658,-0.0482312174470995,0.0627306633628055,0.288187718437941,0.125
"101",14,"M214",488,-0.0468263881764899,-0.10441689596349,-0.168011352216682,0.207420549812481,0.125
"101",15,"M35",496.000000000002,-0.0762483454872777,0.218369902232316,-0.0616331925672553,0.363817993352648,1
"101",16,"M55",472.000000000001,0.078519246893403,0.0713840284754135,0.0699784230487553,0.0296867951839416,0.25
"101",17,"M55",400.000000000006,0.10876333247646,0.0687508636028793,0.099146218890772,0.0464179847350209,0.5
"101",18,"M35",496.000000000009,-0.0481860615545031,0.213898633574693,0.0219714707742671,0.271732462141432,1
"101",19,"M214",512,-0.0829878716829994,-0.09260581107,-0.158464487051764,0.148861650595569,0.125
"101",20,"M51",400.000000000006,0.202288665554847,-0.18260198708993,0.0748318680061647,0.40536056590825,0.25
"101",21,"M35",544.000000000011,-0.110124589838629,0.180428533411343,-0.0228921670661792,0.296676771630609,1
"101",22,"M51",408.000000000001,0.211321893861068,-0.203529460123653,0.0149952842460277,0.41557834723692,0.125
"101",23,"M55",528.000000000006,0.083279326123077,0.139978146504284,0.144963970857303,0.0905429769584097,0.5
"101",24,"M214",536.000000000001,-0.188491604925722,-0.152403676012391,-0.220879407723163,0.141082647510832,1
"101",25,"M35",512,-0.198954639846979,0.248100338219056,-0.0478820191843638,0.447054978066035,1
"101",26,"M214",536.000000000001,-0.157387029745622,-0.174143872899169,-0.200301359817962,0.0868067595331806,0.125
"101",27,"M55",527.999999999992,0.105262724896482,0.141704537633954,0.13694977978852,0.043911889869184,0.75
"101",28,"M51",471.999999999994,0.185789268591002,-0.188119750521231,0.00913597432253238,0.382196166207114,0.25
"101",29,"M55",544.000000000011,0.0878061291174733,0.123492387713954,0.109820813002747,0.0371911674928063,1
"101",30,"M214",543.999999999997,-0.149415945734964,-0.163724063592386,-0.205667376676526,0.118116962999428,0.25
"101",31,"M35",512,-0.105524496077421,0.097747283715151,-0.0599783052429446,0.220770193040824,1
"101",32,"M51",504.000000000005,0.220694946900239,-0.21785263014568,-0.00413282041360165,0.468214482063063,0.125
"101",33,"M214",520.00000000001,-0.0953189599944243,-0.0909570772903704,-0.169848278568316,0.160944657754641,1
"101",34,"M35",495.999999999995,-0.0553854617767966,0.219776001698896,-0.00144148650752591,0.337507526300691,1
"101",35,"M51",367.999999999995,0.284028541232087,0.0163479913196731,0.122191850930126,0.273063052775938,0.125
"101",36,"M55",512,0.146314298339301,0.161690105053176,0.147747096676533,0.0272382386733614,1
"101",37,"M35",431.999999999988,-0.139955599711168,0.0684832747684922,-0.0895302254379682,0.228387678612601,1
"101",38,"M214",527.999999999992,-0.149144331822452,-0.16504547080858,-0.246223384403228,0.189935295591564,0.125
"101",39,"M51",455.999999999989,0.289319682583271,-0.214160318402771,0.0358737137632418,0.503480000986042,0.125
"101",40,"M55",520.00000000001,0.106198594039946,0.0815001685497831,0.0939759735864669,0.0246984254901626,0.125
"101",41,"M214",543.999999999983,-0.174224579683411,-0.158408301194397,-0.240266101682044,0.148455779303618,1
"101",42,"M55",584.000000000003,0.0462089809483442,0.0614774686761908,0.0628805566415152,0.036355885206763,0.5
"101",43,"M51",447.999999999979,0.173150435799661,-0.247121586618887,-0.0505407233928185,0.420272022418548,0.125
"101",44,"M35",424.000000000007,-0.0891678589885109,0.146941321343702,-0.0571037094585097,0.312029791723216,1
"101",45,"M55",439.999999999998,0.141779770069302,0.102195504495943,0.113016452439654,0.0437899741506693,0.125
"101",46,"M214",551.999999999992,-0.092738366024943,-0.19034167263185,-0.232590818638009,0.228326667550934,0.125
"101",47,"M35",463.999999999999,-0.0381376356412587,0.134804320851958,0.0171283454537426,0.21703251503183,1
"101",48,"M51",391.999999999996,0.253141273068062,-0.156229664224209,0.0562641729683062,0.409370937292271,0.125
"101",49,"M51",367.999999999995,0.346099028324513,-0.123181437639978,0.123558667930252,0.469280465964492,0.125
"101",50,"M55",424.000000000007,0.160584810830314,0.211187022878019,0.199982713180931,0.0567852132622891,0.375
"101",51,"M214",463.999999999999,-0.0439809675158151,-0.146124403460302,-0.157130077458458,0.189725675477272,0.125
"101",52,"M35",391.999999999996,-0.0926488727552512,0.200936055057623,0.0408867877084149,0.293584927812875,1
"101",53,"M214",496.000000000009,-0.117229973020857,-0.173322342761465,-0.199580681702364,0.163261662846255,0.125
"101",54,"M51",407.999999999987,0.317610577621547,-0.200078904510274,0.0683213702630116,0.517689482131821,0.125
"101",55,"M35",432.000000000016,0.00130077154801096,0.258738521373699,0.0888123131434154,0.284637880630386,1
"101",56,"M55",472.000000000008,0.187760790785464,0.222788284684788,0.224287592901657,0.0538630871174648,0.625
"101",57,"M214",536.000000000001,-0.0384630570758408,-0.0805027543424933,-0.150700875753204,0.20223356144661,0.125
"101",58,"M51",376.000000000005,0.285875342687474,-0.134923177241392,0.107359319522174,0.420798519928866,0.125
"101",59,"M35",495.999999999981,-0.0367481281928829,0.228543771181954,0.0698759199463066,0.265291899374837,1
"101",60,"M55",439.999999999998,0.213531694731708,0.20329470533681,0.204343380784234,0.0178219392892151,0.125
"101",61,"M51",408.000000000015,0.272799517666717,-0.140555096744597,0.0571944346008142,0.413354614411315,0.125
"101",62,"M214",536.000000000001,-0.0644589730649831,-0.0203903437482012,-0.153403502757436,0.222562991983875,1
"101",63,"M35",527.999999999992,-0.0544354608885359,0.281389521683647,0.0926300156304189,0.339218324613235,1
"101",64,"M55",439.999999999998,0.197567587231576,0.186129842360792,0.188161048540506,0.0290370391707669,0.625
"121",1,"M35",423.999999999999,-0.163097151909341,0.0330836020935873,-0.160755095622717,0.265491187468639,1
"121",2,"M55",416,-0.00514758330731379,0.0227189369844323,-0.00598074114377931,0.0595205430021672,1
"121",3,"M51",320,0.215589026468941,-0.302933191158437,0.022855056284531,0.536868461616045,0.375
"121",4,"M214",608.000000000004,-0.150867796452858,-0.204107985733491,-0.271339733785859,0.214582809917886,0.125
"121",5,"M55",399.999999999999,-0.0362906095716131,-0.0346774415863901,-0.0503172766084651,0.031756791452876,1
"121",6,"M35",456,-0.174258356796436,0.12555909988884,-0.162506334764552,0.400599647920449,1
"121",7,"M214",608.000000000001,-0.0896945482616808,-0.175730369550061,-0.26256400631606,0.267055664745464,0.125
"121",8,"M51",367.999999999999,0.14987061343647,0.160572116416873,0.186217639127807,0.107033770448599,0.5
"121",9,"M55",464.000000000002,0.00059525926755726,0.0170073416937757,0.00229741281649799,0.0396597089777263,0.875
"121",10,"M51",271.999999999998,0.413969746432438,0.290275618384353,0.33986663922649,0.123694128048085,0.125
"121",11,"M214",624.000000000002,-0.203384646088984,-0.210471408576002,-0.291833534353153,0.164693047344749,0.125
"121",12,"M35",335.999999999999,-0.149059254911733,-0.0767429649351921,-0.122931639296137,0.106734958531782,1
"121",13,"M214",631.999999999998,-0.110145329350098,-0.189893271922699,-0.253778146566221,0.216305753315279,0.125
"121",14,"M35",423.999999999999,-0.147835234733204,0.269376170600737,-0.0682461989720921,0.463753465115986,1
"121",15,"M55",496.000000000002,0.0143585757064864,0.040278032678984,0.0239105653043508,0.0483414815606063,0.625
"121",16,"M51",328.000000000003,0.284964315738914,-0.265729331334908,0.0664658906516217,0.571154880326636,0.375
"121",17,"M51",344.000000000001,0.246541937475025,0.349736718761874,0.161658296534757,0.508333107486688,0.375
"121",18,"M35",416.000000000004,-0.178792886903752,0.23810335297609,-0.0809918483918871,0.432384148589296,1
"121",19,"M214",624.000000000009,-0.127161273752147,-0.191619271341418,-0.23578346262734,0.199784863196706,0.125
"121",20,"M55",439.999999999998,0.0844449135551229,0.11649825373627,0.112372231445024,0.0484640990979859,0.625
"121",21,"M35",456.000000000003,-0.162737685117975,0.396083413342054,-0.0247833159294209,0.561029583230344,1
"121",22,"M214",703.999999999994,-0.129921952467559,-0.153299573987252,-0.239999071202719,0.223460821421296,0.125
"121",23,"M51",311.999999999998,0.394524137054536,-0.246113000530193,0.144062635811379,0.690627031597164,0.375
"121",24,"M55",488,0.0279560085299931,0.0886565056906928,0.0947565219443678,0.0986364665350135,0.5
"121",25,"M214",640.000000000001,-0.0782905363979233,-0.201523717086584,-0.22459208442702,0.25681953710595,0.125
"121",26,"M35",415.999999999997,-0.19716189990057,0.291468183735537,-0.0812520659185054,0.488630083636107,1
"121",27,"M55",519.999999999996,0.0575280333879034,0.135511961320359,0.105739791065683,0.0779839279324555,1
"121",28,"M51",295.999999999992,0.417530429292318,0.514473227380134,0.322358881116423,0.470022336127321,1
"121",29,"M35",439.999999999998,-0.131990858893367,0.344175259163114,-0.0390807470066871,0.505291029203,1
"121",30,"M214",744,-0.126015528254876,-0.0838555349845456,-0.217549949080846,0.257334579048457,1
"121",31,"M51",319.999999999993,0.426738983291233,0.527894522059983,0.337326962046051,0.467543802571568,1
"121",32,"M55",423.999999999992,0.0360783025326128,0.079780453865148,0.0685453867207015,0.0551736226953498,0.75
"121",33,"M51",304.000000000002,0.258033883830415,0.201993042985893,0.251546813691468,0.119647462941464,0.375
"121",34,"M214",584.000000000003,-0.132376781151117,-0.25057698342455,-0.242725603950808,0.192195276376694,0.125
"121",35,"M35",439.999999999998,-0.149809556798481,0.48393013477671,0.00888589310094129,0.674614052925195,1
"121",36,"M55",439.999999999998,0.116190094673578,0.13947447464238,0.113145324471908,0.041057350142018,1
"121",37,"M35",376.000000000005,-0.0686320500154313,0.299783860625887,-0.00945525956931728,0.433800512200118,1
"121",38,"M51",263.999999999996,0.41578323452979,0.331260619676067,0.368906545882756,0.102482770556309,0.25
"121",39,"M55",463.999999999999,0.127476157627134,0.0857216559720174,0.0845139233660443,0.0622501678947102,0.125
"121",40,"M214",623.999999999995,-0.0821279793313799,-0.168921477936478,-0.227113962920904,0.248839601196581,0.125
"121",41,"M51",328.000000000003,0.222571646486146,-0.309851720610979,0.0247820481703821,0.532423367097125,0.125
"121",42,"M214",647.999999999996,-0.0468492026313351,-0.171771903498236,-0.224425168962614,0.277261245203659,0.125
"121",43,"M35",448.000000000008,-0.117690763240127,0.193025296257644,-0.0783605827097527,0.359323481931374,1
"121",44,"M55",391.999999999996,0.125810259563418,0.135119918126688,0.101421624692669,0.0581461129934769,1
"121",45,"M51",287.999999999982,0.376340605146359,0.254725836267355,0.308709897359509,0.121614768879004,0.125
"121",46,"M55",439.999999999998,0.0494045161158304,0.0840008027188341,0.0627709741900755,0.0444333156685362,1
"121",47,"M35",479.99999999999,-0.14998863774868,0.388745491113392,-0.0743620108314292,0.594682096705164,1
"121",48,"M214",623.999999999995,-0.103497981231248,-0.151198234249565,-0.221356291661521,0.226703963051851,0.125
"121",49,"M35",408.000000000015,-0.139473429957023,0.484163695767612,0.0644958647306976,0.623637125724634,1
"121",50,"M51",304.000000000002,0.519287465193252,0.46477087050785,0.450967704186543,0.38546830651793,0.375
"121",51,"M214",575.999999999993,-0.118106956070554,-0.214256739814356,-0.220144161837093,0.216943513783326,0.25
"121",52,"M55",431.999999999988,0.0990786343677557,0.107636601602489,0.112981116035629,0.0541769901103872,0.625
"121",53,"M214",632.000000000005,-0.109228137909973,-0.218497656038455,-0.209770662512198,0.197867961819379,0.25
"121",54,"M51",304.000000000002,0.360312983658501,0.379734783199862,0.294182398006958,0.296565005416635,0.375
"121",55,"M35",391.999999999996,-0.146087060899781,0.121624672390594,-0.0877437857301348,0.281139504206113,1
"121",56,"M55",471.99999999998,0.088150402327354,0.138514380141558,0.12955427485115,0.0592702020600724,0.625
"121",57,"M214",648.000000000025,-0.0451869021227644,-0.162216774911422,-0.189490520850191,0.281521999438852,0.25
"121",58,"M55",496.000000000009,0.0681605336243348,0.133080281914257,0.119914100256161,0.0742405142885553,0.625
"121",59,"M51",352.000000000004,0.363849836204971,-0.248802799554285,0.169450304624714,0.684917066499312,0.375
"121",60,"M35",423.999999999978,-0.110865721826412,0.0920850971999493,-0.0813189535739392,0.253825344748222,1
"121",61,"M214",608.000000000004,-0.107105336132296,-0.174795119165283,-0.206863277291639,0.179220591707955,0.125
"121",62,"M55",407.999999999987,0.164605314563279,0.167083825036439,0.178796632606897,0.0447622131713808,0.5
"121",63,"M35",351.999999999975,-0.113745854991891,0.134622296151891,-0.0661382600202933,0.262990613944654,1
"121",64,"M51",319.999999999993,0.372319707812981,-0.251079457123994,0.100094404115105,0.638096914684249,0.25
"123",1,"M35",312.139715546071,-0.05125526543001,0.0699015697641525,0.00827155629794341,0.165176062468114,0.75
"123",2,"M51",336,-0.0230433381952483,0.00137010907094177,0.0207645242481487,0.0951805509625654,0.375
"123",3,"M55",552,0.028846772966936,0.058567373346124,0.0423462297077161,0.029720600379188,1
"123",4,"M214",495.999999999999,-0.130039962073075,-0.137522843139204,-0.215141422632899,0.195546987006287,0.125
"123",5,"M55",512,0.0671548213660828,0.0532886997630581,0.0602889820049213,0.0309801300824771,0.375
"123",6,"M35",335.999999999999,-0.0978151862110482,0.0172966845930466,-0.0503171922963665,0.189566919037302,0.875
"123",7,"M51",295.999999999999,0.209854816614905,-0.0542366450166133,0.100445384385092,0.29273755961374,0.25
"123",8,"M214",472.000000000001,-0.0551088484048717,-0.246715294951239,-0.254734733782959,0.310630862676958,0.125
"123",9,"M51",280.000000000001,0.0774952642931905,-0.0257647604414705,0.071879796682463,0.177093973898582,0.5
"123",10,"M35",391.999999999999,-0.138635465763989,0.0413939161885297,-0.0540932895660582,0.194816843626452,0.875
"123",11,"M55",479.999999999997,-0.0148582617036992,-0.00894979733820811,0.0251646786569314,0.0722206423284594,0.5
"123",12,"M214",496.000000000002,-0.148752867293414,-0.162313314949776,-0.229238448735292,0.172102867667482,0.125
"123",13,"M51",352.000000000004,0.2454157271886,0.0440632750070075,0.100788070609472,0.249121166459539,0.125
"123",14,"M55",559.999999999995,0.0618467084144696,0.0578403939419397,0.0677028630042776,0.026998280200206,0.75
"123",15,"M214",504.000000000005,-0.147364962013232,-0.202652128081801,-0.255808437207452,0.206402313860143,0.125
"123",16,"M35",488,-0.0817427095708655,0.0589220335338708,-0.0449242418472908,0.216616778269275,1
"123",17,"M35",448,-0.00752012906934253,0.153838252964103,0.0425576629213066,0.17690246140943,1
"123",18,"M51",463.999999999999,0.158979631813318,-0.0618130581125901,0.249983992654154,0.853136532042749,0.75
"123",19,"M214",528.000000000006,-0.120130856617267,-0.169836156172586,-0.182009469878748,0.129966082946656,0.125
"123",20,"M55",512,0.119294786485636,0.0450314167181358,0.127521855338172,0.117473999196131,0.625
"123",21,"M51",384,0.201606846581375,-0.0201189207084761,0.0897287083878166,0.257614299420537,0.25
"123",22,"M35",423.999999999992,-0.0995476949007614,0.0561230143473822,-0.0167706686983042,0.17177635723092,0.875
"123",23,"M214",456.000000000003,-0.0937196877195604,-0.114203587281231,-0.174920168963207,0.170727909130827,0.125
"123",24,"M55",456.000000000003,0.0727714324688939,0.0620514725626397,0.132064124644647,0.129422524095439,0.625
"123",25,"M214",623.999999999995,-0.151527797574464,-0.00761111361314281,-0.0811316874714617,0.175655697269762,0.75
"123",26,"M35",463.999999999999,-0.064863806870035,0.361955547479854,0.0905942558408906,0.443369687209015,1
"123",27,"M51",384,0.216430918172958,-0.0667394586565316,0.0945424298473064,0.347127299257966,0.375
"123",28,"M55",504.000000000005,0.0370876377281643,0.0677401798426401,0.141098593094951,0.172777087860169,0.75
"123",29,"M214",503.999999999991,-0.0699621062851383,-0.0933511259578355,-0.12660142238306,0.125907075028639,0.125
"123",30,"M51",359.999999999999,0.236891280744102,0.00862946448504124,0.118595428302123,0.27700332772547,0.375
"123",31,"M55",512,0.0830865731116403,0.0598627341069803,0.114303682728218,0.0944964436194977,0.75
"123",32,"M35",416.000000000011,-0.0119753376907061,0.00330630651125596,0.0244413861933472,0.173954941576335,0.75
"123",33,"M55",623.999999999995,0.0407474137128593,0.0588012793198525,0.0675378427679773,0.0586402018616745,0.625
"123",34,"M214",512,-0.0404076174623154,-0.197073452049432,-0.239543766104729,0.28180819573483,0.125
"123",35,"M51",327.999999999989,0.247906587572793,-0.0610240988679829,0.0911524703068742,0.40665531157554,0.25
"123",36,"M35",456.000000000003,-0.0484656041887267,0.0517390054393727,-0.0189415991991834,0.131428222552696,0.875
"123",37,"M55",552.000000000007,0.0885880553416311,0.0459991813091703,0.0986028145916388,0.0729003815682041,0.25
"123",38,"M51",311.999999999998,0.183803614670514,-0.0360908407424389,0.0519711848002942,0.222737176380047,0.125
"123",39,"M35",423.999999999992,-0.0352407169813293,0.0483792614583283,-0.0149492280562001,0.153182331635265,0.875
"123",40,"M214",456.000000000003,-0.104333176945788,-0.167888105053874,-0.230184056437774,0.252296459466665,0.125
"123",41,"M55",560.000000000002,0.037757883504845,0.063198046227186,0.0639652205436528,0.0470296027020677,0.375
"123",42,"M214",488,-0.149385542248927,-0.18946646101509,-0.251661647364048,0.200817504297881,0.125
"123",43,"M51",336.000000000013,0.0356602393770382,-0.0565385845629592,0.0448034903012291,0.214430213686415,0.375
"123",44,"M35",455.999999999989,-0.0387940039771475,0.0464206633637911,-0.0129648762019575,0.16575506333309,0.75
"123",45,"M214",439.999999999998,-0.086825384505861,-0.203227163956037,-0.247976257107492,0.27024057406763,0.125
"123",46,"M51",352.000000000004,0.146716020214737,0.0373028266905482,0.0763919032484497,0.213526785348935,0.375
"123",47,"M55",520.00000000001,0.0348114006037315,-0.0198938126980484,0.0302514572577374,0.0754297862993109,0.375
"123",48,"M35",352.000000000004,0.00030907417610403,0.0667858331300177,0.030786932557313,0.147002058034291,0.75
"123",49,"M51",365.558849642497,0.36342105657512,-0.0145140074314258,0.144497064979597,0.377935064006546,0.125
"123",50,"M55",608.000000000004,-0.0871717006543646,0.126567889300112,0.0946057504425084,0.283866325148397,0.875
"123",51,"M214",463.999999999999,-0.00939685420330172,-0.10902892761108,-0.144797036612691,0.292013915080327,0.125
"123",52,"M35",359.999999999985,-0.03459556800448,0.181644117491837,0.075973358328884,0.290717589628869,0.875
"123",53,"M214",448.000000000008,-0.0350119710449936,-0.155832221740325,-0.146712180394705,0.191525809636122,0.125
"123",54,"M55",488,0.0754665250282209,0.0821608851919275,0.134010157681948,0.094184693634342,0.625
"123",55,"M35",392.000000000024,-0.010059097298379,0.112869051639286,0.069223511773423,0.175416593225768,0.875
"123",56,"M51",343.999999999994,0.24317884210784,-0.00880503753130429,0.138730248964655,0.305061485150771,0.375
"123",57,"M55",543.999999999983,0.0518285360341111,0.0550759057861451,0.0844055423494722,0.0688302702277167,0.625
"123",58,"M51",383.999999999986,0.234722196673203,-0.0338807229899872,0.0857392082975824,0.290339061865605,0.25
"123",59,"M214",471.99999999998,-0.000447521612048558,-0.0985943071934864,-0.145934723903105,0.266429526300485,0.125
"123",60,"M35",367.999999999995,-0.0439528862818855,0.116592267734098,0.0175438389236631,0.197889515598064,1
"123",61,"M214",479.99999999999,-0.0168715944045597,-0.123856547514783,-0.121798335156855,0.20076347085142,0.125
"123",62,"M35",328.000000000003,-0.0619149150555687,0.121195229229583,0.0258791439037941,0.183110144285152,1
"123",63,"M55",543.999999999983,0.0583566187574517,0.0569722707217736,0.0765364058135459,0.0456473036353094,0.5
"123",64,"M51",423.999999999978,0.0037517661649414,0.00130929281393393,0.0354631366177041,0.132149842791628,0.375
"133",1,"M214",703.999999999999,-0.19018373974688,-0.114129537978296,-0.229462581660084,0.207945451240006,1
"133",2,"M35",711.999999999998,-0.224109843569862,0.00730511331656167,-0.0845286497600441,0.361809350928896,0.875
"133",3,"M55",735.999999999999,-0.0578238149787972,0.0198086393463008,-0.00468268719334454,0.077632454325098,1
"133",4,"M51",784.000000000001,-0.0104760410150438,-0.286696497058767,-0.0912302749091466,0.351574597210451,0.25
"133",5,"M35",744,-0.243784856072722,0.0691474795804422,-0.128273742600335,0.312932335653165,1
"133",6,"M214",832.000000000001,-0.28779405041911,-0.0674198687944789,-0.221914288627621,0.264661766377759,1
"133",7,"M51",816.000000000003,0.0172452670591008,-0.246113318401474,-0.0757876815753445,0.343755906835203,0.25
"133",8,"M55",783.999999999999,-0.0187126373667496,0.0607980328238204,0.0184807284021772,0.0795106701905699,1
"133",9,"M214",808,-0.193752276815457,-0.0788708440415467,-0.217401626625772,0.221652315397972,1
"133",10,"M55",735.999999999997,-0.0425175209769783,-0.0180114894144801,-0.0290191007733775,0.0245060315624982,1
"133",11,"M51",744,0.0767382936715612,-0.292549182815073,-0.0912518944407353,0.369287476486634,0.125
"133",12,"M35",863.999999999997,-0.248800588461307,0.072224960032647,-0.134573154563387,0.323188492115754,1
"133",13,"M51",728.000000000002,0.0397491080065951,-0.264911259584166,-0.104119801225455,0.304660367590761,0.125
"133",14,"M35",832.000000000001,-0.248262793347881,0.0569063515749607,-0.123596567752452,0.30535042568001,1
"133",15,"M214",768.000000000001,-0.255882386331313,-0.10918505008396,-0.255780267402726,0.24420388704163,1
"133",16,"M55",847.999999999999,-0.0754094151596789,0.0530199459344246,-0.0346188747612845,0.128429361094103,1
"133",17,"M51",856.000000000002,0.106341984405203,-0.214746592082125,0.0391252519584524,0.430193865927402,0.375
"133",18,"M55",823.999999999998,0.0255153850888753,0.15533065175349,0.113851860722043,0.129815266664615,1
"133",19,"M35",863.999999999997,-0.163238733747175,0.29129077011416,0.059720811608216,0.454529503861335,1
"133",20,"M214",864.000000000004,-0.196005226483254,0.166017678233022,-0.12722907583417,0.423068697164779,1
"133",21,"M51",920.000000000002,0.21937624816336,0.0987734811499555,0.128656248650745,0.547693861123127,0.25
"133",22,"M35",887.999999999991,-0.163662218734839,0.271945639007299,0.0702058431594948,0.435607857742138,1
"133",23,"M214",911.999999999992,-0.180606400260148,0.0424174909742092,-0.0528115416515779,0.411722624882685,0.5
"133",24,"M55",879.999999999995,0.0690282515500188,0.243684591350377,0.192997951438761,0.174656339800358,1
"133",25,"M214",847.999999999999,-0.152845956326421,0.170591708430915,-0.0717185606386889,0.359624000809551,1
"133",26,"M35",792.000000000002,-0.112655473222165,0.445514832589885,0.160751407806625,0.56974212978188,0.875
"133",27,"M55",792.000000000002,-0.00968699736661849,0.14671424064665,0.0752729936529559,0.156401238013269,1
"133",28,"M51",760.000000000005,0.31152716362956,-0.227066104353017,0.0452826928561645,0.58767131595307,0.25
"133",29,"M214",896.000000000001,-0.162948313024171,0.281642018876459,-0.0300991755823116,0.499610548106585,1
"133",30,"M55",879.999999999995,-0.046202988387735,0.185133897669607,0.0860605943681463,0.231336886057342,1
"133",31,"M35",872,-0.113477053932926,0.417871268900832,0.114359450134541,0.531348322833758,1
"133",32,"M51",935.999999999993,0.258555698608136,-0.197278197176367,0.0891614284536307,0.629945564956426,0.25
"133",33,"M55",847.999999999999,0.006375065052547,0.0599753176982278,0.0440195501259517,0.0536002526456808,1
"133",34,"M51",911.999999999992,0.0909958760554186,-0.228020919587629,0.0256885174303722,0.464886701451097,0.375
"133",35,"M35",831.999999999994,-0.13943742682703,0.193062161479545,-0.0237134858706418,0.34860961117477,1
"133",36,"M214",888.000000000005,-0.194160491413147,-0.0235656093817211,-0.232695857288844,0.360778383360812,1
"133",37,"M35",847.999999999999,-0.161574737878031,0.211010113786129,-0.0273588637120852,0.372584851664161,1
"133",38,"M51",904.000000000011,0.131323881559315,-0.200101993704875,0.0879415713789179,0.50753572315106,0.375
"133",39,"M214",951.999999999998,-0.185461561015915,0.00503344735498496,-0.188197688022822,0.277779392885504,1
"133",40,"M55",783.999999999992,-0.0344233889867903,0.0721249927493694,0.0382695979167425,0.10654838173616,1
"133",41,"M51",792.000000000002,0.199228997012813,-0.234713146608448,-0.00245028704002261,0.452001561167399,0.25
"133",42,"M55",815.999999999974,-0.0236778972491513,0.0299125272460696,0.0174498474743374,0.0573376694219169,0.75
"133",43,"M35",888.000000000005,-0.173541491039953,0.199217918995397,-0.0472044527599194,0.37275941003535,1
"133",44,"M214",903.999999999996,-0.2069691369053,-0.00518477080847007,-0.228189288389018,0.390747127109222,1
"133",45,"M51",879.999999999995,0.0680279269019461,-0.294260018054383,0.0096212352637851,0.534956405121851,0.375
"133",46,"M214",960.000000000008,-0.233750788485628,-0.0017109236374912,-0.178662035328175,0.293967767801396,1
"133",47,"M35",847.999999999985,-0.213199226927456,0.203119072530897,-0.0239938509697228,0.428499490583692,0.875
"133",48,"M55",936.000000000007,-0.0318556235433002,0.0776364522367754,0.0431750900863982,0.113118002128993,0.875
"133",49,"M214",991.99999999999,-0.103145889066542,0.0785783359275912,-0.102717137359431,0.311240323491636,1
"133",50,"M35",944.000000000017,-0.134518363150959,0.350319502055003,0.0793550989925606,0.484837865205963,1
"133",51,"M51",992.000000000019,0.35001029661121,-0.249761817852563,0.176488293943159,0.800232572192427,0.25
"133",52,"M55",1111.99999999999,0.0659694532923491,-0.387872865849762,0.114404424159749,0.626759902611227,0.75
"133",53,"M35",1015.99999999999,-0.120587377503158,0.387241469788446,0.137290164094404,0.513690676490302,0.875
"133",54,"M214",1048,-0.134216517824504,0.259835344183093,-0.0552548483299619,0.468481054945263,1
"133",55,"M51",1096,0.361121369363851,-0.208802753994434,0.193455970904829,0.729978621672987,0.375
"133",56,"M55",975.999999999999,0.0495344390571859,0.208463437516102,0.175095566496582,0.158928998458916,1
"133",57,"M214",1016.00000000002,-0.148293603823438,0.218781781645525,-0.0905233737959293,0.493842998257752,1
"133",58,"M51",912.000000000006,0.311122877546363,-0.176027780068763,0.174923188599927,0.646390204374295,0.25
"133",59,"M55",1096,0.10577666632993,0.195724330247921,0.187445978285517,0.105209493236609,0.625
"133",60,"M35",1080.00000000001,-0.100103205012873,0.456747091249691,0.172912178504583,0.559833936647968,0.875
"133",61,"M214",1080.00000000001,-0.139763355099407,0.164497912155927,-0.100698199801819,0.39913699960033,1
"133",62,"M35",1079.99999999998,-0.0919835789198658,0.423635187015947,0.16021328673245,0.522996645876211,0.875
"133",63,"M51",991.99999999999,0.38819851668459,-0.210474462620193,0.183711352016332,0.734045098818848,0.25
"133",64,"M55",1152.00000000002,0.0808027692987194,0.243206805927034,0.194370740627696,0.162404036628315,1
"102",1,"M214",649.7078533,-0.0476982258393515,-0.217506351668743,-0.106002647350593,1.50398700755306,0.375
"102",2,"M35",527.9129558,-0.0454284218578423,0.234651502143074,0.0184551595978608,0.295504342396138,1
"102",3,"M55",609.5878348,0.0982206646688157,0.172661415045766,0.173552656492646,0.0936447971730434,0.875
"102",4,"M51",450.9525249,0.154549438316672,0.0397095761091445,0.139593262007029,0.239627448105554,0.375
"102",5,"M35",610.8304746,-0.102585472736509,0.185671637713863,-0.0368741717452302,0.288257110450372,1
"102",6,"M214",645.1487081,-0.0211947812053488,-0.202421613155223,-0.235208778591446,0.410369076523167,0.125
"102",7,"M51",476.7875309,0.138936202733379,-0.135038591545002,0.0400816131057208,0.343835336206957,0.25
"102",8,"M55",690.958637,0.099233998434965,0.109488962549658,0.0987082174854586,0.0197561047312627,0.25
"102",9,"M51",529.1689919,0.130381935918104,-0.111728174496358,0.0228475413528958,0.305763872925887,0.25
"102",10,"M55",703.681464,0.0644115848130644,0.120745020212274,0.0935358380681331,0.0563334353992092,1
"102",11,"M214",736.4713762,-0.0329259567722416,-0.175431486905409,-0.320564039789011,0.580579112143076,0.125
"102",12,"M35",567.2568124,-0.0491803094635768,0.171253824385055,-0.0266425665879339,0.262016179073868,1
"102",13,"M214",649.2742027,-0.0749971718116359,-0.203761600116651,-0.38192246209936,0.539917027562707,0.125
"102",14,"M35",552.0684733,-0.052128697510397,0.19971724520788,-0.010009263097077,0.271862189618312,1
"102",15,"M51",424.3428846,0.143979892154004,-0.0862217274508975,0.0613830889788485,0.286635747023021,0.25
"102",16,"M55",710.0218659,0.118251255827045,0.123767628029278,0.122871250861136,0.0242853336334075,0.25
"102",17,"M55",599.0275392,0.19505297918842,0.195525563037637,0.193912871387461,0.0450887050698898,0.25
"102",18,"M214",766.2198467,-0.0386027989289971,-0.1473563543106,-0.185037447281678,0.610177565247787,0.5
"102",19,"M35",715.4629588,-0.0442846652265171,0.180700058903669,0.00889765148909395,0.234828242103917,1
"102",20,"M51",673.7282691,0.199047628098447,0.0943952282091381,0.106287469953717,0.388755431407819,0.25
"102",21,"M55",650.108694,0.0914398473915034,0.129499942735513,0.124418262197513,0.0448759251744593,0.375
"102",22,"M35",689.7906339,-0.0577598883044143,0.14941774201098,-0.00256177174955605,0.233141225772408,1
"102",23,"M214",804.867158,-0.102081641272685,-0.167774327071968,-0.250734258318302,0.323344099507754,0.125
"102",24,"M51",636.5219307,0.211617472333887,0.214812322777439,0.145417005471564,0.397109725805149,0.25
"102",25,"M35",616.7646865,-0.0462879942046437,0.163534713110081,0.00640658279720932,0.224588168819457,1
"102",26,"M55",601.1207479,0.0563546258285584,0.139048079137733,0.133221483388163,0.105093009479689,0.375
"102",27,"M51",557.4265394,0.149993099238941,-0.0383716235246586,0.116699685599029,0.313670508065951,0.25
"102",28,"M214",777.4844104,-0.0909894412865279,-0.194800830465583,-0.293390861425164,0.478972527300119,0.125
"102",29,"M35",557.1326898,-0.0307044445384345,0.168442986802127,0.0159668412009873,0.207111328882187,1
"102",30,"M55",611.6731878,0.122084989882489,0.182624400906203,0.168022737013547,0.0679583541328763,0.875
"102",31,"M214",686.6881233,-0.06954227965137,-0.228528483485155,-0.298800470545634,0.42996329141312,0.125
"102",32,"M51",566.8714152,0.222632122799787,0.192226423240194,0.110237919911914,0.396888022631717,0.25
"102",33,"M51",517.7906274,0.196464366949084,0.0923043245178071,0.112041175018133,0.21079885911041,0.25
"102",34,"M55",557.4797905,0.123406593777861,0.146094844241732,0.156229403824258,0.0573670515831926,0.25
"102",35,"M214",698.4042588,-0.0845939775193833,-0.124166704370236,-0.271703109355488,0.47129051935083,0.125
"102",36,"M35",615.7583479,-0.0638435012263274,0.220390927915738,-0.0123826331755333,0.325507947614933,1
"102",37,"M51",436.0935245,0.123097554806833,-0.0635701359453824,0.0804328806543595,0.347502936135361,0.375
"102",38,"M214",644.0835763,-0.0621541526072759,-0.132114618586167,-0.256447660735096,0.523706602710137,0.25
"102",39,"M35",613.8031055,-0.0398922957788144,0.191852434716275,-0.00053619215370137,0.274408816441403,1
"102",40,"M55",586.7088604,0.0732940780230795,0.149400866417747,0.131210785896543,0.0761067883946677,1
"102",41,"M35",600.2360305,-0.0802243100718722,0.164134057455234,-0.0130802219271666,0.252015460794773,1
"102",42,"M214",678.602111,-0.0531524886542946,-0.198147022366354,-0.296974147716834,0.515309338811926,0.125
"102",43,"M55",655.7577475,0.084431192459104,0.186614361160547,0.158563587103798,0.102183168701443,1
"102",44,"M51",471.5587726,0.138935426740903,0.0568225258053543,0.0956688392559073,0.162872701304815,0.25
"102",45,"M55",579.2453515,0.0648892957065968,0.134036934541202,0.13659558980119,0.0949934986542389,0.5
"102",46,"M35",649.3997408,-0.0578491187901214,0.134647999722451,-0.0135492901446803,0.220244436415914,1
"102",47,"M214",684.1388889,-0.090983244142896,-0.233466214439154,-0.317341069181464,0.430267823283609,0.125
"102",48,"M51",406.7687075,0.165210810922209,-0.137719110186773,0.0808638159560333,0.363702909896301,0.25
"102",49,"M55",558.7686151,0.136633096303925,0.260854082162091,0.228887076539512,0.124220985858166,1
"102",50,"M35",612.8335022,-0.102844738712668,0.134956123943353,-0.0382419657233437,0.237800862656022,1
"102",51,"M214",722.6543404,0.0327698745948764,-0.17404941457944,-0.117131014800105,0.609432215450887,0.5
"102",52,"M51",468.2471106,0.196154926274069,-0.184820330228314,0.0786389364393923,0.445530060524012,0.25
"102",53,"M55",588.321858,0.104521388893271,0.218205520850638,0.182057124159834,0.113684131957366,1
"102",54,"M51",453.7868481,0.235488711486225,-0.0148246542532558,0.124425432111274,0.389846021946289,0.25
"102",55,"M35",633.0240244,-0.0612380176574449,0.0884208030424103,-0.0382586615814764,0.186881364320992,1
"102",56,"M214",744.9580499,-0.055566331675941,-0.137707966599601,-0.282380683473928,0.444301728814311,0.125
"102",57,"M51",544.5394783,0.202990777590998,0.232481893226728,0.21223996103946,0.210075605194162,0.25
"102",58,"M35",506.0428523,-0.034118940852138,0.177973591378825,0.014521244738416,0.236704095946913,1
"102",59,"M55",588.8379945,0.124195197068561,0.165484754953928,0.203177572656398,0.112608389351392,0.75
"102",60,"M214",679.4070207,-0.0623355212902634,-0.179209199449858,-0.270660463166971,0.41816360744691,0.125
"102",61,"M51",424.0353993,0.244189176366519,0.0822834558385815,0.203699405721149,0.23128293730651,0.375
"102",62,"M214",676.7492555,-0.0946527939864062,-0.212849851075862,-0.250469394629925,0.31384818917619,0.125
"102",63,"M35",498.7162584,-0.030078760083035,0.210180734599886,0.0471344004580603,0.240259494682921,1
"102",64,"M55",553.7503779,0.131189774774074,0.182577718468455,0.180000876613056,0.0619534993839632,0.375
"104",1,"M214",705.1761992,-0.103438052242319,-0.105165324923663,-0.218566283324217,0.250940893248388,0.125
"104",2,"M35",612.7244604,-0.0989609285113337,0.229621378778264,-0.059972349827622,0.425843849349754,1
"104",3,"M55",603.0644985,0.103126415567425,0.192944347257351,0.171571379669636,0.089817931689926,1
"104",4,"M51",408.1893155,0.40527760373989,-0.0581827606785571,0.149661512614433,0.483224118195627,0.25
"104",5,"M35",530.5205947,-0.0908119559194567,0.20099494625079,-0.0434927106536599,0.341028995254072,1
"104",6,"M55",544.7204906,0.0880337668442909,0.187371432004296,0.165888165265664,0.0993376651600053,1
"104",7,"M214",693.3588674,-0.118121588914347,-0.16836563730299,-0.155107751448889,0.400910286799352,0.75
"104",8,"M51",375.9365163,0.387160962560743,-0.625119542098023,-0.0559804245192778,1.02563019922291,0.25
"104",9,"M55",563.9810916,0.153072368106082,0.200548013209241,0.188460862823353,0.0474756451031594,1
"104",10,"M35",560.1678107,-0.0623164136297197,0.205388209935668,-0.0372740195663989,0.366531029977956,1
"104",11,"M51",362.4970498,0.438499574206258,0.0339012868193639,0.208365207805972,0.431533119518862,0.25
"104",12,"M214",625.9053724,-0.136175233539659,-0.167121078277937,-0.241544396470956,0.22082107572766,0.125
"104",13,"M55",508.181989,0.104751080526015,0.183455722652009,0.161509284930386,0.07870482293224,0.875
"104",14,"M214",660.5671683,-0.0951622025917802,-0.133014287351385,-0.214456845122244,0.254924485593195,0.125
"104",15,"M51",371.720589,0.311198045755655,-0.525128120418799,0.0385909444201916,0.904527488160092,0.25
"104",16,"M35",542.8749578,-0.0990890721765291,0.0839572314426627,-0.0799803114194263,0.230894956147244,1
"104",17,"M55",555.1777778,0.0817353517610486,0.191304358640946,0.168151823897315,0.109569006879898,1
"104",18,"M51",454.5055568,0.421210901676306,0.0701857946994345,0.132051518781048,0.580228112697392,0.125
"104",19,"M214",646.5794095,-0.0689323898276187,-0.127984108286775,-0.242637472905708,0.396882295134845,0.125
"104",20,"M35",463.5851187,-0.0886509343737906,0.169822634658143,-0.0442639257252862,0.306367496286177,1
"104",21,"M214",554.4950869,-0.0995428417866723,-0.197774058289151,-0.224997033726903,0.648781774257306,0.5
"104",22,"M35",454.8035511,-0.130722225632596,0.103389968436023,-0.0820379713510133,0.27402452177395,1
"104",23,"M55",452.1802629,0.185096818303125,0.268735094734719,0.236126888380509,0.083638276431594,1
"104",24,"M51",413.9356274,0.409864634179734,-0.115766631930468,0.0276428683548392,0.859042888586012,0.125
"104",25,"M214",596.6202779,-0.108966343668604,-0.117724697203064,-0.338577599436468,0.487209491871441,0.125
"104",26,"M55",522.1719867,0.164646336457703,0.193305739463304,0.186865348181051,0.0340405325892101,0.5
"104",27,"M35",460.1859683,-0.0962954150281568,0.166883858908545,-0.0483853265418796,0.29122756605301,1
"104",28,"M51",391.2484253,0.376030142043709,0.142589879825006,0.194796654114485,0.388563431294556,0.125
"104",29,"M35",461.8621909,-0.0974799333422749,0.188915816957622,-0.0274274388426906,0.31501792832388,1
"104",30,"M55",518.08279,0.129885186746392,0.171614361563409,0.15155862762931,0.0417291748170175,1
"104",31,"M214",668.2476623,-0.122266849747405,-0.109655513813703,-0.117290763472223,0.282969565380084,0.625
"104",32,"M51",431.296696,0.266363111395151,-0.0437580042758854,0.112196745740788,0.421606055110952,0.25
"104",33,"M55",545.9803477,0.0832061480669304,0.23590812143151,0.191918331013089,0.15270197336458,1
"104",34,"M35",596.6863697,-0.123300132585533,0.16342567939906,-0.0725965286064671,0.353812582633703,1
"104",35,"M214",614.9625507,-0.116835254276353,-0.116871139897231,-0.294572820830923,0.491180340620665,0.125
"104",36,"M51",333.6337479,0.354067718881012,-0.474702234743984,0.131622204699873,0.864486750094853,0.25
"104",37,"M35",538.2944289,-0.0945465844150269,0.19469980020091,-0.0628260357401829,0.355152260871029,1
"104",38,"M51",328.585286,0.408147140339574,-0.574691050895417,-0.0540685704497989,0.986294043118096,0.125
"104",39,"M55",481.6312421,0.193346221076482,0.195465104413876,0.197563411155287,0.0123997294025537,0.5
"104",40,"M214",597.2154195,-0.117931760610327,-0.519506839879836,-0.40700233142029,0.460576283931606,0.125
"104",41,"M35",495.8071483,-0.121116392976073,0.107813645249464,-0.109674640351912,0.284699642575084,1
"104",42,"M55",516.4387412,0.200962675961839,0.194990764918382,0.20119172531779,0.0142175375009976,0.625
"104",43,"M214",617.1509914,-0.0723425593936703,-0.169534623138368,-0.242342346752435,0.307795576312517,0.125
"104",44,"M51",346.9949079,0.366156220344914,-0.12989685067266,0.139536978761502,0.526807536922501,0.25
"104",45,"M35",525.5696035,-0.0503401716203163,0.201017223522216,-0.0363166198244201,0.321380568465089,1
"104",46,"M51",332.591951,0.391627434217721,-0.380204426235337,0.0543693172415867,0.78386167873116,0.125
"104",47,"M214",614.9535199,-0.107556729018228,-0.143896766057482,-0.186283905381752,0.112456127948984,0.125
"104",48,"M55",452.8908799,0.185652211697004,0.200522112254705,0.199242249717495,0.0231496299870037,0.5
"104",49,"M214",638.7953271,-0.10304635784134,-0.135797716939663,-0.17281373829715,0.435402735482342,0.5
"104",50,"M55",573.9128663,0.0884527184045471,0.175540266704599,0.14028297904259,0.0870875483000517,1
"104",51,"M51",443.4111479,0.398083335506534,0.0669100674500584,0.0778526901866081,0.827807736755665,0.125
"104",52,"M35",510.2811072,-0.121407376675851,0.19098923146524,-0.0622923812505366,0.325688998284965,1
"104",53,"M214",594.9674981,-0.129929344108654,-0.478296301262829,-0.221954197628374,0.699315355096993,0.625
"104",54,"M55",446.1188023,0.191370031795837,0.231905362323343,0.223848459848163,0.0540759940715571,0.75
"104",55,"M35",512.6153265,-0.103135375342234,0.180963953733073,-0.0455339153757338,0.302462781387705,1
"104",56,"M51",407.7306311,0.407489371242412,0.0564494936264221,0.152732816227987,0.517230603302052,0.125
"104",57,"M55",598.0826009,0.146730551837799,0.194759660629448,0.173645910761388,0.0480291087916497,1
"104",58,"M214",657.6059496,-0.0965932325477348,-0.159924442477409,-0.216161135557788,0.214371998634104,0.125
"104",59,"M51",387.2583905,0.333146699065596,0.0190695975469004,0.144864488402849,0.403758841694704,0.25
"104",60,"M35",465.6379673,-0.11851373978114,0.172414860233739,-0.0805343324575736,0.334156088424976,1
"104",61,"M51",353.0029155,0.367334010074037,0.109087994287333,0.178924356108913,0.342416368704342,0.125
"104",62,"M55",629.2617107,0.156811467961242,0.18413472470744,0.171602666473998,0.0273232567461975,1
"104",63,"M214",731.3522075,-0.135907707042262,-0.16237267490485,-0.152141687835318,0.283760800465493,0.625
"104",64,"M35",613.8677249,-0.147506645844764,0.188629128927014,-0.023528605452578,0.343354662545704,1
"122",1,"M51",389.5059236,0.191177884848095,-0.0698187809833236,0.0327515275020985,0.265259899038635,0.125
"122",2,"M55",471.2200038,0.0863296911189092,0.115127422978937,0.107802719470903,0.0425038931309582,0.75
"122",3,"M35",494.3099619,-0.0780175404074721,0.073745441125817,-0.072377566186031,0.216055339495606,1
"122",4,"M214",567.700145,-0.0870201672274877,-0.125237125903467,-0.109042988922295,0.187438742647497,0.25
"122",5,"M51",405.1759106,0.127231437200923,-0.160477664124671,0.00387343201083529,0.322028965864664,0.25
"122",6,"M35",560.7561486,-0.112655483344204,0.162973046620777,-0.0583367251825921,0.300162954574247,1
"122",7,"M214",569.7280421,-0.0953841833806251,-0.267935768060261,-0.25840389754325,0.227996547425653,0.125
"122",8,"M55",566.1496599,0.100672322978099,0.10794450430079,0.11731053221232,0.0374672717787085,0.625
"122",9,"M35",519.23433,-0.135389561125401,0.0932018498972699,-0.0776300244126365,0.284622710939205,1
"122",10,"M214",660.2608423,-0.0756404404776307,-0.167457476447656,-0.179180662174393,0.188000036632487,0.125
"122",11,"M51",393.6528969,0.22141043255828,-0.201021754577572,0.0292977631262286,0.422432187135852,0.125
"122",12,"M55",631.5611108,0.070816521157099,0.0823310553504815,0.088400235664219,0.0400571442722741,0.625
"122",13,"M35",639.229483,0.0142078834848664,0.0563930887221677,-0.175516552912353,0.562486168272325,1
"122",14,"M214",619.6069539,-0.159090108673996,-0.192361767645804,-0.226906872047104,0.12921045535186,0.875
"122",15,"M51",345.1122869,0.185813779306126,-0.160102599028089,0.0427307536793215,0.345916378334216,0.125
"122",16,"M55",701.7018141,0.0753270459876592,0.0879860527216661,0.075813739257429,0.0515253974981598,0.875
"122",17,"M55",642.4758125,0.108279021722825,0.219682744720844,0.183935602142919,0.115770402177145,0.625
"122",18,"M51",499.4729454,0.157977227070966,-0.0604544133617938,0.0668663342387533,0.343103016240581,0.375
"122",19,"M35",578.6463728,-0.108255841901723,-0.606445715238959,-0.154362091228321,0.586456922650571,0.75
"122",20,"M214",734.9628467,-0.0901738519442976,-0.0790759254458229,-0.0941813158862641,0.184023052917934,0.5
"122",21,"M51",450.1229912,0.204793173228792,-0.0354064524929829,0.141618579331866,0.38637994349308,0.375
"122",22,"M214",721.7139078,-0.053428863931231,-0.0777961615388315,-0.11807541277912,0.189277348373705,0.875
"122",23,"M55",728.2490681,0.0401069104102783,0.179448158743897,0.142660083529,0.143249441941757,0.5
"122",24,"M35",563.2231219,-0.068474469530266,-0.388375567981174,-0.101162086097987,0.446149079679922,0.875
"122",25,"M214",766.4970036,-0.0726964270237411,-0.0581219389561783,-0.0724150780543254,0.111996188354716,0.875
"122",26,"M55",696.9217687,0.133584477556354,0.219583155811612,0.200765465169159,0.0992604059156085,0.5
"122",27,"M35",488.0715962,-0.106555853598433,0.10822922600144,-0.0512014830119123,0.214785079599873,1
"122",28,"M51",528.749648,0.230315983801464,-0.090678505713606,0.12234466092674,0.427591861110055,0.375
"122",29,"M55",663.9343234,0.0211473913436682,0.130476332134277,0.112333790800947,0.118642253053414,0.75
"122",30,"M51",485.7259893,0.250508061754648,-0.0815065812372806,0.127027982351605,0.419295950297454,0.375
"122",31,"M214",809.7050265,-0.119356314030898,-0.0563996375063501,-0.144036032559959,0.18602022186374,1
"122",32,"M35",507.0181406,-0.0502980937486837,0.331663845182178,0.0615331855569196,0.381961938930862,1
"122",33,"M35",580.6062368,-0.107804314841885,0.145446976866322,-0.0438592727972236,0.284661725270854,1
"122",34,"M51",406.7444619,0.25749398157671,0.0852731500860712,0.144424847580137,0.211814907952696,0.25
"122",35,"M214",687.6091685,-0.068745482948688,-0.228664563955584,-0.167645235741263,0.169413775899968,0.125
"122",36,"M55",666.4254566,0.206920145678582,0.18327576836341,0.190906540074745,0.0250914761579442,0.125
"122",37,"M51",438.4446604,0.228728923068412,-0.176051440440799,0.0292093428432486,0.407207503532589,0.125
"122",38,"M214",718.5034014,-0.113466877086236,-0.177262581979114,-0.230515256118961,0.247447384024619,0.125
"122",39,"M55",689.75274,0.198229626027674,0.173118701356121,0.178314390933978,0.0314865131211602,0.125
"122",40,"M35",616.7833207,-0.07582923663166,0.190175193486249,-0.0218764820201101,0.316858329157159,1
"122",41,"M55",680.7991369,0.0866569378442192,0.120497907644246,0.116357332447369,0.0441336507261816,0.5
"122",42,"M51",518.1171717,0.174633249571947,-0.169739536543056,0.0330846894106316,0.392878957920387,0.25
"122",43,"M35",606.8417074,-0.0806298393719329,0.185217301332679,-0.0121288167987914,0.301394775933643,1
"122",44,"M214",775.0713104,-0.0711229109167854,-0.155017141523914,-0.216043991112381,0.484502158381986,0.125
"122",45,"M55",726.8191523,0.115682539870739,0.153185286582158,0.140624994897453,0.0375027467114184,1
"122",46,"M35",758.8168039,-0.10247457672302,0.214395733991082,-0.0126384767339987,0.347485205527954,1
"122",47,"M51",639.398823,0.183198660866779,-0.11726729917349,0.0191112979998974,0.370580216720134,0.25
"122",48,"M214",847.4018379,-0.100596937870815,-0.141844143929654,-0.197328435674989,0.334926707856842,0.875
"122",49,"M35",630.4340308,-0.0712109374628195,0.22585258617907,-0.00932101088409457,0.309803043954322,1
"122",50,"M55",698.5972762,0.032739838329403,0.148071507541239,0.120772025986357,0.115331669211836,1
"122",51,"M214",908.7892101,-0.115974675970982,-0.0954544369634551,-0.137302508738068,0.169610195305508,0.875
"122",52,"M51",545.8813303,0.278330728883153,-0.127003311641123,0.124855944527534,0.484964143333031,0.25
"122",53,"M55",689.1061806,0.0560000893974739,0.132666293490477,0.113558991347871,0.0770072060876807,0.625
"122",54,"M35",635.2237204,-0.114184023265867,0.174611304720153,-0.0456509295682273,0.298840599467455,1
"122",55,"M214",923.3114913,-0.0820911991861227,-0.0807121658482508,-0.121223148735469,0.172329247498975,0.875
"122",56,"M51",528.0668934,0.291218426146195,-0.0836039716335099,0.122584247403258,0.42397367742207,0.375
"122",57,"M214",910.0092863,-0.10861313582026,-0.083556293131654,-0.154196893472994,0.177837548471196,0.875
"122",58,"M55",800.0817489,0.0325298942111276,0.215320504385752,0.164717841932669,0.182790610174625,1
"122",59,"M35",611.7695031,-0.100484087675931,0.223380932812615,-0.0511367426414826,0.362220343456505,1
"122",60,"M51",577.503282,0.262578342027411,-0.106640809426955,0.113968368980544,0.508044039023446,0.25
"122",61,"M35",685.0881519,-0.117298230164775,0.147571626941486,-0.0732771261335359,0.29296546838865,1
"122",62,"M55",733.9928193,0.163524603340071,0.22374074654161,0.206875521314593,0.0605876215421636,0.375
"122",63,"M51",594.8897433,0.287121563765824,-0.0544156376320171,0.0966974732402599,0.438165754194009,0.25
"122",64,"M214",797.5444067,-0.118632469791804,-0.0849317871539092,-0.186157121721673,0.237116718661721,1
"125",1,"M51",419.6033501,-0.386916660529817,0.0148958051946835,0.0445243435171927,0.58493241165746,0.625
"125",2,"M214",584.8578758,-0.0817590382059932,-0.217393352878953,-0.429284939504258,0.540690982958927,0.125
"125",3,"M35",515.649093,-0.114019630317745,0.0888510143017003,-0.0829078853961651,0.227935844698465,1
"125",4,"M55",598.5913557,-0.141038416241126,0.0743538862800813,0.0484609678287609,0.231572643147528,0.5
"125",5,"M214",741.0054485,-0.185519259145976,-0.240159772451088,-0.152975363713188,0.678522011455,0.5
"125",6,"M35",619.1821618,-0.0811240741817118,0.129824810676356,-0.0822562210984532,0.300230189233751,1
"125",7,"M51",618.2279026,-0.0274341021425462,-0.388311979246889,-0.0103967575027199,0.524167422256511,0.5
"125",8,"M55",665.1999588,0.0010591584214858,0.104596931508637,0.0860913038432359,0.103537773087152,1
"125",9,"M35",692.461821,-0.147641512747585,0.0309559951573798,-0.128777746351709,0.213691553641874,1
"125",10,"M51",569.7440309,0.0401854305727145,-0.169964747249952,0.0672485229832785,0.37028123548773,0.375
"125",11,"M55",685.6549509,-0.0311884434928692,0.104394574137489,0.0788304117351262,0.141782292531917,0.625
"125",12,"M214",732.6909854,-0.162956847929411,-0.311948016425589,-0.443940795088882,0.410450781444149,0.125
"125",13,"M51",527.3204756,0.0302545420062349,-0.179262622258891,0.0327870572393854,0.331585040883008,0.5
"125",14,"M214",687.5304562,0.0681996964931571,-0.146735784684507,-0.0942101361657205,0.89403163415198,0.875
"125",15,"M35",647.0390985,-0.132887199397074,0.137222605534342,-0.080304086036418,0.301019500886613,1
"125",16,"M55",685.0930221,-0.0140804043820794,0.135929946885168,0.0999161718254553,0.151015198378037,0.875
"125",17,"M51",539.187865,0.115063962662109,-0.137967855736276,0.156559072348441,0.453976400822291,0.5
"125",18,"M55",738.0147932,0.054293708578561,0.244361720893165,0.205795594271166,0.206931949053726,0.75
"125",19,"M35",779.1715797,-0.117534918020282,0.22654973092473,-0.00794224775351407,0.344084648945012,1
"125",20,"M214",909.455716,-0.144530576484788,-0.139876036007598,-0.0902593881354593,0.692103413773756,0.75
"125",21,"M35",707.7205001,-0.070863894162588,0.216928216844435,0.0158913438405753,0.287792111007023,1
"125",22,"M51",804.7559659,0.107190143273001,-0.173061412628431,0.153955223568125,0.488315897124636,0.375
"125",23,"M214",836.1688906,-0.194930952595884,-0.139431935534238,-0.354652391351752,0.460894450218331,1
"125",24,"M55",838.377425,0.0157428007652464,0.19780638108883,0.163623382583028,0.182063580323583,1
"125",25,"M214",911.13322,-0.17146263659179,-0.114913699689367,-0.177828278049814,0.301143800725282,0.875
"125",26,"M51",685.952839,0.0710524345805741,-0.102739410656936,0.155740082106364,0.425722459287497,0.5
"125",27,"M55",981.4576429,0.00173869262151917,0.168859576482545,0.136629080730427,0.167799865500224,0.875
"125",28,"M35",803.0536659,-0.125975682002124,0.265409451311778,0.0238149521710811,0.391385133313902,1
"125",29,"M214",1016.805151,-0.156849297174457,-0.0994412587627935,-0.151227163636754,0.795846362471769,0.5
"125",30,"M35",802.0683512,-0.124882560393735,0.321348773294739,0.0328297389475059,0.446231333688475,1
"125",31,"M51",615.2853652,0.0784965701817541,-0.0153435131485772,0.170404440325415,0.357378785914192,0.5
"125",32,"M55",924.6120202,0.0775051709058982,0.204717616457465,0.17837714558294,0.127212445551567,1
"125",33,"M214",694.1581633,-0.135494071973371,-0.187720758547324,-0.151724848095559,1.36588581941069,0.25
"125",34,"M51",541.5239126,0.282622102780381,-0.0791074108147825,0.15618055372463,0.361729513595163,0.125
"125",35,"M55",836.6979808,0.0157009125032928,0.15528306181833,0.129931115542686,0.145494464296929,0.625
"125",36,"M35",770.8011235,-0.157773592278776,0.131474039408964,-0.0792541861252236,0.28924763168774,1
"125",37,"M51",671.5696279,0.046396056421353,-0.124759797065514,0.103157898957105,0.374948946686256,0.5
"125",38,"M35",818.2922336,-0.160508377797235,0.133380271544152,-0.08853939859461,0.293888649341388,1
"125",39,"M55",818.486118,0.0411213713419032,0.160837611303401,0.141582291699944,0.122681716377778,0.875
"125",40,"M214",1013.983371,-0.220224265084958,-0.206678689860282,-0.407436561680349,0.449167062179363,1
"125",41,"M55",986.3317136,0.0454684955999106,0.152566454592967,0.140649478260103,0.125048848239952,0.375
"125",42,"M51",672.7721698,0.0669005721433101,-0.56319060712852,0.0212763018740272,0.815574674911342,0.5
"125",43,"M35",743.5890653,-0.200902504643817,0.150249741501228,-0.115111129047333,0.354266912720272,1
"125",44,"M214",921.8790627,-0.167792952483858,-0.115389381038832,-0.0389857487945998,0.893738902525497,0.625
"125",45,"M35",803.5686028,-0.145284897189682,0.089491476853868,-0.0884143129559336,0.23477637404355,1
"125",46,"M55",917.9000206,0.0270519648928065,0.14220561800297,0.115472903637253,0.115153653110163,1
"125",47,"M51",679.3056716,0.0772191312692053,-0.124369256243255,0.108357240755414,0.370355249825512,0.375
"125",48,"M214",938.8462885,-0.138955020685082,-0.545830335367645,-0.43434353421409,0.437003457996848,0.125
"125",49,"M35",702.1840514,-0.0642807465196288,0.173691144379327,0.00539640231459865,0.240286603444778,1
"125",50,"M55",812.876112,0.0600766445426493,0.169613571207254,0.150128794542089,0.113111420694264,0.75
"125",51,"M51",759.7206031,0.0793065299513151,-0.139678956204252,0.112038143589802,0.399995870457006,0.5
"125",52,"M214",1067.281341,-0.182544051345813,-0.06188493119621,-0.177865771817177,0.706047851837177,0.875
"125",53,"M55",765.6908001,0.104586787342394,0.270581285368638,0.214057686796148,0.165994498026244,1
"125",54,"M35",838.3518862,-0.0913009779664579,0.322532101213795,0.0306089350131072,0.413833079180252,1
"125",55,"M51",807.3730445,0.0985251029680058,-0.0232415728092575,0.161945634103368,0.32737552669406,0.375
"125",56,"M214",972.8020732,-0.150290598673291,-0.108469354090855,-0.0695202408872667,0.780434634608191,0.5
"125",57,"M51",806.113681,0.0915951217698528,0.00413186724247658,0.139042496651431,0.333266557074674,0.375
"125",58,"M35",815.9343276,-0.0665869337088006,0.231298682765682,0.0287297245675934,0.297885616474483,1
"125",59,"M55",1024.864485,0.127658485644326,0.23581351526916,0.209091387344134,0.108155029624834,1
"125",60,"M214",1050.03161,-0.0796844122019783,-0.0537554201673268,-0.136509077306904,0.21019633310153,0.625
"125",61,"M35",806.0837809,-0.0810152803812353,0.368774596558431,0.0809994589696734,0.449789876939666,1
"125",62,"M55",976.7346939,0.135892224929126,0.246821215339782,0.227103560510902,0.110928990410656,1
"125",63,"M214",1125.755308,-0.561001234181038,-0.0945977747498875,-0.261013308004251,0.701737694960367,0.625
"125",64,"M51",736.9014407,0.14057312809885,-0.0034632453649242,0.20845267300659,0.411988982228923,0.5
