"language","tone","informant","token","syllable","duration","onset","offset","f0mean","excursion","maxloc"
"Thai","21","F1","1","ma",712.3125,-0.00892558627766135,-0.189162654282544,-0.107186363476008,0.188696351511795,0.125
"Thai","21","F1","2","ma",634.166666666667,0.0572488577149072,-0.136620265962896,-0.0778923953875531,0.206667373948419,0.125
"Thai","21","F1","3","ma",572.979166666666,0.0372851512201836,-0.150193930494942,-0.105332942111027,0.210537637291444,0.125
"Thai","21","F1","4","ma",570.4375,0.109790742796472,-0.0587340168783287,-0.00308298184612609,0.173937860650238,0.125
"Thai","21","F1","5","ma",552.583333333334,0.0168358750153246,-0.18479133685412,-0.113694932290211,0.220455194905959,0.125
"Thai","241","F1","1","ma",617.166666666666,0.108598113916755,0.158530000157134,0.156126338224555,0.0672163979704861,0.5
"Thai","241","F1","2","ma",501.604166666667,0.0816139859693009,-0.126319794009825,0.0716785530548323,0.275518642715723,0.625
"Thai","241","F1","3","ma",518.604166666666,0.16292848919688,-0.0196658138699803,0.135997520850395,0.218659035974141,0.5
"Thai","241","F1","4","ma",493.958333333333,0.186434793823457,0.00677705444907773,0.153330598010862,0.209746694814276,0.625
"Thai","241","F1","5","ma",559.395833333333,0.0992866186622159,-0.00769762284947351,0.117716853978251,0.168232191406619,0.75
"Thai","315","F1","1","ma",637.5625,-0.0394745802206787,-0.0854372718200268,-0.115597182596016,0.135851577107272,0.125
"Thai","315","F1","2","ma",567.895833333335,0.00898689674879953,-0.0719857121187656,-0.0790554673188036,0.127658753249878,0.125
"Thai","315","F1","3","ma",598.708333333335,-0.0151130466046977,-0.106921025334462,-0.111906596588103,0.152095870922646,0.125
"Thai","315","F1","4","ma",583.187500000001,-0.00614003328883029,-0.101097481911902,-0.0939764507408954,0.121574933470775,0.125
"Thai","315","F1","5","ma",627.354166666667,0.0711810436751153,-0.490500072440964,-0.214698535576875,0.588921328776927,0.125
"Thai","33","F1","1","ma",749.729166666668,0.0199352098091305,-0.169610191525546,-0.0226575275331939,0.201107765533874,0.25
"Thai","33","F1","2","ma",736.104166666667,0.00564829744552909,-0.145303136260347,-0.0228385280266086,0.150951433705876,0.125
"Thai","33","F1","3","ma",674.937499999999,0.104574998313484,-0.135199298601126,-0.0188882968690985,0.23977429691461,0.125
"Thai","33","F1","4","ma",601.020833333333,-0.013416523269767,-0.116635964880927,-0.071569313123903,0.10321944161116,0.125
"Thai","33","F1","5","ma",637.562500000001,-0.482974694388236,-0.510416664544497,-0.516347239484389,0.0547542361220709,0.125
"Thai","45","F1","1","ma",671.54166666667,0.042202419986631,-0.0229848978681296,-0.0153931144547307,0.0704851484386588,0.125
"Thai","45","F1","2","ma",646.895833333332,-0.00301541514516964,0.139928477556605,0.028046372731439,0.173098021142628,1
"Thai","45","F1","3","ma",678.333333333335,0.0374673368271125,0.176660334432831,0.0668365256948647,0.177420659937102,1
"Thai","45","F1","4","ma",621.416666666669,0.0584855180066726,0.166930483172694,0.0781099663012441,0.158187057213771,0.875
"Thai","45","F1","5","ma",644.354166666666,-0.00419861529571035,0.123784144358555,-0.0235158946734982,0.215537712589405,1
"Thai","21","F1","1","mi",719.124999999998,0.0367305118717984,-0.0826357032015755,-0.0494813100246859,0.171381840681072,0.25
"Thai","21","F1","2","mi",560.250000000003,0.0854560694790591,-0.128249545785066,-0.0520639785277182,0.22424228295764,0.125
"Thai","21","F1","3","mi",719.124999999998,0.036730511871453,-0.0757946946063026,-0.0479737597860661,0.170181924272955,0.25
"Thai","21","F1","4","mi",603.562500000003,0.0753770540604523,-0.0993636279820421,-0.0334945700939144,0.195193916156451,0.125
"Thai","21","F1","5","mi",545.791666666666,0.0602605048151032,-0.135362602158261,-0.0433997750511915,0.196277167308025,0.125
"Thai","241","F1","1","mi",620.562499999998,0.127549898238741,-0.126452357723296,0.13342077231608,0.348611154236529,0.5
"Thai","241","F1","2","mi",524.562500000002,0.0794198734695125,-0.12970236066961,0.102340229075957,0.331896407235703,0.5
"Thai","241","F1","3","mi",589.979166666666,0.0832597408928573,-0.0043880469401158,0.128810194588891,0.223234332780324,0.5
"Thai","241","F1","4","mi",491.395833333335,0.171034819551262,-0.012195744150287,0.142964201196717,0.232723062255959,0.625
"Thai","241","F1","5","mi",511.791666666667,0.124923670292907,-0.146004567347447,0.104707898211515,0.33840579439537,0.5
"Thai","315","F1","1","mi",569.562500000004,0.181042732685462,-0.0461815542251871,-0.0400325184770241,0.279759925138639,0.125
"Thai","315","F1","2","mi",611.229166666668,0.10666490807558,0.19293952102478,0.0195334308842783,0.274869622001213,1
"Thai","315","F1","3","mi",532.208333333337,0.166504792125885,0.0726779736971438,-0.00867580841717327,0.261396606331342,0.125
"Thai","315","F1","4","mi",544.937500000003,0.061067292477912,0.103438013893337,-0.0174276344156297,0.190569466347837,1
"Thai","315","F1","5","mi",525.395833333334,0.0545037315125513,0.155873549455178,-0.0145441474389403,0.256679272940195,1
"Thai","33","F1","1","mi",732.729166666672,0.0209388529146345,-0.0254820694263768,0.0126103275675825,0.0664248293846316,0.25
"Thai","33","F1","2","mi",692.770833333327,0.0428447958179122,-0.114576497517564,0.0342851996955607,0.189427877633393,0.25
"Thai","33","F1","3","mi",640.95833333333,0.0236425684824228,-0.0798476082327329,0.000614413116975786,0.106674618288582,0.25
"Thai","33","F1","4","mi",583.166666666671,0.0709120098462874,0.0381849018749388,0.0609122732523835,0.0568866751020748,0.25
"Thai","33","F1","5","mi",576.374999999999,0.0141804397178867,-0.0591193473887801,-0.021541165890224,0.0765494363030479,0.125
"Thai","45","F1","1","mi",722.520833333334,0.0621100449177165,0.268910006027572,0.124585053575905,0.206799961109855,1
"Thai","45","F1","2","mi",634.166666666673,0.0603728594382745,0.234966372254354,0.0757393461845192,0.222070101512611,1
"Thai","45","F1","3","mi",600.166666666667,0.00427533726200253,0.198163728477291,0.0710707707940741,0.193888391215289,1
"Thai","45","F1","4","mi",575.520833333329,0.123429954730273,0.243756342391901,0.128704045363797,0.192280846541842,0.875
"Thai","45","F1","5","mi",627.354166666663,0.0661476919155073,0.183374912216666,0.0941275455489311,0.224632536813373,0.875
"Thai","21","F2","1","ma",670.187499999997,0.02445427827039,-0.0877393933669753,-0.0625033466803845,0.243678115875997,0.125
"Thai","21","F2","2","ma",578.083333333339,0.0161503797434672,-0.211895583622815,-0.0846619176174296,0.228045963366282,0.125
"Thai","21","F2","3","ma",589.624999999998,-0.0442415302569674,-0.194507516067484,-0.109147003136202,0.150265985810516,0.125
"Thai","21","F2","4","ma",556.458333333339,0.0198495230085863,-0.127096267635235,-0.0614122380330776,0.184116356820727,0.25
"Thai","21","F2","5","ma",622.812499999995,-0.0385821435194184,-0.149421878876508,-0.0966635797680053,0.140199635464949,0.25
"Thai","241","F2","1","ma",511.77083333333,0.0446434905656482,-0.117055955947609,0.0416873294955187,0.237220582222523,0.5
"Thai","241","F2","2","ma",543.02083333333,0.0208877183582287,-0.0926084957706352,0.0565184898717784,0.219960460480627,0.5
"Thai","241","F2","3","ma",584.895833333334,0.000646308945244058,-0.167811693680722,0.0228164594183746,0.293214275911907,0.625
"Thai","241","F2","4","ma",501.958333333334,0.0483829240539079,-0.144169476487665,0.0510970073267677,0.278860206033936,0.5
"Thai","241","F2","5","ma",544.604166666673,-0.00417710665599651,-0.162455710010015,-0.0354617692747127,0.16667989073838,0.5
"Thai","315","F2","1","ma",758.416666666662,0.00793342557743515,0.161777604069364,-0.040984113351177,0.296093617948295,1
"Thai","315","F2","2","ma",808.499999999995,-0.0393160166784216,0.299102573859681,-0.0214260148826547,0.413996264768409,1
"Thai","315","F2","3","ma",672.562499999998,-0.00842595293896746,0.0845597441775909,-0.0450450392105055,0.182154478638167,1
"Thai","315","F2","4","ma",722.312500000001,-0.0350448063531665,0.123094562718169,-0.0335945674248296,0.207069667556966,1
"Thai","315","F2","5","ma",641.770833333339,0.0373269603067456,0.085837349635557,-0.0386898357688456,0.205167520304533,1
"Thai","33","F2","1","ma",607.854166666669,0.0115653493100572,-0.152823827466923,-0.0393806269824621,0.16438917677698,0.125
"Thai","33","F2","2","ma",682.437500000006,-0.0529154042010454,-0.148445836607225,-0.0236952991303721,0.166240924526098,0.375
"Thai","33","F2","3","ma",658.354166666669,0.0358764542896577,-0.112398824425985,-0.0032512840803694,0.148275278715642,0.125
"Thai","33","F2","4","ma",622.812499999995,0.0163453135726312,-0.145566898731454,-0.0102701423557276,0.190729992404438,0.25
"Thai","33","F2","5","ma",665.458333333333,0.0164738997332771,-0.0708797681586887,0.00884706633968178,0.104691719166108,0.5
"Thai","45","F2","1","ma",606.229166666665,0.0252353117963443,0.157235892678302,0.0430674732272042,0.171424577961615,1
"Thai","45","F2","2","ma",710.833333333326,-0.00720005074797679,0.118171474850517,0.0296045083779879,0.125371525598493,1
"Thai","45","F2","3","ma",651.250000000005,-0.026163149098193,0.0959412280359479,-0.000489776924859861,0.132419127535523,1
"Thai","45","F2","4","ma",627.541666666673,-0.030641294170385,0.0462004900435155,-0.0172415818559111,0.098239791358815,1
"Thai","45","F2","5","ma",582.520833333334,-0.0430612000649098,0.0116089919809559,-0.0396492827011574,0.0833991528004954,1
"Thai","21","F2","1","mi",726.770833333333,0.0184799082220877,-0.0989387744467936,-0.0472848582749819,0.158225779361107,0.25
"Thai","21","F2","2","mi",718.354166666671,-0.0253942865719674,-0.184529452524294,-0.0787360141739433,0.201873751890694,0.375
"Thai","21","F2","3","mi",682.041666666663,-0.0309526683027955,-0.18839610548176,-0.124105142753302,0.219299936531497,0.125
"Thai","21","F2","4","mi",615.687500000007,-0.0041781941087823,-0.105888159143961,-0.0620831516291327,0.143357131194496,0.25
"Thai","21","F2","5","mi",653.625000000005,-0.00803140315108279,-0.154126018914903,-0.0925299097087544,0.156409114177736,0.125
"Thai","241","F2","1","mi",572.270833333334,0.0892330876689645,-0.18791156488981,0.0876452083423942,0.427515154304173,0.5
"Thai","241","F2","2","mi",625.66666666666,0.0758371199216785,-0.155262706449342,0.111910350566463,0.365197836862058,0.625
"Thai","241","F2","3","mi",575.416666666655,0.0603353485278405,-0.166136612402521,0.0721571804690535,0.323903332775943,0.5
"Thai","241","F2","4","mi",596.749999999986,0.0542950726227003,-0.127947830324622,0.0791936270108279,0.278411001872804,0.5
"Thai","241","F2","5","mi",563.562499999989,0.0420866587486524,-0.197157714353728,0.0274355305097029,0.304170028145567,0.5
"Thai","315","F2","1","mi",758.416666666676,0.0286575214345276,0.220958262353249,0.0276413303697392,0.275290864143734,1
"Thai","315","F2","2","mi",688.291666666657,0.0134233754327714,0.261566343008757,0.0145957110890495,0.348781485116314,1
"Thai","315","F2","3","mi",613.312500000006,0.00613005444032854,0.147793435798083,-0.0315994204518343,0.256415852065365,1
"Thai","315","F2","4","mi",620.437500000008,-0.00245931776728817,0.161920952930125,-0.0406855035536194,0.291177999082028,1
"Thai","315","F2","5","mi",646.500000000003,-0.0424929765743145,0.313876833230597,-0.00660335334962595,0.423894038306537,1
"Thai","33","F2","1","mi",681.166666666655,0.025512466335708,-0.0921425053675874,0.0100064657131192,0.149878399248356,0.375
"Thai","33","F2","2","mi",750.916666666654,0.000109327583153459,-0.103825913598263,0.0324749252842182,0.176694498588234,0.375
"Thai","33","F2","3","mi",629.916666666674,0.0382490456277311,-0.123927780265512,0.0237224764178485,0.188906905781344,0.375
"Thai","33","F2","4","mi",712.833333333322,0.0305789972668053,-0.148057465923708,0.00904032657836958,0.228007061093082,0.375
"Thai","33","F2","5","mi",665.458333333333,-0.000128844683109428,-0.149218718250438,-0.00738799569062367,0.184510427566985,0.375
"Thai","45","F2","1","mi",690.916666666681,0.0451537882669398,0.326870465093775,0.130975157360036,0.281716676826835,1
"Thai","45","F2","2","mi",645.708333333346,0.0607169212780111,0.304679707136915,0.144813290587288,0.243962785858904,1
"Thai","45","F2","3","mi",686.770833333327,0.0136729705051258,0.258610346417466,0.108216312353624,0.244937375912341,1
"Thai","45","F2","4","mi",677.291666666662,0.0458393150082808,0.188463809423234,0.0406898129103697,0.208002845100465,1
"Thai","45","F2","5","mi",501.958333333334,0.0369884826999201,0.166526493674229,0.0804267291450852,0.19541781315586,0.875
"Thai","21","F3","1","ma",793.499999999995,-0.0431880856114828,-0.211831101217197,-0.130499506950037,0.175112553276131,0.25
"Thai","21","F3","2","ma",772.333333333336,-0.00745572662201221,-0.185567318106217,-0.108123581121384,0.178111591484205,0.125
"Thai","21","F3","3","ma",803.333333333342,-0.0624055111617707,-0.205559491586631,-0.14364211264402,0.14315398042486,0.125
"Thai","21","F3","4","ma",750.645833333323,-0.0573840568850603,-0.174582443580549,-0.0979831090075035,0.14564575321373,0.25
"Thai","241","F3","1","ma",835.499999999996,0.0554310224346744,-0.160487164282171,0.0695003647870834,0.285471199580627,0.375
"Thai","241","F3","2","ma",867.95833333332,0.0635583883753825,-0.147290440989046,0.0840399085269922,0.292336877147406,0.625
"Thai","241","F3","3","ma",775.291666666675,0.0418162761290591,-0.0538547428040662,0.113015418702527,0.218491846409763,0.5
"Thai","241","F3","4","ma",839.541666666662,0.125669982616325,-0.0591372451465649,0.134168853569976,0.247148895108711,0.375
"Thai","315","F3","1","ma",821.854166666668,-0.0808642857108389,0.0411673337014986,-0.11609584697183,0.219604972198245,1
"Thai","315","F3","2","ma",896.833333333319,-0.0812386641642415,0.048358641050972,-0.120570108011297,0.234333563977106,1
"Thai","315","F3","3","ma",808.750000000003,-0.0419552817464308,0.108154879535845,-0.10979736483757,0.316923120108138,1
"Thai","315","F3","4","ma",801.666666666677,-0.0819308372563729,0.049021768413278,-0.122278138200231,0.245728973924031,1
"Thai","33","F3","1","ma",878.062499999999,-0.0156999426607442,-0.0983111530344483,0.00915744493108462,0.137787473498365,0.625
"Thai","33","F3","2","ma",824.666666666673,0.00493463224046746,-0.0808880545663107,0.0106754073814249,0.122792594811279,0.75
"Thai","33","F3","3","ma",832.666666666654,-0.00548416935338983,-0.121351397650512,-0.00843742988033043,0.145783254501558,0.375
"Thai","33","F3","4","ma",842.958333333343,0.0142896843192545,-0.0465024510314299,0.0234886966238655,0.0970749468709782,0.25
"Thai","45","F3","1","ma",767.395833333325,0.0358868680698043,0.255116790531513,0.100966005903696,0.219229922461709,1
"Thai","45","F3","2","ma",804.812499999997,0.0144863106046306,0.182070766944013,0.0584480817427725,0.169200608053168,1
"Thai","45","F3","3","ma",722.666666666669,0.0133801294729644,0.17802383622201,0.0323770438603008,0.18933335044118,1
"Thai","45","F3","4","ma",771.145833333321,0.0279426511799714,0.208513935174921,0.0867817033173562,0.18057128399495,1
"Thai","21","F3","1","mi",759.562499999987,-0.0161370013843007,-0.219824736540207,-0.111381411031215,0.222696350212974,0.25
"Thai","21","F3","2","mi",858.937499999996,-0.0500066188473158,-0.197865765948232,-0.117174005297078,0.167895766971855,0.25
"Thai","21","F3","3","mi",754.229166666676,-0.00252221256801471,-0.184512144800396,-0.0829093598725853,0.207687382614264,0.25
"Thai","21","F3","4","mi",719.875000000002,-0.00545010386615424,-0.151431245802913,-0.0630596742370526,0.162138234513196,0.25
"Thai","241","F3","1","mi",850.979166666662,0.0659012052411101,-0.21978009955327,0.0810182230917253,0.39893526547955,0.375
"Thai","241","F3","2","mi",857.124999999996,0.101268863588567,-0.131089074095165,0.140727644076691,0.342550504572979,0.75
"Thai","241","F3","3","mi",827.875000000006,0.0894663236186446,-0.0804145217172371,0.122789816783417,0.259065181177724,0.75
"Thai","241","F3","4","mi",846.374999999995,0.147113677963053,-0.00251555294045106,0.220133810175706,0.286342904913097,0.375
"Thai","315","F3","1","mi",798.729166666675,-0.0338771377655432,0.0353640665178057,-0.107825885548178,0.228455916947266,1
"Thai","315","F3","2","mi",747.083333333336,-0.0585234310265087,0.0344678678613413,-0.104412337569511,0.209565383808855,1
"Thai","315","F3","3","mi",812.187499999993,-0.0411622974023825,0.0978438512061532,-0.104461334942018,0.290107714201078,1
"Thai","315","F3","4","mi",747.791666666672,-0.0250385273586414,-0.00948515358725762,-0.117944783268615,0.183614572247844,1
"Thai","33","F3","1","mi",829.000000000008,0.0136182659158864,-0.137044801764155,0.0178148281118884,0.199389527070623,0.5
"Thai","33","F3","2","mi",848.104166666673,-0.0346530586577029,-0.232627936895301,-0.0336316344416317,0.244185600126625,0.375
"Thai","33","F3","3","mi",781.354166666659,-0.0505765100420829,-0.182463490505543,-0.0310859427922693,0.192531808380525,0.375
"Thai","33","F3","4","mi",781.416666666672,0.0291047205940617,-0.165337292250201,0.0134209654613843,0.228489159541693,0.25
"Thai","45","F3","1","mi",754.333333333335,0.0788886496493485,0.334459415642649,0.173579717354753,0.2555707659933,1
"Thai","45","F3","2","mi",743.479166666674,0.0451895970511203,0.237182324421853,0.0994870547157343,0.191992727370733,1
"Thai","45","F3","3","mi",825.250000000011,0.0256779484971619,0.324506589681238,0.120487889784725,0.298828641184076,1
"Thai","45","F3","4","mi",736.979166666657,0.0234542983102462,0.306257134141012,0.119234687721256,0.282802835830766,1
"Thai","21","F4","1","ma",735.958333333343,-0.0429551193119862,-0.217611256504532,-0.111975310200371,0.199566156098827,0.25
"Thai","21","F4","2","ma",751.104166666664,-0.0490220430717161,-0.287786021106274,-0.144498635417114,0.251020134076205,0.25
"Thai","21","F4","3","ma",758.270833333341,-0.0492164736538539,-0.228715156032814,-0.124525290878865,0.204309461766773,0.25
"Thai","21","F4","4","ma",683.291666666662,-0.0646254720472716,-0.222001408521997,-0.121200577453797,0.192031442043572,0.25
"Thai","21","F4","5","ma",673.708333333337,-0.0589445926223242,-0.25939176190678,-0.14261928983202,0.237324376153034,0.25
"Thai","21","F4","6","ma",704.020833333345,-0.0445918257576625,-0.233006152906254,-0.119648162827412,0.222714506644731,0.25
"Thai","241","F4","1","ma",678.520833333323,0.0259978328183971,-0.120640580873341,0.0724315774235193,0.271714493004511,0.5
"Thai","241","F4","2","ma",624.249999999989,0.0445331588547206,-0.150525938779128,0.0908966527844371,0.331083490448143,0.625
"Thai","241","F4","3","ma",607.520833333325,0.10186427721028,-0.137641851944496,0.111570715093328,0.331746992594376,0.5
"Thai","241","F4","4","ma",621.062499999994,0.106984521570625,-0.350105936227644,0.0834261123792264,0.553562768765125,0.5
"Thai","241","F4","5","ma",637.020833333338,0.0337138524581841,-0.062646183875373,0.132324711579106,0.27917791703979,0.625
"Thai","241","F4","6","ma",672.124999999994,0.0475214006125238,-0.114643692719127,0.0996684297157952,0.294368305250435,0.5
"Thai","315","F4","1","ma",834.875000000011,-0.0820058920339974,-0.166355209783165,-0.171110103595733,0.132152485397822,0.125
"Thai","315","F4","2","ma",763.06249999999,-0.0292022173025246,-0.0639078705077498,-0.0971668079456037,0.122173688702128,0.125
"Thai","315","F4","3","ma",736.729166666692,-0.093268046941186,-0.0616408542870828,-0.130683322343131,0.118336239557788,1
"Thai","315","F4","4","ma",750.291666666669,-0.0741147966458764,-0.0557528494569376,-0.123919044915213,0.127280483205875,1
"Thai","315","F4","5","ma",707.208333333313,-0.0611377721171538,-0.0877577725869109,-0.125312864960219,0.113607979275511,0.125
"Thai","315","F4","6","ma",731.97916666669,-0.0459098159193085,-0.0205594427555043,-0.0903533231003396,0.139848945496516,0.25
"Thai","33","F4","1","ma",716.791666666666,-0.0253193014239119,-0.102836763419324,-0.0483326212727136,0.0802758251264857,0.25
"Thai","33","F4","2","ma",822.104166666691,-0.0877320216170539,-0.1431485134968,-0.0783472636108306,0.0947503648030894,0.75
"Thai","33","F4","3","ma",755.875000000003,-0.0342187395394432,-0.101095643372983,-0.0312788791664117,0.0966896111649708,0.25
"Thai","33","F4","4","ma",713.604166666642,0.0276155793943104,-0.0699036593791473,-0.00563251232275576,0.0975192387734577,0.125
"Thai","33","F4","5","ma",692.875000000015,-0.0211389219323658,-0.0624589740182233,0.00297739830917976,0.0970806740969046,0.75
"Thai","33","F4","6","ma",735.958333333315,-0.0398388735560522,-0.153107403614005,-0.0499523547177964,0.136948859518035,0.25
"Thai","45","F4","1","ma",723.187499999995,-0.0534187344213101,0.0627037142586287,-0.0251944964787269,0.125889734679259,1
"Thai","45","F4","2","ma",698.458333333349,-0.0600598938550405,0.104439826143834,-0.0201808734494264,0.164499719998874,1
"Thai","45","F4","3","ma",727.166666666676,-0.005457855370915,0.152016769015067,0.0267974862335454,0.173735866327239,1
"Thai","45","F4","4","ma",723.166666666657,-0.0116856353493014,0.169125404313003,0.0432316178035469,0.180811039662304,1
"Thai","45","F4","5","ma",678.499999999985,0.0342711461003597,0.141329748857029,0.0240444974650489,0.171642388767374,1
"Thai","45","F4","6","ma",790.208333333339,0.0207023461405153,0.188641509876267,0.0525047789065614,0.184516979347459,1
"Thai","21","F4","1","mi",745.52083333333,-0.0493934919816774,-0.202111834327178,-0.104613194664756,0.170218698184539,0.25
"Thai","21","F4","2","mi",686.479166666686,-0.0939304222099069,-0.175674580146274,-0.0643225523909982,0.214756804030603,0.375
"Thai","21","F4","3","mi",724.770833333309,-0.0160854958313305,-0.179631704547904,-0.0888615718296709,0.181369473057679,0.25
"Thai","21","F4","4","mi",772.645833333343,-0.034035397579324,-0.207255822569237,-0.0990660579738744,0.213164629366123,0.25
"Thai","21","F4","5","mi",627.458333333323,0.0137403292556245,-0.187566056552323,-0.0560447757421487,0.233255695601457,0.25
"Thai","21","F4","6","mi",732.75000000001,-0.0350052522002703,-0.179398169895666,-0.0531468083154766,0.222571683385585,0.375
"Thai","241","F4","1","mi",605.104166666649,0.0737995817710086,-0.17975135383616,0.134630889063962,0.449540728508228,0.5
"Thai","241","F4","2","mi",581.187499999999,0.0999729294819916,-0.109223118319973,0.194503722035524,0.443276044788973,0.625
"Thai","241","F4","3","mi",708.020833333308,0.145489372561746,-0.390554161731136,0.129669427712279,0.717495790635481,0.375
"Thai","241","F4","4","mi",608.312500000011,0.164121711815377,-0.180153485386305,0.189167690280603,0.4893119896365,0.5
"Thai","241","F4","5","mi",665.750000000003,0.134380890901323,-0.174824657783797,0.227143132384058,0.582932941601347,0.5
"Thai","241","F4","6","mi",668.937500000027,0.0934387655806513,-0.142404548200025,0.174952609269812,0.438348362522046,0.5
"Thai","315","F4","1","mi",713.604166666642,-0.0846578734950922,0.0351561898655965,-0.0826976291788254,0.164616703278633,1
"Thai","315","F4","2","mi",727.166666666676,-0.0770078841153193,0.0912409953263751,-0.0568142609248128,0.216391305956166,1
"Thai","315","F4","3","mi",664.958333333345,-0.0391300449939415,0.0574378587784454,-0.0484299834731654,0.158014676542948,1
"Thai","315","F4","4","mi",625.85416666667,-0.0524842068977352,0.051439067997407,-0.057699029135096,0.17802193631348,1
"Thai","315","F4","5","mi",737.520833333349,0.0156898258568825,0.1313969178813,-0.000787812098782936,0.211639020399501,1
"Thai","315","F4","6","mi",652.895833333332,0.000266126045277084,0.227443243888304,0.0110668259799934,0.287352346691784,1
"Thai","33","F4","1","mi",681.708333333347,0.0100630481797152,-0.137927574519913,-0.0342013677782573,0.162858442426377,0.25
"Thai","33","F4","2","mi",820.499999999981,-0.00472706683612631,-0.101560248165279,-0.00810340572311686,0.126827844696999,0.25
"Thai","33","F4","3","mi",724.770833333309,0.0246518245365218,-0.124878717415328,0.0150609208865264,0.187465086847433,0.25
"Thai","33","F4","4","mi",727.958333333333,0.0301238380811296,-0.211802267797918,0.0444853287088328,0.31938278839894,0.375
"Thai","33","F4","5","mi",640.208333333305,0.0862808069617601,-0.0651643375577925,0.0827731283533334,0.183860915761307,0.25
"Thai","33","F4","6","mi",710.416666666674,0.0391173089992532,-0.0886001543314726,0.0612686613902465,0.194252231206477,0.375
"Thai","45","F4","1","mi",659.354166666674,0.0195012771896606,0.197882118084891,0.0866991636569773,0.17838084089523,1
"Thai","45","F4","2","mi",602.729166666677,-0.0453160355688094,0.210053514489715,0.058820971585394,0.255369550058524,1
"Thai","45","F4","3","mi",652.958333333345,-0.0229497506376494,0.247164877430211,0.0670837736278178,0.27011462806786,1
"Thai","45","F4","4","mi",668.937500000027,0.00579951815033787,0.243923290842143,0.0893012228735007,0.238123772691805,1
"Thai","45","F4","5","mi",724.791666666647,0.0607420199685912,0.225932944426437,0.111353418218061,0.165190924457845,1
"Thai","45","F4","6","mi",684.520833333352,0.027061695917388,0.198614491594695,0.0988653199972403,0.171552795677307,1
"Thai","21","M1","1","ma",836.979166666652,-0.00174974996138508,-0.197409858894361,-0.0996718384257631,0.195660108932975,0.125
"Thai","21","M1","2","ma",617.583333333357,0.0679864043519878,-0.177685876510494,-0.0607742198774198,0.245672280862482,0.125
"Thai","21","M1","3","ma",716.124999999977,0.0269659407658474,-0.192016276509029,-0.0754241701165525,0.219537357709192,0.25
"Thai","21","M1","4","ma",667.854166666643,-0.0083521473727362,-0.201381904072891,-0.103094405000151,0.193029756700155,0.125
"Thai","241","M1","1","ma",619.437500000004,-0.00681210672220715,-0.233064747073104,-0.0134562585832651,0.300639420631875,0.625
"Thai","241","M1","2","ma",635.437500000023,0.102271813467743,-0.135491922307855,0.0860395967764653,0.283639317929351,0.5
"Thai","241","M1","3","ma",557.08333333331,0.085822597380799,-0.175171051173962,0.0871985519042053,0.340957753650016,0.625
"Thai","241","M1","4","ma",652.125000000012,0.017215731382837,-0.213667647443863,0.0375904982509992,0.333369240878424,0.5
"Thai","315","M1","1","ma",721.812499999999,0.00706904102614593,-0.0193618608689673,-0.0979671572857724,0.202467377733468,0.125
"Thai","315","M1","2","ma",664.687500000014,0.0100706412827307,0.108605969389781,-0.0558867740388682,0.257324115235338,1
"Thai","315","M1","3","ma",553.83333333333,-0.00425707841615483,0.0508115176835453,-0.0966564815608247,0.251409987286358,1
"Thai","315","M1","4","ma",630.145833333358,-0.0194919848230425,0.106184971862742,-0.0702273568110906,0.276919960604082,1
"Thai","33","M1","1","ma",872.166666666658,-0.0603067309236799,-0.233617771061711,-0.11298452311438,0.173311040138031,0.125
"Thai","33","M1","2","ma",837.437500000021,0.0304564622527379,-0.100666866416547,-0.0064116630025546,0.131123328669285,0.125
"Thai","33","M1","3","ma",774.625000000015,-0.0702445004528395,-0.111963325668422,-0.0670728977699865,0.0688285846653477,0.25
"Thai","33","M1","4","ma",843.708333333325,-0.0566627493105585,-0.148854036699014,-0.0797674233916489,0.0921912873884551,0.125
"Thai","45","M1","1","ma",753.791666666643,-0.0761711390907167,0.01633924695639,-0.0522869573186046,0.152179774065863,0.875
"Thai","45","M1","2","ma",614.458333333346,0.0274414457105204,0.15380894700338,0.0992221276577425,0.210663784004981,0.875
"Thai","45","M1","3","ma",547.354166666651,-0.0148854660852538,0.120331958121996,0.0311662297442636,0.149793915854741,0.875
"Thai","45","M1","4","ma",564.20833333334,-0.0267386614034059,0.0734887417041537,0.0232599063284408,0.186603876836752,0.875
"Thai","21","M1","1","mi",795.395833333316,-0.086620488742506,-0.298099728110075,-0.208988863206413,0.211479239367569,0.125
"Thai","21","M1","2","mi",714.958333333357,0.0644905644267317,-0.135564683868356,-0.0388904201792395,0.200055248295087,0.125
"Thai","21","M1","3","mi",618.770833333315,0.060236514753066,-0.136971617803801,-0.0168932568414589,0.212561891094053,0.25
"Thai","21","M1","4","mi",598.749999999995,0.0485910491713509,-0.170836639751135,-0.0429527341172799,0.228640587394465,0.25
"Thai","241","M1","1","mi",699.41666666665,0.0998645746829493,-0.224121892873736,0.120704540842099,0.44935754195275,0.5
"Thai","241","M1","2","mi",636.4375,0.181651445982586,-0.170750579657606,0.165243130508836,0.449711236586192,0.5
"Thai","241","M1","3","mi",527.854166666657,0.156058804525247,-0.157730262437409,0.170316280692602,0.453157238168679,0.5
"Thai","241","M1","4","mi",595.604166666647,0.143838000216803,-0.211452721104923,0.109311398500326,0.463218172793764,0.5
"Thai","315","M1","1","mi",745.791666666662,-0.0967499288829032,0.093291430348022,-0.0842646889129924,0.262729081716989,1
"Thai","315","M1","2","mi",677.250000000015,0.00207725472339702,0.164617663113983,-0.0195866599603596,0.265306029542695,1
"Thai","315","M1","3","mi",524.625000000015,0.0512568793107832,0.195315061792383,0.019866937891236,0.261247534198184,1
"Thai","315","M1","4","mi",601.895833333344,0.05199094927497,0.209095789417966,0.0209605268353061,0.308638522756844,1
"Thai","33","M1","1","mi",948.9375,-0.00258027457085656,-0.0952270911639236,-0.00123111279838083,0.118479526119878,0.75
"Thai","33","M1","2","mi",705.52083333331,0.056233449893427,-0.000201593239500732,0.0919656334342742,0.129707890116072,0.75
"Thai","33","M1","3","mi",664.187500000025,-0.0048121715551979,-0.0762965459563285,-0.00839454646568273,0.0938852683919481,0.25
"Thai","33","M1","4","mi",696.104166666657,0.044546376915759,-0.0538811421240286,0.035937236733024,0.120772350617739,0.25
"Thai","45","M1","1","mi",529.854166666667,-0.0144300267175604,0.182421841204339,0.0436267211770036,0.1968518679219,1
"Thai","45","M1","2","mi",614.458333333346,0.0414861929960235,0.267057959150235,0.128549863869484,0.225571766154211,1
"Thai","45","M1","3","mi",511.645833333318,0.0731152820990823,0.279149590736389,0.144362137347389,0.206034308637307,1
"Thai","45","M1","4","mi",564.20833333334,-0.0506450960044725,0.0850159823794536,-0.00243690971500514,0.189627885604798,0.875
"Thai","21","M2","1","ma",703.145833333338,0.0392600358235012,-0.178544698077774,-0.0709881857581733,0.217804733901276,0.125
"Thai","21","M2","2","ma",678.270833333329,0.0108335724084338,-0.2227497687927,-0.103604985118423,0.233583341201134,0.125
"Thai","21","M2","3","ma",622.854166666684,0.0224882197908683,-0.157467746692905,-0.0753588830718723,0.179955966483773,0.125
"Thai","21","M2","4","ma",702.333333333343,-0.028930690643786,-0.185906696108814,-0.113034391111061,0.156976005465028,0.125
"Thai","241","M2","1","ma",592.791666666642,0.130373270512556,-0.0685592598067668,0.142049560585369,0.274795978188577,0.5
"Thai","241","M2","2","ma",597.312499999987,0.088411368767183,0.00320476431117491,0.105229560176408,0.143521177341431,0.625
"Thai","241","M2","3","ma",566.60416666665,0.0676705336384046,-0.0964888421790726,0.0777093457466542,0.228047651202047,0.5
"Thai","241","M2","4","ma",607.874999999979,0.0314476021207742,-0.0723626075122927,0.0832964207603989,0.21595069403969,0.625
"Thai","315","M2","1","ma",706.395833333318,0.037963510381764,0.0959218188534546,-0.0589863497156992,0.242578860798925,1
"Thai","315","M2","2","ma",676.041666666663,-0.0328195308182066,0.0818636694764832,-0.122371365205579,0.305302327244525,1
"Thai","315","M2","3","ma",710.354166666662,-0.0244819285105807,0.133924143430661,-0.0885293832267398,0.321907246378897,1
"Thai","315","M2","4","ma",676.249999999982,-0.107408883043018,0.0433862741142957,-0.119459101696863,0.231556246739523,1
"Thai","33","M2","1","ma",625.249999999994,0.0307883038267231,-0.0461529720115929,-0.0122528725443968,0.0772264169525317,0.25
"Thai","33","M2","2","ma",711.104166666644,0.0409057219477171,-0.0592857732755151,-0.0130135963916364,0.100191495223232,0.125
"Thai","33","M2","3","ma",618.687500000021,0.0610389026142353,-0.0816174265100321,-0.0402719036684136,0.142656329124267,0.125
"Thai","33","M2","4","ma",633.916666666664,-0.00417384965409403,-0.0752060726714609,-0.0591413666547673,0.0842983710870021,0.125
"Thai","45","M2","1","ma",686.916666666662,0.0463784294396379,0.157922864668045,0.0482884676078503,0.146412994356296,1
"Thai","45","M2","2","ma",645.520833333308,0.0550600260113239,0.120781545528899,0.0366386025194682,0.127820749376191,1
"Thai","45","M2","3","ma",624.937499999987,-0.0411888541027162,0.0464533978884216,-0.0449350671785789,0.132984714594501,1
"Thai","45","M2","4","ma",673.020833333339,-0.0168596668344559,0.0443313631136732,-0.0283091747677283,0.108445813813036,1
"Thai","21","M2","1","mi",725.874999999974,0.10063606654193,-0.115160915470731,-0.00828392959978857,0.215796982012661,0.125
"Thai","21","M2","2","mi",570.3125,0.0358036942187592,-0.147037645059112,-0.0521812292006178,0.183263636426838,0.25
"Thai","21","M2","3","mi",674.937499999999,0.0288759261269805,-0.137134574040171,-0.0252262549169395,0.187286464509872,0.375
"Thai","21","M2","4","mi",669.750000000022,0.0126424338909543,-0.166381874297768,-0.0815987374788003,0.179024308188722,0.125
"Thai","241","M2","1","mi",609.020833333318,0.118757775419033,0.0196842259777212,0.195478218687383,0.24551462018196,0.75
"Thai","241","M2","2","mi",629.145833333325,0.0760133236527542,0.0545576924937077,0.148707117518616,0.15127724972616,0.75
"Thai","241","M2","3","mi",581.187499999999,0.0761828089056227,0.0226454830375098,0.127316464766312,0.156808618019319,0.75
"Thai","241","M2","4","mi",591.583333333347,0.0189661095259031,-0.0565647195763965,0.0889422626296282,0.213055573329868,0.625
"Thai","315","M2","1","mi",651.229166666667,0.0423372573888016,0.135998916171464,-0.0314037354829859,0.255481518144182,1
"Thai","315","M2","2","mi",759.250000000009,-0.00986878534148771,0.370005827900423,-0.00586827828880557,0.503711974993404,1
"Thai","315","M2","3","mi",760.354166666673,-0.0278357957568993,0.172834160436264,-0.0629069899333426,0.337282898913277,1
"Thai","315","M2","4","mi",695.812499999988,-0.0244725028667887,0.104229772625585,-0.0696735520135391,0.267126618481084,1
"Thai","33","M2","1","mi",638.22916666669,0.0542532097284159,0.0238286042766811,0.0459551162273249,0.0336024906695682,0.375
"Thai","33","M2","2","mi",675.000000000011,0.0694370537500058,0.00370860872171257,0.0435070731723521,0.085678145088672,0.25
"Thai","33","M2","3","mi",687.437499999987,-0.00691703666281454,-0.0547173901950181,-0.0188251066471282,0.0600975679058547,0.25
"Thai","33","M2","4","mi",686.041666666654,-0.0583655016344102,-0.101087506491482,-0.0643806444465075,0.0675723622747091,0.25
"Thai","45","M2","1","mi",725.874999999974,0.0282256029933428,0.33929673223503,0.146390273977379,0.311071129241688,1
"Thai","45","M2","2","mi",631.645833333323,0.0463647378400062,0.184059852733429,0.0720198487638765,0.144762140690939,1
"Thai","45","M2","3","mi",647.833333333324,-0.0391673014420097,0.124461470335133,0.00521564631689199,0.163628771777143,1
"Thai","45","M2","4","mi",686.041666666654,-0.0336246452300306,0.117936464883106,0.00386110466247649,0.151561110113137,1
"Thai","21","M3","1","ma",515.125000000012,-0.161953023492083,-0.208224661744871,-0.179028682492591,0.0516526562343388,0.25
"Thai","21","M3","2","ma",557.208333333335,-0.178158474005405,-0.214110250262018,-0.192708127469257,0.0431453669963556,0.25
"Thai","21","M3","3","ma",524.020833333338,-0.133147815145897,-0.154056855759431,-0.137928521256037,0.0288337592547808,0.25
"Thai","21","M3","4","ma",579.875000000015,-0.132065454920616,-0.145779483895793,-0.143637407921789,0.0165889220406513,0.125
"Thai","21","M3","5","ma",569.229166666673,-0.153935452958036,-0.150775319068907,-0.146374949855612,0.0118368646829956,0.75
"Thai","241","M3","1","ma",427.708333333328,-0.039881337384428,-0.160104502323591,0.0113445054662334,0.269391439919099,0.5
"Thai","241","M3","2","ma",442.291666666677,-0.0614084669572485,-0.141577660965367,0.00955403399897419,0.24410631685712,0.625
"Thai","241","M3","3","ma",538.604166666687,-0.0352615906946811,-0.163735443533981,0.0520677985722531,0.336912019115791,0.625
"Thai","241","M3","4","ma",402.770833333307,0.0214517349671651,-0.105818481775498,0.0849202481575606,0.295468850549017,0.5
"Thai","241","M3","5","ma",495.249999999999,0.0811226156865887,-0.0997852252256415,0.169421483320258,0.397795458710269,0.5
"Thai","315","M3","1","ma",482.75000000001,-0.150621131892258,0.107971085027637,-0.11652039416588,0.294796899937061,1
"Thai","315","M3","2","ma",544.270833333314,-0.146693660425945,0.0184685217299402,-0.138468643185678,0.197333700118027,1
"Thai","315","M3","3","ma",511.895833333313,-0.131391527314641,0.08792917076328,-0.0981784482864902,0.233702425143708,1
"Thai","315","M3","4","ma",563.062500000001,-0.113813062884523,0.150974969908283,-0.0621206620272674,0.27350550324814,1
"Thai","315","M3","5","ma",556.895833333328,-0.0833405266723544,0.158458653793805,-0.0612246047250739,0.289164059267312,1
"Thai","33","M3","1","ma",447.145833333309,-0.161425533761192,-0.182761862363229,-0.151650670810257,0.0467600951709349,0.625
"Thai","33","M3","2","ma",508.645833333333,-0.138437296837293,-0.176724628289986,-0.126942525561351,0.0701936553916338,0.625
"Thai","33","M3","3","ma",465.750000000014,-0.0726030633876849,-0.12664381147349,-0.0644875317022364,0.0847625332135245,0.625
"Thai","33","M3","4","ma",463.33333333331,-0.103347174991803,-0.150158481366696,-0.0979133952724011,0.0689856587632616,0.625
"Thai","33","M3","5","ma",495.249999999999,-0.0952222974233319,-0.173482935729586,-0.0879040681871573,0.122479103736495,0.625
"Thai","45","M3","1","ma",453.624999999988,-0.150057387886905,0.0966503645411458,0.00664524782260505,0.327002670543044,0.875
"Thai","45","M3","2","ma",573.416666666674,-0.0562613066292551,0.161134172288854,0.097038936025846,0.339081343260849,0.875
"Thai","45","M3","3","ma",514.333333333354,-0.0699292718132378,-0.0498155903087515,0.0521972385982247,0.286279637409423,0.75
"Thai","45","M3","4","ma",529.145833333359,-0.0461300819466691,-0.0547328468671974,0.0606502491706837,0.259749663839552,0.75
"Thai","45","M3","5","ma",522.979166666687,-0.0231367686706979,-0.00149974332661474,0.0934507445557592,0.270889396515012,0.75
"Thai","21","M3","1","mi",518.374999999992,-0.124959769582886,-0.212475114423527,-0.159252155839768,0.0973936700016912,0.25
"Thai","21","M3","2","mi",568.249999999978,-0.126158303728392,-0.192173366481528,-0.145916145812894,0.0708123221100478,0.375
"Thai","21","M3","3","mi",565.312500000005,-0.103785356261283,-0.12441054156558,-0.0961422339772038,0.0537531868584515,0.375
"Thai","21","M3","4","mi",502.187499999991,-0.0650327848567994,-0.122053133875464,-0.098170635398481,0.057020349018665,0.125
"Thai","21","M3","5","mi",550.749999999994,-0.0913987085588953,-0.143375306262689,-0.101951049512732,0.0669289249723505,0.375
"Thai","241","M3","1","mi",364.583333333371,0.113460882909557,-0.159495999156285,0.134328262105173,0.458264994666664,0.5
"Thai","241","M3","2","mi",424.479166666629,0.0892925336353786,-0.1168767913158,0.132729374472512,0.403136122707366,0.5
"Thai","241","M3","3","mi",470.604166666703,0.121104537747307,-0.121906476013704,0.149325701055404,0.410912739911319,0.5
"Thai","241","M3","4","mi",430.520833333389,0.123684979836666,-0.141122037043325,0.151465437097443,0.4328541459195,0.5
"Thai","241","M3","5","mi",470.583333333366,0.193464866980813,-0.149526435202685,0.214535370219592,0.500787386607601,0.5
"Thai","315","M3","1","mi",531.312500000013,-0.0402861849691536,0.38420156848014,0.0507329806714984,0.438405638252465,1
"Thai","315","M3","2","mi",602.541666666639,-0.0620783742360848,0.163379711819058,-0.0357823256127152,0.254509171295571,1
"Thai","315","M3","3","mi",541.041666666615,-0.0362446469344817,0.324188425011713,0.0276257716764192,0.378656795193105,1
"Thai","315","M3","4","mi",489.083333333383,-0.0291672718080232,0.387075462379835,0.0951871342612304,0.416242734187858,1
"Thai","315","M3","5","mi",547.645833333377,-0.00851235308564439,0.378114754342664,0.0794570379107827,0.396902417454019,1
"Thai","33","M3","1","mi",443.916666666723,-0.0879677455668912,-0.17236258215854,-0.0964349843153077,0.106092290432141,0.5
"Thai","33","M3","2","mi",513.520833333359,-0.097264660141543,-0.140318582874128,-0.0743307460282937,0.0946858269674902,0.5
"Thai","33","M3","3","mi",504.604166666695,-0.0490943550646751,-0.113893386150735,-0.0251515406197479,0.129066619261135,0.625
"Thai","33","M3","4","mi",460.916666666662,-0.0314963137457089,-0.119729622698876,-0.0245762976506853,0.132060269939946,0.625
"Thai","33","M3","5","mi",464.437500000031,-0.0358749252598997,-0.168661286337278,-0.0481413163088,0.160617497654174,0.375
"Thai","45","M3","1","mi",387.249999999995,0.0357868718154516,0.336717796160955,0.191530392594528,0.326480310872777,0.875
"Thai","45","M3","2","mi",550.729166666656,0.012182998437001,0.186199607726441,0.185849704737598,0.381158062507117,0.875
"Thai","45","M3","3","mi",499.749999999949,0.0390578333100981,0.139729257037183,0.201454386212058,0.337327325844177,0.875
"Thai","45","M3","4","mi",516.812500000015,0.00255927702168188,0.137533350439012,0.177619697198186,0.340145350573307,0.875
"Thai","45","M3","5","mi",529.145833333359,0.089419734823159,0.233280774633967,0.281806328094889,0.384751217653671,0.875
"Thai","21","M4","1","ma",499.312499999974,-0.0437577621284813,-0.208855312592125,-0.114205182599245,0.184786046444855,0.25
"Thai","21","M4","2","ma",474.333333333334,-0.118672029826971,-0.205287789921802,-0.156148748652864,0.100678800754237,0.25
"Thai","21","M4","3","ma",510.66666666668,-0.0503791907712805,-0.157097205798338,-0.118215052088028,0.121747176106238,0.125
"Thai","21","M4","4","ma",435.708333333309,0.0400589510080005,-0.130034524214751,-0.0602814697340256,0.170093475222751,0.125
"Thai","21","M4","5","ma",481.145833333358,0.0296638640197602,-0.168626044635507,-0.0975227562370918,0.198289908655267,0.125
"Thai","241","M4","1","ma",388.041666666709,0.077536454609234,-0.114396241912265,0.0883075814825915,0.290619844642699,0.625
"Thai","241","M4","2","ma",419.833333333372,-0.000804837484486465,-0.271243276640586,-0.0177367943353286,0.362069833060216,0.5
"Thai","241","M4","3","ma",490.229166666722,0.0174317636257394,-0.290046992300176,-0.0589101290451912,0.38243922325327,0.375
"Thai","241","M4","4","ma",408.479166666666,0.166031813997402,-0.206082450193003,0.0586235903422093,0.372114264190406,0.125
"Thai","241","M4","5","ma",453.895833333377,0.116496018725608,-0.240554419751715,0.0619781408603517,0.444427584281635,0.5
"Thai","315","M4","1","ma",472.062499999993,-0.0868093025383939,0.124605367209717,-0.0747987419971546,0.279689947852048,1
"Thai","315","M4","2","ma",503.833333333318,-0.12006388800962,0.039765501003613,-0.122223433462637,0.219655995112029,1
"Thai","315","M4","3","ma",478.854166666679,-0.0616674398664379,0.0440573133740326,-0.0899307960218543,0.199217329893684,1
"Thai","315","M4","4","ma",481.12500000002,0.00599014486080496,0.151272898529228,-0.0347338661241565,0.279783920385717,1
"Thai","315","M4","5","ma",528.833333333296,-0.0569074263198883,0.14375238654112,-0.0774313331281549,0.320761836829947,1
"Thai","33","M4","1","ma",503.833333333318,0.0209625079777441,-0.0650660230249197,-0.0325238233823454,0.0866449213797109,0.125
"Thai","33","M4","2","ma",517.458333333366,-0.0737602670753008,-0.0856022494257165,-0.0748402916863577,0.0341944886168587,0.25
"Thai","33","M4","3","ma",478.875000000016,0.00580244041289713,-0.0465524178132661,-0.0252462991745916,0.0650873508983985,0.25
"Thai","33","M4","4","ma",474.333333333334,0.0040544622674851,-0.0309057248028165,-0.00886845668309531,0.053341659747326,0.25
"Thai","33","M4","5","ma",478.875000000016,-0.0123704100984976,-0.0218855955582078,-0.0100548910766176,0.0296773004263229,0.25
"Thai","45","M4","1","ma",515.187500000025,0.0910042092487778,0.221094591862572,0.131196838605818,0.133698003777626,1
"Thai","45","M4","2","ma",472.062499999993,-0.0670617376716151,0.104216876940506,-0.00305870785721692,0.171278614612121,1
"Thai","45","M4","3","ma",474.312499999996,0.0135122213752245,0.0937434703807879,0.0188457683041465,0.112890900710207,1
"Thai","45","M4","4","ma",487.958333333381,0.0541566416716956,0.192322685436695,0.0944696191784072,0.138166043764999,1
"Thai","45","M4","5","ma",487.958333333381,0.00747167530891841,0.162179536440535,0.0478698232718522,0.161412558703942,1
"Thai","21","M4","1","mi",478.875000000016,-0.0225689431291031,-0.148257714427806,-0.0859127595290389,0.1428880438869,0.25
"Thai","21","M4","2","mi",501.583333333315,-0.0949176396465313,-0.197875256775647,-0.125980400501811,0.140621222511552,0.25
"Thai","21","M4","3","mi",485.666666666702,-0.00923507186888059,-0.172748816545562,-0.0911104985526862,0.163513744676681,0.125
"Thai","21","M4","4","mi",469.791666666652,0.0493962342907859,-0.136128481830532,-0.0364851867542809,0.185524716121318,0.125
"Thai","21","M4","5","mi",494.749999999954,0.0515787051967011,-0.0805903083369855,-0.0281706472612362,0.132322844020197,0.125
"Thai","241","M4","1","mi",410.750000000007,0.24476323864052,-0.144545051438602,0.157815432527022,0.403359713289326,0.5
"Thai","241","M4","2","mi",428.916666666623,0.0186941207761842,-0.170253153173332,0.0413655902734735,0.326272121741278,0.5
"Thai","241","M4","3","mi",419.833333333372,0.0534633647980554,-0.201956469441679,0.0211013760186844,0.339818680148743,0.375
"Thai","241","M4","4","mi",415.29166666669,0.157258529070808,-0.149349472465805,0.100774546040808,0.35420028146283,0.375
"Thai","241","M4","5","mi",433.458333333306,0.113858166436243,-0.185567422499301,0.0960217885264002,0.36755168330737,0.625
"Thai","315","M4","1","mi",447.062500000015,0.0197392675653875,0.179584885026029,0.00814661786572847,0.262212617853893,1
"Thai","315","M4","2","mi",474.312499999996,-0.0469333892712573,0.163767479944949,-0.0583403648155897,0.332249905152005,1
"Thai","315","M4","3","mi",458.437499999945,-0.0313375542639125,0.133145837678506,-0.037981581922963,0.259609869969431,1
"Thai","315","M4","4","mi",490.229166666722,0.0227839845707391,0.242636484343166,0.0116350191140249,0.334852632433626,1
"Thai","315","M4","5","mi",485.68750000004,0.0586522397835931,0.183035837382836,-0.00324540830118874,0.28554872036736,1
"Thai","33","M4","1","mi",490.208333333385,0.00966447255635968,-0.0217090085858618,0.0210096162238224,0.0843606038092224,0.375
"Thai","33","M4","2","mi",499.312499999974,0.0339461165888968,-0.0366980345838725,0.00551116306589319,0.0706441511727693,0.125
"Thai","33","M4","3","mi",492.479166666612,0.062066362456844,0.00348905880772918,0.0329529805891959,0.0607546704940153,0.25
"Thai","33","M4","4","mi",467.52083333331,0.0683658266375447,0.025267580696094,0.05194613386986,0.0592544304418346,0.25
"Thai","33","M4","5","mi",485.68750000004,0.0680719020119737,0.0167268931397167,0.0447853416327992,0.051345008872257,0.125
"Thai","45","M4","1","mi",453.895833333377,0.133345333978467,0.253058520931388,0.174731565979471,0.132076404704464,1
"Thai","45","M4","2","mi",485.68750000004,-0.0109096027543872,0.164388254468232,0.0544968126399789,0.175297857222619,1
"Thai","45","M4","3","mi",472.041666666655,0.0315081534890033,0.185442516884916,0.0840315015693821,0.153934363395913,1
"Thai","45","M4","4","mi",449.354166666694,0.092989806241736,0.240835647301747,0.130613987812189,0.150224327440894,1
"Thai","45","M4","5","mi",449.333333333357,0.0875290202636237,0.207973859328189,0.105726785130638,0.15936739109181,1
"Thai","21","M5","1","ma",616.833333333375,0.0219257391892018,-0.269056072287296,-0.14647840840485,0.290981811476498,0.125
"Thai","21","M5","2","ma",691.270833333306,-0.13597648506617,-0.0818753419572879,-0.108925913511727,0.0541011431088825,1
"Thai","21","M5","3","ma",594.312500000001,-0.0354197627176155,-0.265803822283556,-0.167899826827774,0.230384059565941,0.125
"Thai","21","M5","4","ma",635.687500000017,-0.0336352615256768,-0.251704330212437,-0.125717467544267,0.221382709726653,0.25
"Thai","21","M5","5","ma",705.833333333317,-0.0153642720440726,-0.252161155863966,-0.119875279367764,0.262289344426636,0.25
"Thai","241","M5","1","ma",615.16666666671,0.1055659205925,-0.144288097342045,0.0637886535988138,0.292261469548667,0.25
"Thai","241","M5","2","ma",571.93749999999,-0.00633974282885533,0.0864729523129885,0.040066604742065,0.0928126951418438,1
"Thai","241","M5","3","ma",710.833333333312,0.169492173389694,-0.167374030911604,0.104338613163533,0.380504740099567,0.25
"Thai","241","M5","4","ma",708.333333333371,0.152389828504937,-0.119516155048747,0.102260861370063,0.310213003059402,0.25
"Thai","241","M5","5","ma",753.395833333343,0.225386112380877,-0.174976102680898,0.139832671895968,0.418405919163985,0.25
"Thai","315","M5","1","ma",655.708333333337,-0.00694849956703579,0.000751830620292944,-0.1019454450733,0.206603717673379,1
"Thai","315","M5","2","ma",749.833333333299,0.256378005646555,0.168632688928388,0.212505347287472,0.0877453167181678,0.125
"Thai","315","M5","3","ma",740.895833333298,-0.080728190698819,-0.0161471660833364,-0.153933254471516,0.240788932531253,1
"Thai","315","M5","4","ma",665.750000000003,-0.0237868348794212,-0.0781135486533569,-0.12740239312752,0.20567601885975,0.25
"Thai","315","M5","5","ma",628.16666666663,0.0624044576583539,0.0671582188002633,-0.113084988843712,0.311393442115972,1
"Thai","33","M5","1","ma",691.270833333306,-0.0778610749441291,-0.156862411725736,-0.0876032389206721,0.0941570652483962,0.375
"Thai","33","M5","2","ma",739.958333333334,-0.0998598284874659,-0.0392035710354108,-0.0695316997614352,0.0606562574520551,1
"Thai","33","M5","3","ma",718.229166666674,0.0241725940565863,-0.127937101642243,-0.0380713616320546,0.152109695698829,0.125
"Thai","33","M5","4","ma",748.395833333348,0.0116950361831162,-0.107902137600889,-0.0262821789631873,0.143956292130862,0.25
"Thai","33","M5","5","ma",718.3541666667,0.0461852862867304,-0.0921056467558453,0.000271644625354598,0.167331789317196,0.25
"Thai","45","M5","1","ma",670.895833333361,0.0947211116010918,0.0814624646714817,0.0335428528346147,0.101355050302949,0.125
"Thai","45","M5","2","ma",713.583333333304,0.0991306373914857,0.0828204494216084,0.0909755434065473,0.0163101879698773,0.125
"Thai","45","M5","3","ma",675.770833333331,-0.019893559075831,0.0373723209456605,-0.03412082748042,0.105208992179016,1
"Thai","45","M5","4","ma",655.729166666674,0.0900611049022349,0.0969366445812598,0.0435018290133217,0.0969379037495248,1
"Thai","45","M5","5","ma",633.187499999963,0.0133442635802218,0.150041935658256,0.0359065903225667,0.176910256961517,0.875
"Thai","21","M5","1","mi",606.708333333358,-0.0288706463863735,-0.247577161621946,-0.12225381018942,0.25681997349872,0.25
"Thai","21","M5","2","mi",690.541666666718,0.0367601692818887,-0.0302924782183721,0.0609747144648701,0.147330275089621,0.75
"Thai","21","M5","3","mi",678.604166666673,-0.0358910126393149,-0.243990845631729,-0.110262961371128,0.233665790674047,0.25
"Thai","21","M5","4","mi",668.249999999944,0.0380689679755558,-0.221087904876052,-0.074927441768927,0.259156872851608,0.125
"Thai","21","M5","5","mi",723.354166666695,-0.0200997054997274,-0.239349371840804,-0.0981527651983974,0.235988392405796,0.25
"Thai","241","M5","1","mi",697.916666666629,0.218847894969638,-0.12068898426708,0.172006929166769,0.428628953232685,0.375
"Thai","241","M5","2","mi",591.708333333372,0.294042855110876,-0.131887689164016,0.0242647597763203,0.456595721656081,0.125
"Thai","241","M5","3","mi",640.70833333335,0.23809937969167,-0.13628859162499,0.174131678115867,0.437273631612685,0.375
"Thai","241","M5","4","mi",688.291666666714,0.129578944076408,-0.0866723919848362,0.144051430344421,0.323226073832417,0.375
"Thai","241","M5","5","mi",690.791666666655,0.157668275239908,-0.123373930582852,0.179121162855727,0.461444444195105,0.5
"Thai","315","M5","1","mi",598.270833333345,0.0191459293409713,0.0536998553661669,-0.0728275354738683,0.226030362981434,1
"Thai","315","M5","2","mi",602.520833333301,0.158130381097732,0.0345838452071493,0.0783460789745738,0.123546535890583,0.125
"Thai","315","M5","3","mi",663.249999999948,-0.0199842851142425,0.23651966599781,-0.0837964481995497,0.437294853892877,1
"Thai","315","M5","4","mi",640.687500000013,-0.000813914048802872,0.154301722117661,-0.0796871240764738,0.376804996888997,1
"Thai","315","M5","5","mi",675.770833333331,0.0543811913551565,0.201878654912137,-0.0590648374962158,0.389573837426964,1
"Thai","33","M5","1","mi",767.458333333366,-0.0297256461442265,-0.150504699340059,-0.0486987842248066,0.160954956657961,0.375
"Thai","33","M5","2","mi",799.520833333304,-0.120211168867123,-0.0824055779424371,-0.101308373404777,0.037805590924686,1
"Thai","33","M5","3","mi",804.979166666612,-0.0196321450555066,-0.0948054861900494,-0.0418517242646186,0.0751733411345428,0.125
"Thai","33","M5","4","mi",787.874999999985,0.00739365592675558,-0.096014313415924,-0.0286145803011947,0.10340796934268,0.125
"Thai","33","M5","5","mi",693.29166666671,0.0496767722984766,-0.10556703901686,-0.00488181544124548,0.155243811315337,0.125
"Thai","45","M5","1","mi",652.312499999994,0.0953257585589567,0.264821254390377,0.159447739229616,0.169495495831421,1
"Thai","45","M5","2","mi",654.312499999946,0.258695921399764,0.189865243042711,0.224280582221234,0.0688306783570528,0.125
"Thai","45","M5","3","mi",705.812499999979,0.0223181665149187,0.156614347123648,0.0395045096054116,0.157882845569882,1
"Thai","45","M5","4","mi",713.333333333367,0.0541390822215172,0.151299248351935,0.0728255795114507,0.10997792966437,1
"Thai","45","M5","5","mi",725.854166666636,0.140211711687241,0.343423183184735,0.151254108814243,0.257056090281296,1
