"language","tone","informant","token","syllable","onset","offset","f0mean","excursion","maxloc"
"Thai","21","F1","1","ma",-0.00892558627766135,-0.189162654282544,-0.107186363476008,0.188696351511795,0.125
"Thai","21","F1","2","ma",0.0572488577149072,-0.136620265962896,-0.0778923953875531,0.206667373948419,0.125
"Thai","21","F1","3","ma",0.0372851512201836,-0.150193930494942,-0.105332942111027,0.210537637291444,0.125
"Thai","21","F1","4","ma",0.109790742796472,-0.0587340168783287,-0.00308298184612609,0.173937860650238,0.125
"Thai","21","F1","5","ma",0.0168358750153246,-0.18479133685412,-0.113694932290211,0.220455194905959,0.125
"Thai","241","F1","1","ma",0.108598113916755,0.158530000157134,0.156126338224555,0.0672163979704861,0.5
"Thai","241","F1","2","ma",0.0816139859693009,-0.126319794009825,0.0716785530548323,0.275518642715723,0.625
"Thai","241","F1","3","ma",0.16292848919688,-0.0196658138699803,0.135997520850395,0.218659035974141,0.5
"Thai","241","F1","4","ma",0.186434793823457,0.00677705444907773,0.153330598010862,0.209746694814276,0.625
"Thai","241","F1","5","ma",0.0992866186622159,-0.00769762284947351,0.117716853978251,0.168232191406619,0.75
"Thai","315","F1","1","ma",-0.0394745802206787,-0.0854372718200268,-0.115597182596016,0.135851577107272,0.125
"Thai","315","F1","2","ma",0.00898689674879953,-0.0719857121187656,-0.0790554673188036,0.127658753249878,0.125
"Thai","315","F1","3","ma",-0.0151130466046977,-0.106921025334462,-0.111906596588103,0.152095870922646,0.125
"Thai","315","F1","4","ma",-0.00614003328883029,-0.101097481911902,-0.0939764507408954,0.121574933470775,0.125
"Thai","315","F1","5","ma",0.0711810436751153,-0.490500072440964,-0.214698535576875,0.588921328776927,0.125
"Thai","33","F1","1","ma",0.0199352098091305,-0.169610191525546,-0.0226575275331939,0.201107765533874,0.25
"Thai","33","F1","2","ma",0.00564829744552909,-0.145303136260347,-0.0228385280266086,0.150951433705876,0.125
"Thai","33","F1","3","ma",0.104574998313484,-0.135199298601126,-0.0188882968690985,0.23977429691461,0.125
"Thai","33","F1","4","ma",-0.013416523269767,-0.116635964880927,-0.071569313123903,0.10321944161116,0.125
"Thai","33","F1","5","ma",-0.482974694388236,-0.510416664544497,-0.516347239484389,0.0547542361220709,0.125
"Thai","45","F1","1","ma",0.042202419986631,-0.0229848978681296,-0.0153931144547307,0.0704851484386588,0.125
"Thai","45","F1","2","ma",-0.00301541514516964,0.139928477556605,0.028046372731439,0.173098021142628,1
"Thai","45","F1","3","ma",0.0374673368271125,0.176660334432831,0.0668365256948647,0.177420659937102,1
"Thai","45","F1","4","ma",0.0584855180066726,0.166930483172694,0.0781099663012441,0.158187057213771,0.875
"Thai","45","F1","5","ma",-0.00419861529571035,0.123784144358555,-0.0235158946734982,0.215537712589405,1
"Thai","21","F1","1","mi",0.0367305118717984,-0.0826357032015755,-0.0494813100246859,0.171381840681072,0.25
"Thai","21","F1","2","mi",0.0854560694790591,-0.128249545785066,-0.0520639785277182,0.22424228295764,0.125
"Thai","21","F1","3","mi",0.036730511871453,-0.0757946946063026,-0.0479737597860661,0.170181924272955,0.25
"Thai","21","F1","4","mi",0.0753770540604523,-0.0993636279820421,-0.0334945700939144,0.195193916156451,0.125
"Thai","21","F1","5","mi",0.0602605048151032,-0.135362602158261,-0.0433997750511915,0.196277167308025,0.125
"Thai","241","F1","1","mi",0.127549898238741,-0.126452357723296,0.13342077231608,0.348611154236529,0.5
"Thai","241","F1","2","mi",0.0794198734695125,-0.12970236066961,0.102340229075957,0.331896407235703,0.5
"Thai","241","F1","3","mi",0.0832597408928573,-0.0043880469401158,0.128810194588891,0.223234332780324,0.5
"Thai","241","F1","4","mi",0.171034819551262,-0.012195744150287,0.142964201196717,0.232723062255959,0.625
"Thai","241","F1","5","mi",0.124923670292907,-0.146004567347447,0.104707898211515,0.33840579439537,0.5
"Thai","315","F1","1","mi",0.181042732685462,-0.0461815542251871,-0.0400325184770241,0.279759925138639,0.125
"Thai","315","F1","2","mi",0.10666490807558,0.19293952102478,0.0195334308842783,0.274869622001213,1
"Thai","315","F1","3","mi",0.166504792125885,0.0726779736971438,-0.00867580841717327,0.261396606331342,0.125
"Thai","315","F1","4","mi",0.061067292477912,0.103438013893337,-0.0174276344156297,0.190569466347837,1
"Thai","315","F1","5","mi",0.0545037315125513,0.155873549455178,-0.0145441474389403,0.256679272940195,1
"Thai","33","F1","1","mi",0.0209388529146345,-0.0254820694263768,0.0126103275675825,0.0664248293846316,0.25
"Thai","33","F1","2","mi",0.0428447958179122,-0.114576497517564,0.0342851996955607,0.189427877633393,0.25
"Thai","33","F1","3","mi",0.0236425684824228,-0.0798476082327329,0.000614413116975786,0.106674618288582,0.25
"Thai","33","F1","4","mi",0.0709120098462874,0.0381849018749388,0.0609122732523835,0.0568866751020748,0.25
"Thai","33","F1","5","mi",0.0141804397178867,-0.0591193473887801,-0.021541165890224,0.0765494363030479,0.125
"Thai","45","F1","1","mi",0.0621100449177165,0.268910006027572,0.124585053575905,0.206799961109855,1
"Thai","45","F1","2","mi",0.0603728594382745,0.234966372254354,0.0757393461845192,0.222070101512611,1
"Thai","45","F1","3","mi",0.00427533726200253,0.198163728477291,0.0710707707940741,0.193888391215289,1
"Thai","45","F1","4","mi",0.123429954730273,0.243756342391901,0.128704045363797,0.192280846541842,0.875
"Thai","45","F1","5","mi",0.0661476919155073,0.183374912216666,0.0941275455489311,0.224632536813373,0.875
"Thai","21","F2","1","ma",0.02445427827039,-0.0877393933669753,-0.0625033466803845,0.243678115875997,0.125
"Thai","21","F2","2","ma",0.0161503797434672,-0.211895583622815,-0.0846619176174296,0.228045963366282,0.125
"Thai","21","F2","3","ma",-0.0442415302569674,-0.194507516067484,-0.109147003136202,0.150265985810516,0.125
"Thai","21","F2","4","ma",0.0198495230085863,-0.127096267635235,-0.0614122380330776,0.184116356820727,0.25
"Thai","21","F2","5","ma",-0.0385821435194184,-0.149421878876508,-0.0966635797680053,0.140199635464949,0.25
"Thai","241","F2","1","ma",0.0446434905656482,-0.117055955947609,0.0416873294955187,0.237220582222523,0.5
"Thai","241","F2","2","ma",0.0208877183582287,-0.0926084957706352,0.0565184898717784,0.219960460480627,0.5
"Thai","241","F2","3","ma",0.000646308945244058,-0.167811693680722,0.0228164594183746,0.293214275911907,0.625
"Thai","241","F2","4","ma",0.0483829240539079,-0.144169476487665,0.0510970073267677,0.278860206033936,0.5
"Thai","241","F2","5","ma",-0.00417710665599651,-0.162455710010015,-0.0354617692747127,0.16667989073838,0.5
"Thai","315","F2","1","ma",0.00793342557743515,0.161777604069364,-0.040984113351177,0.296093617948295,1
"Thai","315","F2","2","ma",-0.0393160166784216,0.299102573859681,-0.0214260148826547,0.413996264768409,1
"Thai","315","F2","3","ma",-0.00842595293896746,0.0845597441775909,-0.0450450392105055,0.182154478638167,1
"Thai","315","F2","4","ma",-0.0350448063531665,0.123094562718169,-0.0335945674248296,0.207069667556966,1
"Thai","315","F2","5","ma",0.0373269603067456,0.085837349635557,-0.0386898357688456,0.205167520304533,1
"Thai","33","F2","1","ma",0.0115653493100572,-0.152823827466923,-0.0393806269824621,0.16438917677698,0.125
"Thai","33","F2","2","ma",-0.0529154042010454,-0.148445836607225,-0.0236952991303721,0.166240924526098,0.375
"Thai","33","F2","3","ma",0.0358764542896577,-0.112398824425985,-0.0032512840803694,0.148275278715642,0.125
"Thai","33","F2","4","ma",0.0163453135726312,-0.145566898731454,-0.0102701423557276,0.190729992404438,0.25
"Thai","33","F2","5","ma",0.0164738997332771,-0.0708797681586887,0.00884706633968178,0.104691719166108,0.5
"Thai","45","F2","1","ma",0.0252353117963443,0.157235892678302,0.0430674732272042,0.171424577961615,1
"Thai","45","F2","2","ma",-0.00720005074797679,0.118171474850517,0.0296045083779879,0.125371525598493,1
"Thai","45","F2","3","ma",-0.026163149098193,0.0959412280359479,-0.000489776924859861,0.132419127535523,1
"Thai","45","F2","4","ma",-0.030641294170385,0.0462004900435155,-0.0172415818559111,0.098239791358815,1
"Thai","45","F2","5","ma",-0.0430612000649098,0.0116089919809559,-0.0396492827011574,0.0833991528004954,1
"Thai","21","F2","1","mi",0.0184799082220877,-0.0989387744467936,-0.0472848582749819,0.158225779361107,0.25
"Thai","21","F2","2","mi",-0.0253942865719674,-0.184529452524294,-0.0787360141739433,0.201873751890694,0.375
"Thai","21","F2","3","mi",-0.0309526683027955,-0.18839610548176,-0.124105142753302,0.219299936531497,0.125
"Thai","21","F2","4","mi",-0.0041781941087823,-0.105888159143961,-0.0620831516291327,0.143357131194496,0.25
"Thai","21","F2","5","mi",-0.00803140315108279,-0.154126018914903,-0.0925299097087544,0.156409114177736,0.125
"Thai","241","F2","1","mi",0.0892330876689645,-0.18791156488981,0.0876452083423942,0.427515154304173,0.5
"Thai","241","F2","2","mi",0.0758371199216785,-0.155262706449342,0.111910350566463,0.365197836862058,0.625
"Thai","241","F2","3","mi",0.0603353485278405,-0.166136612402521,0.0721571804690535,0.323903332775943,0.5
"Thai","241","F2","4","mi",0.0542950726227003,-0.127947830324622,0.0791936270108279,0.278411001872804,0.5
"Thai","241","F2","5","mi",0.0420866587486524,-0.197157714353728,0.0274355305097029,0.304170028145567,0.5
"Thai","315","F2","1","mi",0.0286575214345276,0.220958262353249,0.0276413303697392,0.275290864143734,1
"Thai","315","F2","2","mi",0.0134233754327714,0.261566343008757,0.0145957110890495,0.348781485116314,1
"Thai","315","F2","3","mi",0.00613005444032854,0.147793435798083,-0.0315994204518343,0.256415852065365,1
"Thai","315","F2","4","mi",-0.00245931776728817,0.161920952930125,-0.0406855035536194,0.291177999082028,1
"Thai","315","F2","5","mi",-0.0424929765743145,0.313876833230597,-0.00660335334962595,0.423894038306537,1
"Thai","33","F2","1","mi",0.025512466335708,-0.0921425053675874,0.0100064657131192,0.149878399248356,0.375
"Thai","33","F2","2","mi",0.000109327583153459,-0.103825913598263,0.0324749252842182,0.176694498588234,0.375
"Thai","33","F2","3","mi",0.0382490456277311,-0.123927780265512,0.0237224764178485,0.188906905781344,0.375
"Thai","33","F2","4","mi",0.0305789972668053,-0.148057465923708,0.00904032657836958,0.228007061093082,0.375
"Thai","33","F2","5","mi",-0.000128844683109428,-0.149218718250438,-0.00738799569062367,0.184510427566985,0.375
"Thai","45","F2","1","mi",0.0451537882669398,0.326870465093775,0.130975157360036,0.281716676826835,1
"Thai","45","F2","2","mi",0.0607169212780111,0.304679707136915,0.144813290587288,0.243962785858904,1
"Thai","45","F2","3","mi",0.0136729705051258,0.258610346417466,0.108216312353624,0.244937375912341,1
"Thai","45","F2","4","mi",0.0458393150082808,0.188463809423234,0.0406898129103697,0.208002845100465,1
"Thai","45","F2","5","mi",0.0369884826999201,0.166526493674229,0.0804267291450852,0.19541781315586,0.875
"Thai","21","F3","1","ma",-0.0431880856114828,-0.211831101217197,-0.130499506950037,0.175112553276131,0.25
"Thai","21","F3","2","ma",-0.00745572662201221,-0.185567318106217,-0.108123581121384,0.178111591484205,0.125
"Thai","21","F3","3","ma",-0.0624055111617707,-0.205559491586631,-0.14364211264402,0.14315398042486,0.125
"Thai","21","F3","4","ma",-0.0573840568850603,-0.174582443580549,-0.0979831090075035,0.14564575321373,0.25
"Thai","241","F3","1","ma",0.0554310224346744,-0.160487164282171,0.0695003647870834,0.285471199580627,0.375
"Thai","241","F3","2","ma",0.0635583883753825,-0.147290440989046,0.0840399085269922,0.292336877147406,0.625
"Thai","241","F3","3","ma",0.0418162761290591,-0.0538547428040662,0.113015418702527,0.218491846409763,0.5
"Thai","241","F3","4","ma",0.125669982616325,-0.0591372451465649,0.134168853569976,0.247148895108711,0.375
"Thai","315","F3","1","ma",-0.0808642857108389,0.0411673337014986,-0.11609584697183,0.219604972198245,1
"Thai","315","F3","2","ma",-0.0812386641642415,0.048358641050972,-0.120570108011297,0.234333563977106,1
"Thai","315","F3","3","ma",-0.0419552817464308,0.108154879535845,-0.10979736483757,0.316923120108138,1
"Thai","315","F3","4","ma",-0.0819308372563729,0.049021768413278,-0.122278138200231,0.245728973924031,1
"Thai","33","F3","1","ma",-0.0156999426607442,-0.0983111530344483,0.00915744493108462,0.137787473498365,0.625
"Thai","33","F3","2","ma",0.00493463224046746,-0.0808880545663107,0.0106754073814249,0.122792594811279,0.75
"Thai","33","F3","3","ma",-0.00548416935338983,-0.121351397650512,-0.00843742988033043,0.145783254501558,0.375
"Thai","33","F3","4","ma",0.0142896843192545,-0.0465024510314299,0.0234886966238655,0.0970749468709782,0.25
"Thai","45","F3","1","ma",0.0358868680698043,0.255116790531513,0.100966005903696,0.219229922461709,1
"Thai","45","F3","2","ma",0.0144863106046306,0.182070766944013,0.0584480817427725,0.169200608053168,1
"Thai","45","F3","3","ma",0.0133801294729644,0.17802383622201,0.0323770438603008,0.18933335044118,1
"Thai","45","F3","4","ma",0.0279426511799714,0.208513935174921,0.0867817033173562,0.18057128399495,1
"Thai","21","F3","1","mi",-0.0161370013843007,-0.219824736540207,-0.111381411031215,0.222696350212974,0.25
"Thai","21","F3","2","mi",-0.0500066188473158,-0.197865765948232,-0.117174005297078,0.167895766971855,0.25
"Thai","21","F3","3","mi",-0.00252221256801471,-0.184512144800396,-0.0829093598725853,0.207687382614264,0.25
"Thai","21","F3","4","mi",-0.00545010386615424,-0.151431245802913,-0.0630596742370526,0.162138234513196,0.25
"Thai","241","F3","1","mi",0.0659012052411101,-0.21978009955327,0.0810182230917253,0.39893526547955,0.375
"Thai","241","F3","2","mi",0.101268863588567,-0.131089074095165,0.140727644076691,0.342550504572979,0.75
"Thai","241","F3","3","mi",0.0894663236186446,-0.0804145217172371,0.122789816783417,0.259065181177724,0.75
"Thai","241","F3","4","mi",0.147113677963053,-0.00251555294045106,0.220133810175706,0.286342904913097,0.375
"Thai","315","F3","1","mi",-0.0338771377655432,0.0353640665178057,-0.107825885548178,0.228455916947266,1
"Thai","315","F3","2","mi",-0.0585234310265087,0.0344678678613413,-0.104412337569511,0.209565383808855,1
"Thai","315","F3","3","mi",-0.0411622974023825,0.0978438512061532,-0.104461334942018,0.290107714201078,1
"Thai","315","F3","4","mi",-0.0250385273586414,-0.00948515358725762,-0.117944783268615,0.183614572247844,1
"Thai","33","F3","1","mi",0.0136182659158864,-0.137044801764155,0.0178148281118884,0.199389527070623,0.5
"Thai","33","F3","2","mi",-0.0346530586577029,-0.232627936895301,-0.0336316344416317,0.244185600126625,0.375
"Thai","33","F3","3","mi",-0.0505765100420829,-0.182463490505543,-0.0310859427922693,0.192531808380525,0.375
"Thai","33","F3","4","mi",0.0291047205940617,-0.165337292250201,0.0134209654613843,0.228489159541693,0.25
"Thai","45","F3","1","mi",0.0788886496493485,0.334459415642649,0.173579717354753,0.2555707659933,1
"Thai","45","F3","2","mi",0.0451895970511203,0.237182324421853,0.0994870547157343,0.191992727370733,1
"Thai","45","F3","3","mi",0.0256779484971619,0.324506589681238,0.120487889784725,0.298828641184076,1
"Thai","45","F3","4","mi",0.0234542983102462,0.306257134141012,0.119234687721256,0.282802835830766,1
"Thai","21","F4","1","ma",-0.0429551193119862,-0.217611256504532,-0.111975310200371,0.199566156098827,0.25
"Thai","21","F4","2","ma",-0.0490220430717161,-0.287786021106274,-0.144498635417114,0.251020134076205,0.25
"Thai","21","F4","3","ma",-0.0492164736538539,-0.228715156032814,-0.124525290878865,0.204309461766773,0.25
"Thai","21","F4","4","ma",-0.0646254720472716,-0.222001408521997,-0.121200577453797,0.192031442043572,0.25
"Thai","21","F4","5","ma",-0.0589445926223242,-0.25939176190678,-0.14261928983202,0.237324376153034,0.25
"Thai","21","F4","6","ma",-0.0445918257576625,-0.233006152906254,-0.119648162827412,0.222714506644731,0.25
"Thai","241","F4","1","ma",0.0259978328183971,-0.120640580873341,0.0724315774235193,0.271714493004511,0.5
"Thai","241","F4","2","ma",0.0445331588547206,-0.150525938779128,0.0908966527844371,0.331083490448143,0.625
"Thai","241","F4","3","ma",0.10186427721028,-0.137641851944496,0.111570715093328,0.331746992594376,0.5
"Thai","241","F4","4","ma",0.106984521570625,-0.350105936227644,0.0834261123792264,0.553562768765125,0.5
"Thai","241","F4","5","ma",0.0337138524581841,-0.062646183875373,0.132324711579106,0.27917791703979,0.625
"Thai","241","F4","6","ma",0.0475214006125238,-0.114643692719127,0.0996684297157952,0.294368305250435,0.5
"Thai","315","F4","1","ma",-0.0820058920339974,-0.166355209783165,-0.171110103595733,0.132152485397822,0.125
"Thai","315","F4","2","ma",-0.0292022173025246,-0.0639078705077498,-0.0971668079456037,0.122173688702128,0.125
"Thai","315","F4","3","ma",-0.093268046941186,-0.0616408542870828,-0.130683322343131,0.118336239557788,1
"Thai","315","F4","4","ma",-0.0741147966458764,-0.0557528494569376,-0.123919044915213,0.127280483205875,1
"Thai","315","F4","5","ma",-0.0611377721171538,-0.0877577725869109,-0.125312864960219,0.113607979275511,0.125
"Thai","315","F4","6","ma",-0.0459098159193085,-0.0205594427555043,-0.0903533231003396,0.139848945496516,0.25
"Thai","33","F4","1","ma",-0.0253193014239119,-0.102836763419324,-0.0483326212727136,0.0802758251264857,0.25
"Thai","33","F4","2","ma",-0.0877320216170539,-0.1431485134968,-0.0783472636108306,0.0947503648030894,0.75
"Thai","33","F4","3","ma",-0.0342187395394432,-0.101095643372983,-0.0312788791664117,0.0966896111649708,0.25
"Thai","33","F4","4","ma",0.0276155793943104,-0.0699036593791473,-0.00563251232275576,0.0975192387734577,0.125
"Thai","33","F4","5","ma",-0.0211389219323658,-0.0624589740182233,0.00297739830917976,0.0970806740969046,0.75
"Thai","33","F4","6","ma",-0.0398388735560522,-0.153107403614005,-0.0499523547177964,0.136948859518035,0.25
"Thai","45","F4","1","ma",-0.0534187344213101,0.0627037142586287,-0.0251944964787269,0.125889734679259,1
"Thai","45","F4","2","ma",-0.0600598938550405,0.104439826143834,-0.0201808734494264,0.164499719998874,1
"Thai","45","F4","3","ma",-0.005457855370915,0.152016769015067,0.0267974862335454,0.173735866327239,1
"Thai","45","F4","4","ma",-0.0116856353493014,0.169125404313003,0.0432316178035469,0.180811039662304,1
"Thai","45","F4","5","ma",0.0342711461003597,0.141329748857029,0.0240444974650489,0.171642388767374,1
"Thai","45","F4","6","ma",0.0207023461405153,0.188641509876267,0.0525047789065614,0.184516979347459,1
"Thai","21","F4","1","mi",-0.0493934919816774,-0.202111834327178,-0.104613194664756,0.170218698184539,0.25
"Thai","21","F4","2","mi",-0.0939304222099069,-0.175674580146274,-0.0643225523909982,0.214756804030603,0.375
"Thai","21","F4","3","mi",-0.0160854958313305,-0.179631704547904,-0.0888615718296709,0.181369473057679,0.25
"Thai","21","F4","4","mi",-0.034035397579324,-0.207255822569237,-0.0990660579738744,0.213164629366123,0.25
"Thai","21","F4","5","mi",0.0137403292556245,-0.187566056552323,-0.0560447757421487,0.233255695601457,0.25
"Thai","21","F4","6","mi",-0.0350052522002703,-0.179398169895666,-0.0531468083154766,0.222571683385585,0.375
"Thai","241","F4","1","mi",0.0737995817710086,-0.17975135383616,0.134630889063962,0.449540728508228,0.5
"Thai","241","F4","2","mi",0.0999729294819916,-0.109223118319973,0.194503722035524,0.443276044788973,0.625
"Thai","241","F4","3","mi",0.145489372561746,-0.390554161731136,0.129669427712279,0.717495790635481,0.375
"Thai","241","F4","4","mi",0.164121711815377,-0.180153485386305,0.189167690280603,0.4893119896365,0.5
"Thai","241","F4","5","mi",0.134380890901323,-0.174824657783797,0.227143132384058,0.582932941601347,0.5
"Thai","241","F4","6","mi",0.0934387655806513,-0.142404548200025,0.174952609269812,0.438348362522046,0.5
"Thai","315","F4","1","mi",-0.0846578734950922,0.0351561898655965,-0.0826976291788254,0.164616703278633,1
"Thai","315","F4","2","mi",-0.0770078841153193,0.0912409953263751,-0.0568142609248128,0.216391305956166,1
"Thai","315","F4","3","mi",-0.0391300449939415,0.0574378587784454,-0.0484299834731654,0.158014676542948,1
"Thai","315","F4","4","mi",-0.0524842068977352,0.051439067997407,-0.057699029135096,0.17802193631348,1
"Thai","315","F4","5","mi",0.0156898258568825,0.1313969178813,-0.000787812098782936,0.211639020399501,1
"Thai","315","F4","6","mi",0.000266126045277084,0.227443243888304,0.0110668259799934,0.287352346691784,1
"Thai","33","F4","1","mi",0.0100630481797152,-0.137927574519913,-0.0342013677782573,0.162858442426377,0.25
"Thai","33","F4","2","mi",-0.00472706683612631,-0.101560248165279,-0.00810340572311686,0.126827844696999,0.25
"Thai","33","F4","3","mi",0.0246518245365218,-0.124878717415328,0.0150609208865264,0.187465086847433,0.25
"Thai","33","F4","4","mi",0.0301238380811296,-0.211802267797918,0.0444853287088328,0.31938278839894,0.375
"Thai","33","F4","5","mi",0.0862808069617601,-0.0651643375577925,0.0827731283533334,0.183860915761307,0.25
"Thai","33","F4","6","mi",0.0391173089992532,-0.0886001543314726,0.0612686613902465,0.194252231206477,0.375
"Thai","45","F4","1","mi",0.0195012771896606,0.197882118084891,0.0866991636569773,0.17838084089523,1
"Thai","45","F4","2","mi",-0.0453160355688094,0.210053514489715,0.058820971585394,0.255369550058524,1
"Thai","45","F4","3","mi",-0.0229497506376494,0.247164877430211,0.0670837736278178,0.27011462806786,1
"Thai","45","F4","4","mi",0.00579951815033787,0.243923290842143,0.0893012228735007,0.238123772691805,1
"Thai","45","F4","5","mi",0.0607420199685912,0.225932944426437,0.111353418218061,0.165190924457845,1
"Thai","45","F4","6","mi",0.027061695917388,0.198614491594695,0.0988653199972403,0.171552795677307,1
"Thai","21","M1","1","ma",-0.00174974996138508,-0.197409858894361,-0.0996718384257631,0.195660108932975,0.125
"Thai","21","M1","2","ma",0.0679864043519878,-0.177685876510494,-0.0607742198774198,0.245672280862482,0.125
"Thai","21","M1","3","ma",0.0269659407658474,-0.192016276509029,-0.0754241701165525,0.219537357709192,0.25
"Thai","21","M1","4","ma",-0.0083521473727362,-0.201381904072891,-0.103094405000151,0.193029756700155,0.125
"Thai","241","M1","1","ma",-0.00681210672220715,-0.233064747073104,-0.0134562585832651,0.300639420631875,0.625
"Thai","241","M1","2","ma",0.102271813467743,-0.135491922307855,0.0860395967764653,0.283639317929351,0.5
"Thai","241","M1","3","ma",0.085822597380799,-0.175171051173962,0.0871985519042053,0.340957753650016,0.625
"Thai","241","M1","4","ma",0.017215731382837,-0.213667647443863,0.0375904982509992,0.333369240878424,0.5
"Thai","315","M1","1","ma",0.00706904102614593,-0.0193618608689673,-0.0979671572857724,0.202467377733468,0.125
"Thai","315","M1","2","ma",0.0100706412827307,0.108605969389781,-0.0558867740388682,0.257324115235338,1
"Thai","315","M1","3","ma",-0.00425707841615483,0.0508115176835453,-0.0966564815608247,0.251409987286358,1
"Thai","315","M1","4","ma",-0.0194919848230425,0.106184971862742,-0.0702273568110906,0.276919960604082,1
"Thai","33","M1","1","ma",-0.0603067309236799,-0.233617771061711,-0.11298452311438,0.173311040138031,0.125
"Thai","33","M1","2","ma",0.0304564622527379,-0.100666866416547,-0.0064116630025546,0.131123328669285,0.125
"Thai","33","M1","3","ma",-0.0702445004528395,-0.111963325668422,-0.0670728977699865,0.0688285846653477,0.25
"Thai","33","M1","4","ma",-0.0566627493105585,-0.148854036699014,-0.0797674233916489,0.0921912873884551,0.125
"Thai","45","M1","1","ma",-0.0761711390907167,0.01633924695639,-0.0522869573186046,0.152179774065863,0.875
"Thai","45","M1","2","ma",0.0274414457105204,0.15380894700338,0.0992221276577425,0.210663784004981,0.875
"Thai","45","M1","3","ma",-0.0148854660852538,0.120331958121996,0.0311662297442636,0.149793915854741,0.875
"Thai","45","M1","4","ma",-0.0267386614034059,0.0734887417041537,0.0232599063284408,0.186603876836752,0.875
"Thai","21","M1","1","mi",-0.086620488742506,-0.298099728110075,-0.208988863206413,0.211479239367569,0.125
"Thai","21","M1","2","mi",0.0644905644267317,-0.135564683868356,-0.0388904201792395,0.200055248295087,0.125
"Thai","21","M1","3","mi",0.060236514753066,-0.136971617803801,-0.0168932568414589,0.212561891094053,0.25
"Thai","21","M1","4","mi",0.0485910491713509,-0.170836639751135,-0.0429527341172799,0.228640587394465,0.25
"Thai","241","M1","1","mi",0.0998645746829493,-0.224121892873736,0.120704540842099,0.44935754195275,0.5
"Thai","241","M1","2","mi",0.181651445982586,-0.170750579657606,0.165243130508836,0.449711236586192,0.5
"Thai","241","M1","3","mi",0.156058804525247,-0.157730262437409,0.170316280692602,0.453157238168679,0.5
"Thai","241","M1","4","mi",0.143838000216803,-0.211452721104923,0.109311398500326,0.463218172793764,0.5
"Thai","315","M1","1","mi",-0.0967499288829032,0.093291430348022,-0.0842646889129924,0.262729081716989,1
"Thai","315","M1","2","mi",0.00207725472339702,0.164617663113983,-0.0195866599603596,0.265306029542695,1
"Thai","315","M1","3","mi",0.0512568793107832,0.195315061792383,0.019866937891236,0.261247534198184,1
"Thai","315","M1","4","mi",0.05199094927497,0.209095789417966,0.0209605268353061,0.308638522756844,1
"Thai","33","M1","1","mi",-0.00258027457085656,-0.0952270911639236,-0.00123111279838083,0.118479526119878,0.75
"Thai","33","M1","2","mi",0.056233449893427,-0.000201593239500732,0.0919656334342742,0.129707890116072,0.75
"Thai","33","M1","3","mi",-0.0048121715551979,-0.0762965459563285,-0.00839454646568273,0.0938852683919481,0.25
"Thai","33","M1","4","mi",0.044546376915759,-0.0538811421240286,0.035937236733024,0.120772350617739,0.25
"Thai","45","M1","1","mi",-0.0144300267175604,0.182421841204339,0.0436267211770036,0.1968518679219,1
"Thai","45","M1","2","mi",0.0414861929960235,0.267057959150235,0.128549863869484,0.225571766154211,1
"Thai","45","M1","3","mi",0.0731152820990823,0.279149590736389,0.144362137347389,0.206034308637307,1
"Thai","45","M1","4","mi",-0.0506450960044725,0.0850159823794536,-0.00243690971500514,0.189627885604798,0.875
"Thai","21","M2","1","ma",0.0392600358235012,-0.178544698077774,-0.0709881857581733,0.217804733901276,0.125
"Thai","21","M2","2","ma",0.0108335724084338,-0.2227497687927,-0.103604985118423,0.233583341201134,0.125
"Thai","21","M2","3","ma",0.0224882197908683,-0.157467746692905,-0.0753588830718723,0.179955966483773,0.125
"Thai","21","M2","4","ma",-0.028930690643786,-0.185906696108814,-0.113034391111061,0.156976005465028,0.125
"Thai","241","M2","1","ma",0.130373270512556,-0.0685592598067668,0.142049560585369,0.274795978188577,0.5
"Thai","241","M2","2","ma",0.088411368767183,0.00320476431117491,0.105229560176408,0.143521177341431,0.625
"Thai","241","M2","3","ma",0.0676705336384046,-0.0964888421790726,0.0777093457466542,0.228047651202047,0.5
"Thai","241","M2","4","ma",0.0314476021207742,-0.0723626075122927,0.0832964207603989,0.21595069403969,0.625
"Thai","315","M2","1","ma",0.037963510381764,0.0959218188534546,-0.0589863497156992,0.242578860798925,1
"Thai","315","M2","2","ma",-0.0328195308182066,0.0818636694764832,-0.122371365205579,0.305302327244525,1
"Thai","315","M2","3","ma",-0.0244819285105807,0.133924143430661,-0.0885293832267398,0.321907246378897,1
"Thai","315","M2","4","ma",-0.107408883043018,0.0433862741142957,-0.119459101696863,0.231556246739523,1
"Thai","33","M2","1","ma",0.0307883038267231,-0.0461529720115929,-0.0122528725443968,0.0772264169525317,0.25
"Thai","33","M2","2","ma",0.0409057219477171,-0.0592857732755151,-0.0130135963916364,0.100191495223232,0.125
"Thai","33","M2","3","ma",0.0610389026142353,-0.0816174265100321,-0.0402719036684136,0.142656329124267,0.125
"Thai","33","M2","4","ma",-0.00417384965409403,-0.0752060726714609,-0.0591413666547673,0.0842983710870021,0.125
"Thai","45","M2","1","ma",0.0463784294396379,0.157922864668045,0.0482884676078503,0.146412994356296,1
"Thai","45","M2","2","ma",0.0550600260113239,0.120781545528899,0.0366386025194682,0.127820749376191,1
"Thai","45","M2","3","ma",-0.0411888541027162,0.0464533978884216,-0.0449350671785789,0.132984714594501,1
"Thai","45","M2","4","ma",-0.0168596668344559,0.0443313631136732,-0.0283091747677283,0.108445813813036,1
"Thai","21","M2","1","mi",0.10063606654193,-0.115160915470731,-0.00828392959978857,0.215796982012661,0.125
"Thai","21","M2","2","mi",0.0358036942187592,-0.147037645059112,-0.0521812292006178,0.183263636426838,0.25
"Thai","21","M2","3","mi",0.0288759261269805,-0.137134574040171,-0.0252262549169395,0.187286464509872,0.375
"Thai","21","M2","4","mi",0.0126424338909543,-0.166381874297768,-0.0815987374788003,0.179024308188722,0.125
"Thai","241","M2","1","mi",0.118757775419033,0.0196842259777212,0.195478218687383,0.24551462018196,0.75
"Thai","241","M2","2","mi",0.0760133236527542,0.0545576924937077,0.148707117518616,0.15127724972616,0.75
"Thai","241","M2","3","mi",0.0761828089056227,0.0226454830375098,0.127316464766312,0.156808618019319,0.75
"Thai","241","M2","4","mi",0.0189661095259031,-0.0565647195763965,0.0889422626296282,0.213055573329868,0.625
"Thai","315","M2","1","mi",0.0423372573888016,0.135998916171464,-0.0314037354829859,0.255481518144182,1
"Thai","315","M2","2","mi",-0.00986878534148771,0.370005827900423,-0.00586827828880557,0.503711974993404,1
"Thai","315","M2","3","mi",-0.0278357957568993,0.172834160436264,-0.0629069899333426,0.337282898913277,1
"Thai","315","M2","4","mi",-0.0244725028667887,0.104229772625585,-0.0696735520135391,0.267126618481084,1
"Thai","33","M2","1","mi",0.0542532097284159,0.0238286042766811,0.0459551162273249,0.0336024906695682,0.375
"Thai","33","M2","2","mi",0.0694370537500058,0.00370860872171257,0.0435070731723521,0.085678145088672,0.25
"Thai","33","M2","3","mi",-0.00691703666281454,-0.0547173901950181,-0.0188251066471282,0.0600975679058547,0.25
"Thai","33","M2","4","mi",-0.0583655016344102,-0.101087506491482,-0.0643806444465075,0.0675723622747091,0.25
"Thai","45","M2","1","mi",0.0282256029933428,0.33929673223503,0.146390273977379,0.311071129241688,1
"Thai","45","M2","2","mi",0.0463647378400062,0.184059852733429,0.0720198487638765,0.144762140690939,1
"Thai","45","M2","3","mi",-0.0391673014420097,0.124461470335133,0.00521564631689199,0.163628771777143,1
"Thai","45","M2","4","mi",-0.0336246452300306,0.117936464883106,0.00386110466247649,0.151561110113137,1
"Thai","21","M3","1","ma",-0.161953023492083,-0.208224661744871,-0.179028682492591,0.0516526562343388,0.25
"Thai","21","M3","2","ma",-0.178158474005405,-0.214110250262018,-0.192708127469257,0.0431453669963556,0.25
"Thai","21","M3","3","ma",-0.133147815145897,-0.154056855759431,-0.137928521256037,0.0288337592547808,0.25
"Thai","21","M3","4","ma",-0.132065454920616,-0.145779483895793,-0.143637407921789,0.0165889220406513,0.125
"Thai","21","M3","5","ma",-0.153935452958036,-0.150775319068907,-0.146374949855612,0.0118368646829956,0.75
"Thai","241","M3","1","ma",-0.039881337384428,-0.160104502323591,0.0113445054662334,0.269391439919099,0.5
"Thai","241","M3","2","ma",-0.0614084669572485,-0.141577660965367,0.00955403399897419,0.24410631685712,0.625
"Thai","241","M3","3","ma",-0.0352615906946811,-0.163735443533981,0.0520677985722531,0.336912019115791,0.625
"Thai","241","M3","4","ma",0.0214517349671651,-0.105818481775498,0.0849202481575606,0.295468850549017,0.5
"Thai","241","M3","5","ma",0.0811226156865887,-0.0997852252256415,0.169421483320258,0.397795458710269,0.5
"Thai","315","M3","1","ma",-0.150621131892258,0.107971085027637,-0.11652039416588,0.294796899937061,1
"Thai","315","M3","2","ma",-0.146693660425945,0.0184685217299402,-0.138468643185678,0.197333700118027,1
"Thai","315","M3","3","ma",-0.131391527314641,0.08792917076328,-0.0981784482864902,0.233702425143708,1
"Thai","315","M3","4","ma",-0.113813062884523,0.150974969908283,-0.0621206620272674,0.27350550324814,1
"Thai","315","M3","5","ma",-0.0833405266723544,0.158458653793805,-0.0612246047250739,0.289164059267312,1
"Thai","33","M3","1","ma",-0.161425533761192,-0.182761862363229,-0.151650670810257,0.0467600951709349,0.625
"Thai","33","M3","2","ma",-0.138437296837293,-0.176724628289986,-0.126942525561351,0.0701936553916338,0.625
"Thai","33","M3","3","ma",-0.0726030633876849,-0.12664381147349,-0.0644875317022364,0.0847625332135245,0.625
"Thai","33","M3","4","ma",-0.103347174991803,-0.150158481366696,-0.0979133952724011,0.0689856587632616,0.625
"Thai","33","M3","5","ma",-0.0952222974233319,-0.173482935729586,-0.0879040681871573,0.122479103736495,0.625
"Thai","45","M3","1","ma",-0.150057387886905,0.0966503645411458,0.00664524782260505,0.327002670543044,0.875
"Thai","45","M3","2","ma",-0.0562613066292551,0.161134172288854,0.097038936025846,0.339081343260849,0.875
"Thai","45","M3","3","ma",-0.0699292718132378,-0.0498155903087515,0.0521972385982247,0.286279637409423,0.75
"Thai","45","M3","4","ma",-0.0461300819466691,-0.0547328468671974,0.0606502491706837,0.259749663839552,0.75
"Thai","45","M3","5","ma",-0.0231367686706979,-0.00149974332661474,0.0934507445557592,0.270889396515012,0.75
"Thai","21","M3","1","mi",-0.124959769582886,-0.212475114423527,-0.159252155839768,0.0973936700016912,0.25
"Thai","21","M3","2","mi",-0.126158303728392,-0.192173366481528,-0.145916145812894,0.0708123221100478,0.375
"Thai","21","M3","3","mi",-0.103785356261283,-0.12441054156558,-0.0961422339772038,0.0537531868584515,0.375
"Thai","21","M3","4","mi",-0.0650327848567994,-0.122053133875464,-0.098170635398481,0.057020349018665,0.125
"Thai","21","M3","5","mi",-0.0913987085588953,-0.143375306262689,-0.101951049512732,0.0669289249723505,0.375
"Thai","241","M3","1","mi",0.113460882909557,-0.159495999156285,0.134328262105173,0.458264994666664,0.5
"Thai","241","M3","2","mi",0.0892925336353786,-0.1168767913158,0.132729374472512,0.403136122707366,0.5
"Thai","241","M3","3","mi",0.121104537747307,-0.121906476013704,0.149325701055404,0.410912739911319,0.5
"Thai","241","M3","4","mi",0.123684979836666,-0.141122037043325,0.151465437097443,0.4328541459195,0.5
"Thai","241","M3","5","mi",0.193464866980813,-0.149526435202685,0.214535370219592,0.500787386607601,0.5
"Thai","315","M3","1","mi",-0.0402861849691536,0.38420156848014,0.0507329806714984,0.438405638252465,1
"Thai","315","M3","2","mi",-0.0620783742360848,0.163379711819058,-0.0357823256127152,0.254509171295571,1
"Thai","315","M3","3","mi",-0.0362446469344817,0.324188425011713,0.0276257716764192,0.378656795193105,1
"Thai","315","M3","4","mi",-0.0291672718080232,0.387075462379835,0.0951871342612304,0.416242734187858,1
"Thai","315","M3","5","mi",-0.00851235308564439,0.378114754342664,0.0794570379107827,0.396902417454019,1
"Thai","33","M3","1","mi",-0.0879677455668912,-0.17236258215854,-0.0964349843153077,0.106092290432141,0.5
"Thai","33","M3","2","mi",-0.097264660141543,-0.140318582874128,-0.0743307460282937,0.0946858269674902,0.5
"Thai","33","M3","3","mi",-0.0490943550646751,-0.113893386150735,-0.0251515406197479,0.129066619261135,0.625
"Thai","33","M3","4","mi",-0.0314963137457089,-0.119729622698876,-0.0245762976506853,0.132060269939946,0.625
"Thai","33","M3","5","mi",-0.0358749252598997,-0.168661286337278,-0.0481413163088,0.160617497654174,0.375
"Thai","45","M3","1","mi",0.0357868718154516,0.336717796160955,0.191530392594528,0.326480310872777,0.875
"Thai","45","M3","2","mi",0.012182998437001,0.186199607726441,0.185849704737598,0.381158062507117,0.875
"Thai","45","M3","3","mi",0.0390578333100981,0.139729257037183,0.201454386212058,0.337327325844177,0.875
"Thai","45","M3","4","mi",0.00255927702168188,0.137533350439012,0.177619697198186,0.340145350573307,0.875
"Thai","45","M3","5","mi",0.089419734823159,0.233280774633967,0.281806328094889,0.384751217653671,0.875
"Thai","21","M4","1","ma",-0.0437577621284813,-0.208855312592125,-0.114205182599245,0.184786046444855,0.25
"Thai","21","M4","2","ma",-0.118672029826971,-0.205287789921802,-0.156148748652864,0.100678800754237,0.25
"Thai","21","M4","3","ma",-0.0503791907712805,-0.157097205798338,-0.118215052088028,0.121747176106238,0.125
"Thai","21","M4","4","ma",0.0400589510080005,-0.130034524214751,-0.0602814697340256,0.170093475222751,0.125
"Thai","21","M4","5","ma",0.0296638640197602,-0.168626044635507,-0.0975227562370918,0.198289908655267,0.125
"Thai","241","M4","1","ma",0.077536454609234,-0.114396241912265,0.0883075814825915,0.290619844642699,0.625
"Thai","241","M4","2","ma",-0.000804837484486465,-0.271243276640586,-0.0177367943353286,0.362069833060216,0.5
"Thai","241","M4","3","ma",0.0174317636257394,-0.290046992300176,-0.0589101290451912,0.38243922325327,0.375
"Thai","241","M4","4","ma",0.166031813997402,-0.206082450193003,0.0586235903422093,0.372114264190406,0.125
"Thai","241","M4","5","ma",0.116496018725608,-0.240554419751715,0.0619781408603517,0.444427584281635,0.5
"Thai","315","M4","1","ma",-0.0868093025383939,0.124605367209717,-0.0747987419971546,0.279689947852048,1
"Thai","315","M4","2","ma",-0.12006388800962,0.039765501003613,-0.122223433462637,0.219655995112029,1
"Thai","315","M4","3","ma",-0.0616674398664379,0.0440573133740326,-0.0899307960218543,0.199217329893684,1
"Thai","315","M4","4","ma",0.00599014486080496,0.151272898529228,-0.0347338661241565,0.279783920385717,1
"Thai","315","M4","5","ma",-0.0569074263198883,0.14375238654112,-0.0774313331281549,0.320761836829947,1
"Thai","33","M4","1","ma",0.0209625079777441,-0.0650660230249197,-0.0325238233823454,0.0866449213797109,0.125
"Thai","33","M4","2","ma",-0.0737602670753008,-0.0856022494257165,-0.0748402916863577,0.0341944886168587,0.25
"Thai","33","M4","3","ma",0.00580244041289713,-0.0465524178132661,-0.0252462991745916,0.0650873508983985,0.25
"Thai","33","M4","4","ma",0.0040544622674851,-0.0309057248028165,-0.00886845668309531,0.053341659747326,0.25
"Thai","33","M4","5","ma",-0.0123704100984976,-0.0218855955582078,-0.0100548910766176,0.0296773004263229,0.25
"Thai","45","M4","1","ma",0.0910042092487778,0.221094591862572,0.131196838605818,0.133698003777626,1
"Thai","45","M4","2","ma",-0.0670617376716151,0.104216876940506,-0.00305870785721692,0.171278614612121,1
"Thai","45","M4","3","ma",0.0135122213752245,0.0937434703807879,0.0188457683041465,0.112890900710207,1
"Thai","45","M4","4","ma",0.0541566416716956,0.192322685436695,0.0944696191784072,0.138166043764999,1
"Thai","45","M4","5","ma",0.00747167530891841,0.162179536440535,0.0478698232718522,0.161412558703942,1
"Thai","21","M4","1","mi",-0.0225689431291031,-0.148257714427806,-0.0859127595290389,0.1428880438869,0.25
"Thai","21","M4","2","mi",-0.0949176396465313,-0.197875256775647,-0.125980400501811,0.140621222511552,0.25
"Thai","21","M4","3","mi",-0.00923507186888059,-0.172748816545562,-0.0911104985526862,0.163513744676681,0.125
"Thai","21","M4","4","mi",0.0493962342907859,-0.136128481830532,-0.0364851867542809,0.185524716121318,0.125
"Thai","21","M4","5","mi",0.0515787051967011,-0.0805903083369855,-0.0281706472612362,0.132322844020197,0.125
"Thai","241","M4","1","mi",0.24476323864052,-0.144545051438602,0.157815432527022,0.403359713289326,0.5
"Thai","241","M4","2","mi",0.0186941207761842,-0.170253153173332,0.0413655902734735,0.326272121741278,0.5
"Thai","241","M4","3","mi",0.0534633647980554,-0.201956469441679,0.0211013760186844,0.339818680148743,0.375
"Thai","241","M4","4","mi",0.157258529070808,-0.149349472465805,0.100774546040808,0.35420028146283,0.375
"Thai","241","M4","5","mi",0.113858166436243,-0.185567422499301,0.0960217885264002,0.36755168330737,0.625
"Thai","315","M4","1","mi",0.0197392675653875,0.179584885026029,0.00814661786572847,0.262212617853893,1
"Thai","315","M4","2","mi",-0.0469333892712573,0.163767479944949,-0.0583403648155897,0.332249905152005,1
"Thai","315","M4","3","mi",-0.0313375542639125,0.133145837678506,-0.037981581922963,0.259609869969431,1
"Thai","315","M4","4","mi",0.0227839845707391,0.242636484343166,0.0116350191140249,0.334852632433626,1
"Thai","315","M4","5","mi",0.0586522397835931,0.183035837382836,-0.00324540830118874,0.28554872036736,1
"Thai","33","M4","1","mi",0.00966447255635968,-0.0217090085858618,0.0210096162238224,0.0843606038092224,0.375
"Thai","33","M4","2","mi",0.0339461165888968,-0.0366980345838725,0.00551116306589319,0.0706441511727693,0.125
"Thai","33","M4","3","mi",0.062066362456844,0.00348905880772918,0.0329529805891959,0.0607546704940153,0.25
"Thai","33","M4","4","mi",0.0683658266375447,0.025267580696094,0.05194613386986,0.0592544304418346,0.25
"Thai","33","M4","5","mi",0.0680719020119737,0.0167268931397167,0.0447853416327992,0.051345008872257,0.125
"Thai","45","M4","1","mi",0.133345333978467,0.253058520931388,0.174731565979471,0.132076404704464,1
"Thai","45","M4","2","mi",-0.0109096027543872,0.164388254468232,0.0544968126399789,0.175297857222619,1
"Thai","45","M4","3","mi",0.0315081534890033,0.185442516884916,0.0840315015693821,0.153934363395913,1
"Thai","45","M4","4","mi",0.092989806241736,0.240835647301747,0.130613987812189,0.150224327440894,1
"Thai","45","M4","5","mi",0.0875290202636237,0.207973859328189,0.105726785130638,0.15936739109181,1
"Thai","21","M5","1","ma",0.0219257391892018,-0.269056072287296,-0.14647840840485,0.290981811476498,0.125
"Thai","21","M5","2","ma",-0.13597648506617,-0.0818753419572879,-0.108925913511727,0.0541011431088825,1
"Thai","21","M5","3","ma",-0.0354197627176155,-0.265803822283556,-0.167899826827774,0.230384059565941,0.125
"Thai","21","M5","4","ma",-0.0336352615256768,-0.251704330212437,-0.125717467544267,0.221382709726653,0.25
"Thai","21","M5","5","ma",-0.0153642720440726,-0.252161155863966,-0.119875279367764,0.262289344426636,0.25
"Thai","241","M5","1","ma",0.1055659205925,-0.144288097342045,0.0637886535988138,0.292261469548667,0.25
"Thai","241","M5","2","ma",-0.00633974282885533,0.0864729523129885,0.040066604742065,0.0928126951418438,1
"Thai","241","M5","3","ma",0.169492173389694,-0.167374030911604,0.104338613163533,0.380504740099567,0.25
"Thai","241","M5","4","ma",0.152389828504937,-0.119516155048747,0.102260861370063,0.310213003059402,0.25
"Thai","241","M5","5","ma",0.225386112380877,-0.174976102680898,0.139832671895968,0.418405919163985,0.25
"Thai","315","M5","1","ma",-0.00694849956703579,0.000751830620292944,-0.1019454450733,0.206603717673379,1
"Thai","315","M5","2","ma",0.256378005646555,0.168632688928388,0.212505347287472,0.0877453167181678,0.125
"Thai","315","M5","3","ma",-0.080728190698819,-0.0161471660833364,-0.153933254471516,0.240788932531253,1
"Thai","315","M5","4","ma",-0.0237868348794212,-0.0781135486533569,-0.12740239312752,0.20567601885975,0.25
"Thai","315","M5","5","ma",0.0624044576583539,0.0671582188002633,-0.113084988843712,0.311393442115972,1
"Thai","33","M5","1","ma",-0.0778610749441291,-0.156862411725736,-0.0876032389206721,0.0941570652483962,0.375
"Thai","33","M5","2","ma",-0.0998598284874659,-0.0392035710354108,-0.0695316997614352,0.0606562574520551,1
"Thai","33","M5","3","ma",0.0241725940565863,-0.127937101642243,-0.0380713616320546,0.152109695698829,0.125
"Thai","33","M5","4","ma",0.0116950361831162,-0.107902137600889,-0.0262821789631873,0.143956292130862,0.25
"Thai","33","M5","5","ma",0.0461852862867304,-0.0921056467558453,0.000271644625354598,0.167331789317196,0.25
"Thai","45","M5","1","ma",0.0947211116010918,0.0814624646714817,0.0335428528346147,0.101355050302949,0.125
"Thai","45","M5","2","ma",0.0991306373914857,0.0828204494216084,0.0909755434065473,0.0163101879698773,0.125
"Thai","45","M5","3","ma",-0.019893559075831,0.0373723209456605,-0.03412082748042,0.105208992179016,1
"Thai","45","M5","4","ma",0.0900611049022349,0.0969366445812598,0.0435018290133217,0.0969379037495248,1
"Thai","45","M5","5","ma",0.0133442635802218,0.150041935658256,0.0359065903225667,0.176910256961517,0.875
"Thai","21","M5","1","mi",-0.0288706463863735,-0.247577161621946,-0.12225381018942,0.25681997349872,0.25
"Thai","21","M5","2","mi",0.0367601692818887,-0.0302924782183721,0.0609747144648701,0.147330275089621,0.75
"Thai","21","M5","3","mi",-0.0358910126393149,-0.243990845631729,-0.110262961371128,0.233665790674047,0.25
"Thai","21","M5","4","mi",0.0380689679755558,-0.221087904876052,-0.074927441768927,0.259156872851608,0.125
"Thai","21","M5","5","mi",-0.0200997054997274,-0.239349371840804,-0.0981527651983974,0.235988392405796,0.25
"Thai","241","M5","1","mi",0.218847894969638,-0.12068898426708,0.172006929166769,0.428628953232685,0.375
"Thai","241","M5","2","mi",0.294042855110876,-0.131887689164016,0.0242647597763203,0.456595721656081,0.125
"Thai","241","M5","3","mi",0.23809937969167,-0.13628859162499,0.174131678115867,0.437273631612685,0.375
"Thai","241","M5","4","mi",0.129578944076408,-0.0866723919848362,0.144051430344421,0.323226073832417,0.375
"Thai","241","M5","5","mi",0.157668275239908,-0.123373930582852,0.179121162855727,0.461444444195105,0.5
"Thai","315","M5","1","mi",0.0191459293409713,0.0536998553661669,-0.0728275354738683,0.226030362981434,1
"Thai","315","M5","2","mi",0.158130381097732,0.0345838452071493,0.0783460789745738,0.123546535890583,0.125
"Thai","315","M5","3","mi",-0.0199842851142425,0.23651966599781,-0.0837964481995497,0.437294853892877,1
"Thai","315","M5","4","mi",-0.000813914048802872,0.154301722117661,-0.0796871240764738,0.376804996888997,1
"Thai","315","M5","5","mi",0.0543811913551565,0.201878654912137,-0.0590648374962158,0.389573837426964,1
"Thai","33","M5","1","mi",-0.0297256461442265,-0.150504699340059,-0.0486987842248066,0.160954956657961,0.375
"Thai","33","M5","2","mi",-0.120211168867123,-0.0824055779424371,-0.101308373404777,0.037805590924686,1
"Thai","33","M5","3","mi",-0.0196321450555066,-0.0948054861900494,-0.0418517242646186,0.0751733411345428,0.125
"Thai","33","M5","4","mi",0.00739365592675558,-0.096014313415924,-0.0286145803011947,0.10340796934268,0.125
"Thai","33","M5","5","mi",0.0496767722984766,-0.10556703901686,-0.00488181544124548,0.155243811315337,0.125
"Thai","45","M5","1","mi",0.0953257585589567,0.264821254390377,0.159447739229616,0.169495495831421,1
"Thai","45","M5","2","mi",0.258695921399764,0.189865243042711,0.224280582221234,0.0688306783570528,0.125
"Thai","45","M5","3","mi",0.0223181665149187,0.156614347123648,0.0395045096054116,0.157882845569882,1
"Thai","45","M5","4","mi",0.0541390822215172,0.151299248351935,0.0728255795114507,0.10997792966437,1
"Thai","45","M5","5","mi",0.140211711687241,0.343423183184735,0.151254108814243,0.257056090281296,1
"Thai","33","F1b","1","ma",-0.0446377188468778,-0.181707143297584,-0.0469704691080291,0.176182809209416,0.375
"Thai","33","F1b","2","ma",0.00948546361721509,-0.134925111408072,-0.0286226760915372,0.144410575025288,0.125
"Thai","21","F1b","1","ma",-0.00972618800179652,-0.232977560551241,-0.108057970981125,0.223251372549445,0.125
"Thai","21","F1b","2","ma",-0.00612740413282667,-0.146239739061323,-0.0848928703346861,0.179313190219992,0.25
"Thai","21","F1b","3","ma",-0.0100307976818559,-0.231823893243196,-0.107949191006107,0.22179309556134,0.125
"Thai","241","F1b","1","ma",-0.00511263867277098,-0.115657497118605,0.0295880564664732,0.214234958653174,0.5
"Thai","241","F1b","2","ma",-0.0248245218818881,-0.188945907552128,-0.00324080623896653,0.285623988309558,0.625
"Thai","241","F1b","3","ma",-0.00579268883896656,-0.0313451266073721,0.0449743044911335,0.131726404001466,0.625
"Thai","45","F1b","1","ma",-0.0521217031512221,0.0679846255567479,-0.0260810111246429,0.12896767333111,1
"Thai","45","F1b","2","ma",-0.0552984716294433,0.0195403609856473,-0.0422481049714516,0.0956792085557181,1
"Thai","45","F1b","3","ma",-0.0509483035646257,0.067984201915652,-0.0259331098999282,0.128966862351438,1
"Thai","315","F1b","1","ma",-0.0183054551537697,0.0473495399846277,-0.0801825512339957,0.197670359855505,1
"Thai","315","F1b","2","ma",-0.059013643702499,0.0539683491245556,-0.0645632209061586,0.160746555857983,1
"Thai","315","F1b","3","ma",-0.0182714266456835,0.0518842728292552,-0.0794446827903697,0.202754814351319,1
"Thai","33","F1b","1","mi",-0.0011154750045803,-0.098735701555271,-0.0129581231901871,0.129675035260207,0.375
"Thai","33","F1b","2","mi",-0.0253497465707871,-0.126576721864875,0.00617231307652593,0.172090089614533,0.375
"Thai","21","F1b","1","mi",-0.00745769441199118,-0.130773800743141,-0.0727991288159909,0.154101684589955,0.25
"Thai","21","F1b","2","mi",-0.052225757632801,-0.197864793460852,-0.101480573649791,0.196612201779937,0.375
"Thai","241","F1b","1","mi",0.0583968029058855,-0.0925140061353806,0.1063268416132,0.29655368628806,0.625
"Thai","241","F1b","2","mi",0.0568631561756078,0.0349683731030752,0.122999729660475,0.14637288198733,0.625
"Thai","45","F1b","1","mi",0.018249900626461,0.266582052944547,0.0867057455412058,0.248332152318086,1
"Thai","45","F1b","2","mi",0.0335216739849332,0.274718470445479,0.10705540199768,0.241196796460545,1
"Thai","315","F1b","1","mi",0.00245464318149626,0.189743138414737,0.00146493875050193,0.268115512454786,1
"Thai","315","F1b","2","mi",-0.0117921829398579,0.178319251053444,-0.0223599749061277,0.291072806737516,1
"Thai","33","F1b","1","mu",-0.00233610646297632,-0.0886559465244268,-0.00372234966984456,0.109584966335289,0.5
"Thai","33","F1b","2","mu",0.00779626605490472,-0.0953435789296127,0.0137849846223207,0.150244622773772,0.375
"Thai","21","F1b","1","mu",0.0088886134495708,-0.160655241357236,-0.0783596470588719,0.180814690440867,0.125
"Thai","21","F1b","2","mu",0.0191838635490558,-0.162817598059976,-0.080494746992212,0.182001461609032,0.125
"Thai","241","F1b","1","mu",0.0425334356001081,-0.0114364338618923,0.101429266511907,0.187664746349779,0.625
"Thai","241","F1b","2","mu",0.0609430565822392,0.00648520535144714,0.143167102597816,0.212102777931801,0.625
"Thai","45","F1b","1","mu",0.0223301965882467,0.353980274886643,0.155232648020134,0.331650078298397,1
"Thai","45","F1b","2","mu",0.0690475287014326,0.254210787960631,0.152775599253871,0.186650154261274,0.875
"Thai","315","F1b","1","mu",-0.00729412030109676,0.165204065702584,0.0131441859330186,0.233921294120546,1
"Thai","315","F1b","2","mu",-0.0124657636672206,0.150979610556922,-0.0144599095662375,0.236670857761203,1
"Thai","33","F2b","1","ma",-0.0121783309596759,-0.131431771353705,-0.051789337358222,0.119253440394029,0.125
"Thai","33","F2b","2","ma",-0.0126118674153774,-0.132460734375117,-0.0518746753431221,0.119848866959739,0.125
"Thai","21","F2b","1","ma",-0.063415453220352,-0.262976620527362,-0.156349333178866,0.200008656269777,0.25
"Thai","21","F2b","2","ma",-0.0639852112496014,-0.264583125105985,-0.155006733134877,0.201072670038995,0.25
"Thai","241","F2b","1","ma",0.104815606863206,0.0172622677715147,0.133992669325206,0.172049931230519,0.625
"Thai","241","F2b","2","ma",0.10555748956666,-0.00504680658486682,0.129543854356331,0.193828917927121,0.625
"Thai","45","F2b","1","ma",-0.0439208184345636,0.106397955556447,-0.0128024298054796,0.163880370504947,1
"Thai","45","F2b","2","ma",-0.0463884643420871,0.108715097413728,-0.0129592701982783,0.167396641619107,1
"Thai","315","F2b","1","ma",-0.078183589027462,-0.035325708266962,-0.144076221488303,0.182281069388843,1
"Thai","315","F2b","2","ma",-0.0798660995981993,-0.0394615904050765,-0.14582549205673,0.178166417952174,1
"Thai","33","F2b","1","mi",0.044083682242006,-0.141114448196535,0.0105036184159527,0.18851635359061,0.625
"Thai","33","F2b","2","mi",0.0143397912997884,-0.11686303451813,0.00344696797701482,0.146044493704165,0.25
"Thai","21","F2b","1","mi",0.0296778537799731,-0.181963587617476,-0.0742417445522892,0.211641441397449,0.125
"Thai","21","F2b","2","mi",0.0150775442564668,-0.192133793510604,-0.0820235878597668,0.207211337767071,0.125
"Thai","241","F2b","1","mi",0.107235093700436,-0.0643319931174247,0.155185779768032,0.314362520052606,0.625
"Thai","241","F2b","2","mi",0.165043843581185,-0.134187848568966,0.171395275055781,0.408354197399277,0.625
"Thai","45","F2b","1","mi",0.0354043746977405,0.168309645658599,0.0432351609589108,0.170466086006244,1
"Thai","45","F2b","2","mi",0.0284116286470402,0.187105514041808,0.0678841182912556,0.160039054386936,1
"Thai","315","F2b","1","mi",-0.0293325433337813,0.17769500144844,-0.0518488436277741,0.338457556244886,1
"Thai","315","F2b","2","mi",-0.0677211715462733,0.00395401064027149,-0.11195476624008,0.189245439428841,1
"Thai","33","F2b","1","mu",0.0274938310623246,-0.125136378223791,0.0236445577419177,0.206143950814199,0.625
"Thai","33","F2b","2","mu",0.0242115953961606,-0.0917553739565666,0.0304191986189817,0.154596834623802,0.625
"Thai","21","F2b","1","mu",-0.0201609198256717,-0.12147439656418,-0.0642217691406807,0.112567948770376,0.25
"Thai","21","F2b","2","mu",-0.000465761624851992,-0.135416045722156,-0.0712278936689457,0.134950284097304,0.125
"Thai","241","F2b","1","mu",0.178146334747165,-0.0665721686995041,0.210009100906766,0.377411398872508,0.625
"Thai","241","F2b","2","mu",0.151833414762966,0.110901388765079,0.243544031204536,0.196568653267703,0.625
"Thai","45","F2b","1","mu",0.0124202686423028,0.211590958629906,0.083354110977472,0.199170689987603,1
"Thai","45","F2b","2","mu",-0.00301983946016765,0.150753909319971,0.0496332995127248,0.153773748780139,1
"Thai","315","F2b","1","mu",-0.0442492845639154,0.12138038198604,-0.0608701213727487,0.257900739012879,1
"Thai","315","F2b","2","mu",-0.0376280699645759,0.0402480419626342,-0.0816617414010416,0.185070101901869,1
"Thai","33","F2b","1","na",-0.0194050725514097,-0.0877220297737342,-0.0284218729183999,0.0807594515422739,0.25
"Thai","33","F2b","2","na",-0.00355562737628381,-0.122878895074262,-0.0389146276911371,0.119323267697979,0.125
"Thai","21","F2b","1","na",-0.0525510187311526,-0.193780653063792,-0.122796925244733,0.141229634332639,0.125
"Thai","21","F2b","2","na",-0.0403477936222877,-0.228703442388982,-0.134673784057485,0.188355648766695,0.125
"Thai","241","F2b","1","na",0.129656405442302,-0.0779565394134515,0.119160753274434,0.257771206271802,0.5
"Thai","241","F2b","2","na",0.0851062350614278,-0.00894776540690338,0.118386691532364,0.179081388761657,0.5
"Thai","45","F2b","1","na",-0.0481867265496228,0.103357356553177,-0.00748229137224493,0.151544083102799,1
"Thai","45","F2b","2","na",-0.0314566415849798,0.113143802990053,0.00230364500561355,0.150724650450955,1
"Thai","315","F2b","1","na",-0.135339141769293,-0.119028653378824,-0.192403017203433,0.142131664447989,1
"Thai","315","F2b","2","na",-0.0450052681994575,-0.024432232336788,-0.135604539078171,0.188340804801255,1
"Thai","33","F2b","1","ni",0.0445035029481494,-0.129992854322715,0.0236978629710418,0.201473959619597,0.25
"Thai","33","F2b","2","ni",0.0264627227438374,-0.114676646115148,0.0117799228911152,0.158990980679518,0.625
"Thai","21","F2b","1","ni",-0.0111282842474886,-0.170918764795151,-0.100818708121909,0.169151306721163,0.125
"Thai","21","F2b","2","ni",-0.0185823418352987,-0.202884906484787,-0.103103671344087,0.184302564649489,0.125
"Thai","241","F2b","1","ni",0.131923055461368,-0.0339575255784518,0.168155457296211,0.278628010878307,0.625
"Thai","241","F2b","2","ni",0.14245017113169,-0.069689089599873,0.182010660523412,0.35377693585072,0.625
"Thai","45","F2b","1","ni",-0.00652344765439932,0.134131608099247,0.0279136187083815,0.140655055753646,1
"Thai","45","F2b","2","ni",-0.0345717867266603,0.134512928860855,0.0116423739321015,0.169084715587515,1
"Thai","315","F2b","1","ni",-0.0442108456189226,0.0295364226438809,-0.112392800311432,0.2282464434038,1
"Thai","315","F2b","2","ni",-0.0776891790651695,-0.0140817572446735,-0.135663026571269,0.183981185660913,1
"Thai","33","F2b","1","nu",0.0577704589127113,-0.0823406263527423,0.0584017893080114,0.174811462702001,0.75
"Thai","33","F2b","2","nu",0.0573836219647288,-0.0967107280188569,0.0306492856607849,0.173863712797921,0.25
"Thai","21","F2b","1","nu",0.0177829564741097,-0.124827596630221,-0.0629180180013464,0.148834785028051,0.125
"Thai","21","F2b","2","nu",-0.0179765433065544,-0.164417127159426,-0.0770051674251067,0.155021695046916,0.25
"Thai","241","F2b","1","nu",0.239007398584026,-0.0963608159602667,0.247840154725914,0.464951090285644,0.5
"Thai","241","F2b","2","nu",0.177560120861426,0.0473588097669942,0.23297812355299,0.259753947553707,0.625
"Thai","45","F2b","1","nu",0.0141106555867224,0.286087554448667,0.106844035659794,0.271976898861945,1
"Thai","45","F2b","2","nu",0.0193156266313377,0.18374588571648,0.0756770791094313,0.164430259085142,1
"Thai","315","F2b","1","nu",-0.0273346718369525,0.0715976288812512,-0.0616884666307439,0.208324924640721,1
"Thai","315","F2b","2","nu",-0.0569258267714217,0.0180522110156322,-0.0896341656356109,0.163255415359321,1
"Thai","315","F2b","3","nu",-0.00448800544621948,0.108834762280824,-0.0409781552281724,0.219074841324083,1
"Thai","33","F3b","1","ma",0.00964744814630024,-0.0301221273404471,-0.017677327455356,0.0397695754867474,0.125
"Thai","33","F3b","2","ma",-0.0222835094278351,-0.0100452591967585,-6.31158060634259e-05,0.0443139065470358,0.5
"Thai","21","F3b","1","ma",-0.0616367265985662,-0.549202327888789,-0.251914767920711,0.487565601290223,0.125
"Thai","21","F3b","2","ma",-0.128870986581804,-0.240108768100653,-0.197455483804766,0.111237781518849,0.125
"Thai","241","F3b","1","ma",0.152683353076729,0.166146200797312,0.20407664355971,0.084975024299812,0.625
"Thai","241","F3b","2","ma",0.0667888779138447,0.0806454363831889,0.148523141497403,0.133763607727469,0.625
"Thai","45","F3b","1","ma",0.00615563835581239,0.147794518174901,0.0463333592400086,0.14175259170757,1
"Thai","45","F3b","2","ma",0.0348454603397066,0.201710222308618,0.0869947687534702,0.166864761968911,1
"Thai","315","F3b","1","ma",-0.147896813081546,-0.134083956260201,-0.396915484671064,0.482509906235908,1
"Thai","315","F3b","2","ma",-0.118109509359684,-0.139276669863408,-0.185108221481808,0.109741482097812,0.125
"Thai","33","F3b","1","mi",0.0729311408559832,0.0086662496652177,0.0418881708952905,0.0731811867895067,0.25
"Thai","33","F3b","2","mi",0.0520049174810853,0.0252035808269194,0.0472076389952426,0.0444006908010764,0.25
"Thai","21","F3b","1","mi",-0.0150998664308869,-0.242184795873198,-0.134353440505579,0.227084929442311,0.125
"Thai","21","F3b","2","mi",0.00440141041951373,-0.246580718622016,-0.126492964808585,0.250982129041529,0.125
"Thai","241","F3b","1","mi",0.186975487710533,0.213585773797141,0.287834090298256,0.15166061843105,0.75
"Thai","241","F3b","2","mi",0.22105174870222,0.00989698676410002,0.228399034248309,0.289971213350224,0.625
"Thai","45","F3b","1","mi",0.121923236947528,0.276996082021236,0.176628629453083,0.155072845073708,1
"Thai","45","F3b","2","mi",0.0931961126383223,0.25415979166772,0.157034266356159,0.160963679029397,1
"Thai","315","F3b","1","mi",-0.0574786153068261,-0.0204621431642635,-0.0992065188202995,0.140602722980727,1
"Thai","315","F3b","2","mi",-0.0356712694228286,-0.0467906232778057,-0.134550036840693,0.159327668396128,0.125
"Thai","33","F3b","1","mu",-0.00423221202771609,0.040188426200286,0.0500845054151998,0.0718782920839851,0.25
"Thai","33","F3b","2","mu",0.0779757791706772,0.0786161219909111,0.102971689927147,0.0483122440682605,0.25
"Thai","21","F3b","1","mu",-0.0601442410767444,-0.243250151853461,-0.152202810983864,0.183105910776716,0.125
"Thai","21","F3b","2","mu",0.0299432426536122,-0.578923438701429,-0.228197706742633,0.620491903444999,0.125
"Thai","241","F3b","1","mu",0.12842209839547,-0.0367938612514104,0.216656621975374,0.342563011675881,0.5
"Thai","241","F3b","2","mu",0.177561876964909,0.0379300651279556,0.22551184260686,0.248644056550773,0.5
"Thai","45","F3b","1","mu",0.0856127144468184,0.287153709642716,0.181350973065387,0.201540995195897,1
"Thai","45","F3b","2","mu",0.0292430987983192,0.341147598156628,0.183974207138074,0.311904499358308,1
"Thai","315","F3b","1","mu",-0.0895237438208431,-0.0271048263870755,-0.124442076041308,0.148621651545732,1
"Thai","315","F3b","2","mu",-0.0739907605257492,-0.0517401169928044,-0.110426201956092,0.134973668541671,0.25
"Thai","33","F3b","1","na",0.0274100775313518,-0.0215896518651403,-0.00484145617965916,0.0489997293964921,0.125
"Thai","33","F3b","2","na",-0.0263906363259902,-0.0518882025743187,-0.0313970137559559,0.0378956249699804,0.625
"Thai","21","F3b","1","na",-0.0994515115106127,-0.288564303352704,-0.217268898579599,0.189112791842092,0.125
"Thai","21","F3b","2","na",-0.098245780783535,-0.412346373247732,-0.226074632711325,0.314100592464197,0.125
"Thai","241","F3b","1","na",0.104858885352531,0.110399422936263,0.143080134743355,0.0655228823442632,0.5
"Thai","241","F3b","2","na",0.158014686468836,0.0981495566494713,5.93001407831958e-06,0.595931578985779,0.5
"Thai","45","F3b","1","na",0.00054087388038661,0.116430695521473,0.0288857012988358,0.116773088637686,1
"Thai","45","F3b","2","na",0.0236619383652531,0.107785187798731,0.0151740043394078,0.125326996095819,1
"Thai","315","F3b","1","na",-0.13310412453819,-0.112391761249275,-0.214790432991102,0.162270903218101,1
"Thai","315","F3b","2","na",-0.113749436929836,-0.149267505124174,-0.289807945094348,0.50747442062177,0.125
"Thai","33","F3b","1","ni",0.0540019529791669,0.0831707666107001,0.0968973172356213,0.0795309474044644,0.25
"Thai","33","F3b","2","ni",0.0595453950105253,0.0296702304342835,0.0490916400597444,0.0392388999731565,0.25
"Thai","21","F3b","1","ni",-0.019136286614097,-0.206052456137313,-0.113619446334631,0.186916169523216,0.125
"Thai","21","F3b","2","ni",-0.0238164816234156,-0.239371469887953,-0.143639399942675,0.215554988264538,0.125
"Thai","241","F3b","1","ni",0.128836699036356,0.258693288793047,0.286233533688373,0.237063813844454,0.75
"Thai","241","F3b","2","ni",0.223480711018806,0.182912961940908,0.302921619836797,0.174867458505793,0.75
"Thai","45","F3b","1","ni",0.21689278735284,0.389276396544173,0.188820987367988,0.32620318391445,1
"Thai","45","F3b","2","ni",0.0661126013990341,0.206869299777982,0.127538203168423,0.140756698378948,1
"Thai","315","F3b","1","ni",-0.0933662149885464,-0.069983338938148,-0.14254355539941,0.128267185363275,1
"Thai","315","F3b","2","ni",0.0629639745387508,0.48036415965586,-0.0485722767487838,0.710533013151431,1
"Thai","33","F3b","1","nu",0.0110311961114442,0.0551876184862592,0.0550546085566218,0.0560732160808395,0.75
"Thai","33","F3b","2","nu",-0.0343285961438329,-0.0133879757642907,0.00673767037181805,0.0849102355040077,0.375
"Thai","21","F3b","1","nu",-0.0379971789487157,-0.235702422772064,-0.150612346629863,0.197705243823348,0.125
"Thai","21","F3b","2","nu",-0.0798044615443382,-0.263474748620542,-0.177226468733082,0.183670287076204,0.125
"Thai","241","F3b","1","nu",0.11828568510496,0.120451291634115,0.208467028217303,0.151938629745146,0.625
"Thai","241","F3b","2","nu",0.152017983435444,0.0462930628084995,0.218637133675276,0.2487787402621,0.625
"Thai","45","F3b","1","nu",0.0466189036759107,0.267015415714102,0.133386932442617,0.220396512038192,1
"Thai","45","F3b","2","nu",0.0295867613469133,-0.314848461544581,0.0535202744034387,0.4899632321981,0.875
"Thai","315","F3b","1","nu",-0.100113498435617,-0.0514257797921512,-0.160950821463233,0.167581737511378,1
"Thai","315","F3b","2","nu",-0.188586650762278,-0.0566441877534849,-0.219571450442185,0.472795615994835,1
"Thai","33","F4b","1","ma",0.0868079874627432,-0.0614547169756304,0.0561904518450545,0.148262704438374,0.125
"Thai","33","F4b","2","ma",0.0677130238428602,-0.133920282930522,0.0256676314765225,0.213247970982162,0.25
"Thai","33","F4b","3","ma",0.019211434621149,-0.104343397334854,-0.00837540702057604,0.123554831956003,0.125
"Thai","21","F4b","1","ma",0.0102082479286546,-0.220574609869034,-0.106133994315819,0.230782857797689,0.125
"Thai","21","F4b","2","ma",0.0548421428028157,-0.26438755148542,-0.0988125293631591,0.319229694288236,0.125
"Thai","21","F4b","3","ma",-0.00834219512700656,-0.213446372434412,-0.103921624918353,0.208791158723455,0.25
"Thai","241","F4b","1","ma",0.330369347416328,0.0856148948660224,0.220948305955802,0.244754452550305,0.125
"Thai","241","F4b","2","ma",0.284668779426152,0.0744124166308449,0.331851133784679,0.370590127564295,0.625
"Thai","241","F4b","3","ma",0.164916224491062,-0.525781186979427,0.0680728850253903,0.794919387246498,0.5
"Thai","45","F4b","1","ma",-0.0381063804161671,0.0910587682639672,-0.0355531911260931,0.177284508889187,1
"Thai","45","F4b","2","ma",0.0799637399987481,0.324327792548259,0.1240698165439,0.290543157845019,1
"Thai","45","F4b","3","ma",-0.0125799436958028,0.122849800855849,0.00472366615321309,0.166560014320065,1
"Thai","315","F4b","1","ma",-0.0150354075291748,-0.496105259475358,-0.298131126074994,0.543861724846055,0.125
"Thai","315","F4b","2","ma",-0.0338080530142537,0.132714548254343,-0.0659940567874843,0.271364534489423,1
"Thai","315","F4b","3","ma",-0.0351442404607559,-0.0724671359133075,-0.114601961178083,0.132525702424922,0.125
"Thai","33","F5b","1","ma",0.0174761110251017,0.068226529461591,0.064637520195683,0.0592089467121195,0.625
"Thai","33","F5b","2","ma",-0.00292110543368602,0.0860777420121158,0.0792437474789075,0.102733371513119,0.5
"Thai","21","F5b",NA,"ma",-0.08353147803646,-0.280568550921819,-0.196277503194443,0.197037072885359,0.125
"Thai","241","F5b",NA,"ma",0.112690293025424,0.0608312404088541,0.220707264197982,0.231452082600755,0.625
"Thai","45","F5b",NA,"ma",0.0152846292616302,0.25630086154877,0.0995660946233781,0.24101623228714,1
"Thai","315","F5b",NA,"ma",-0.136342292207731,-0.160395837731786,-0.208529235274603,0.113000853986196,0.125
"Thai","33","F5b",NA,"mi",0.00231661005763618,0.0317349331627667,0.0374703342415007,0.0460392589857254,0.375
"Thai","21","F5b",NA,"mi",-0.0694488195338434,-0.278698284507499,-0.166382242861252,0.215883610686698,0.25
"Thai","241","F5b",NA,"mi",0.0464022975901064,-0.0414608581049718,0.153966678224144,0.273928056103802,0.625
"Thai","45","F5b","2","mi",0.0184200380991101,0.265938005200978,0.11325264370011,0.247517967101868,1
"Thai","45","F5b",NA,"mi",-0.0105378457078734,0.21866485797375,0.0718178613739125,0.229202703681623,1
"Thai","315","F5b","2","mi",-0.137085132534898,-0.0411624074883047,-0.160790659841033,0.166901491293545,1
"Thai","315","F5b",NA,"mi",-0.102161129589892,-0.0287718988503004,-0.12308861196619,0.13791136596168,1
"Thai","33","F5b",NA,"mu",0.00196033529749466,0.0807693042497262,0.0834850359921129,0.107571222504737,0.5
"Thai","21","F5b",NA,"mu",-0.059723592030306,-0.239176116699439,-0.142697239520122,0.179452524669133,0.125
"Thai","241","F5b",NA,"mu",0.0537676500017959,-0.0772392197672451,0.138356258242123,0.292576953303314,0.625
"Thai","45","F5b",NA,"mu",0.0254556465188431,0.259594946676345,0.119763185151255,0.234139300157502,1
"Thai","315","F5b",NA,"mu",-0.09867799549121,-0.0464196493379928,-0.141586077345937,0.151793568545384,1
"Thai","33","F5b",NA,"na",0.0286941756684707,0.0607660058875745,0.0600579415513312,0.0564033894983026,0.375
"Thai","21","F5b",NA,"na",-0.0877271118666486,-0.229507900740751,-0.178180149903409,0.153240900832014,0.125
"Thai","241","F5b",NA,"na",0.0127890180294713,0.121615741161241,0.145659765933052,0.195731550374576,0.75
"Thai","45","F5b",NA,"na",-0.0125411353866108,0.176846092711521,0.050653776044403,0.189387228098132,1
"Thai","315","F5b",NA,"na",-0.114253546503801,-0.146711907702382,-0.2013675571716,0.134727683331439,0.125
"Thai","33","F5b",NA,"ni",0.0394390282942504,0.0286786827753091,0.0432587131226288,0.0273398245324267,0.375
"Thai","21","F5b",NA,"ni",-0.0904693276021507,-0.292656833767828,-0.183006296119172,0.209046865327037,0.25
"Thai","241","F5b",NA,"ni",0.0797832847289469,0.144038066066165,0.213644628224587,0.186388453490344,0.5
"Thai","45","F5b","2","ni",-0.0051037360612369,0.239204006946749,0.100162616920237,0.244307743007986,1
"Thai","45","F5b",NA,"ni",-0.0325538046751234,0.265364221331181,0.0823582671668305,0.297918026006304,1
"Thai","315","F5b","1","ni",-0.0943473801554651,-0.00424391748434582,-0.133050519818693,0.184009545213952,1
"Thai","315","F5b","2","ni",-0.108343550278628,-0.0048595772071822,-0.136754542475503,0.183182493547745,1
"Thai","33","F5b",NA,"nu",0.0539562519631798,0.0754719005653014,0.0959615349738469,0.0673027722479198,0.25
"Thai","21","F5b",NA,"nu",-0.0719296197578201,-0.253096148367333,-0.157438139866101,0.196178541429227,0.25
"Thai","241","F5b",NA,"nu",0.0657499179344657,0.108611677104926,0.14527622858131,0.114975066109861,0.75
"Thai","45","F5b",NA,"nu",0.039369017159384,0.277847878956569,0.131590307924515,0.238478861797185,1
"Thai","315","F5b",NA,"nu",-0.0786619335391561,0.034935564394465,-0.12174162850579,0.231670856979012,1
"Thai","33","F6b","1","ma",-0.291561421855304,-0.362559597694915,-0.301747573375896,0.090448036787044,0.5
"Thai","33","F6b","2","ma",-0.212383728616858,-0.328616236743337,-0.26102711339611,0.119338503865792,0.125
"Thai","33","F6b","3","ma",-0.207403422348344,-0.323134345473401,-0.226637858014716,0.136838121368056,0.625
"Thai","21","F6b","1","ma",-0.221260735112243,-0.346466065294215,-0.310562116548169,0.145520423835587,0.125
"Thai","21","F6b","2","ma",-0.123223225755267,-0.370008801084627,-0.123534552746495,0.571608421050517,0.625
"Thai","21","F6b","3","ma",-0.178364220493373,-0.311698651347144,-0.278551244003192,0.18827845329282,0.125
"Thai","241","F6b","1","ma",0.85270905058538,0.280402375071487,0.697161844030474,0.572306675513893,0.125
"Thai","241","F6b","2","ma",-0.0146130815948576,0.290832976721183,0.418363366388948,0.757855503670461,0.5
"Thai","241","F6b","3","ma",1.02003047099667,0.311765627564104,0.678298717776388,0.708264843432568,0.125
"Thai","45","F6b","1","ma",-0.197358193989602,-0.099933828464264,-0.203599528613021,0.150324566929313,1
"Thai","45","F6b","2","ma",-0.207156128182391,-0.164618097575516,-0.220227318404078,0.0765625133055916,1
"Thai","45","F6b","3","ma",-0.163568373272893,0.617693148780647,-0.038991748751265,0.85795894552385,1
"Thai","315","F6b","1","ma",-0.283878203572466,0.552775329000087,-0.0429209177531893,0.935896542040425,1
"Thai","315","F6b","2","ma",0.388071145997991,1.27168147051676,0.264026759543824,1.57885993082731,1
"Thai","315","F6b","3","ma",-0.193895203504147,0.657272726328665,-0.0500507161335009,0.993564236139683,1
"Thai","33","F7b","1","ma",0.12270145577241,0.0569773082920313,0.0878538627764131,0.0657241474803788,0.125
"Thai","33","F7b","2","ma",0.0372735517499365,-0.00709024067668823,0.0215907273126069,0.047692395878738,0.375
"Thai","33","F7b","3","ma",0.0331879158318818,0.0160627202573818,0.0376214714538304,0.0460723794062421,0.375
"Thai","33","F7b","4","ma",0.0306821882533916,0.00898095830295561,0.0283577427174527,0.0386637049042725,0.375
"Thai","33","F7b","5","ma",0.0249423154276735,-0.0462508820766313,0.00278826185852127,0.0744344624353261,0.25
"Thai","21","F7b","1","ma",0.00014713744567195,-0.276515113951808,-0.107145547100281,0.27666225139748,0.125
"Thai","21","F7b","2","ma",-0.0780764247387598,-0.407724298206624,-0.174167505246661,0.329647873467865,0.125
"Thai","21","F7b","3","ma",0.00778402250488478,-0.16901409448335,-0.0629406425705465,0.201225624209285,0.25
"Thai","21","F7b","4","ma",-0.0632696562851314,-0.2386066899551,-0.14338648355399,0.175337033669969,0.125
"Thai","21","F7b","5","ma",-0.0364202970988029,-0.275990198029575,-0.128700266976294,0.239569900930772,0.125
"Thai","241","F7b","1","ma",0.161972139702121,0.0548926155032348,0.208359786542573,0.214942745186328,0.625
"Thai","241","F7b","2","ma",0.124868811492291,-0.0397494156569639,0.166955690837032,0.293473997747828,0.625
"Thai","241","F7b","3","ma",0.12648087593307,0.0764293554196394,0.196644177511031,0.177205994862169,0.5
"Thai","241","F7b","4","ma",0.154439395201329,0.0922956779803168,0.209733236314081,0.167777684035847,0.625
"Thai","241","F7b","5","ma",0.0933291081042238,0.167705847903443,0.19312602580193,0.144636805076827,0.625
"Thai","45","F7b","1","ma",-0.00438504171591427,0.0827695621144326,0.00797609238262655,0.111046810765678,1
"Thai","45","F7b","2","ma",-0.00608107883904268,0.0656819823215523,0.00697513221739801,0.072911739775011,1
"Thai","45","F7b","3","ma",0.0525083570954793,0.0769435221238831,0.0386353229849753,0.0659759932922265,1
"Thai","45","F7b","4","ma",0.0385563517836877,0.0808294600311522,0.0246104307195009,0.073604313007685,1
"Thai","45","F7b","5","ma",-0.000586351139465038,0.0835914900483006,0.0178657252340466,0.0982394308980042,1
"Thai","315","F7b","1","ma",-0.0879459230126671,-0.0938275922287625,-0.148511387004979,0.113742386313125,0.125
"Thai","315","F7b","2","ma",-0.092384932302115,-0.0806107169177896,-0.132172199664469,0.0764114373267088,1
"Thai","315","F7b","3","ma",-0.0452077423012461,-0.0564474017503798,-0.105910844095726,0.103888768866752,0.125
"Thai","315","F7b","4","ma",-0.0548164724203354,-0.0854574019401684,-0.115486470563686,0.104217636943293,0.125
"Thai","315","F7b","5","ma",-0.0315629675000575,-0.12837517351265,-0.130672339887386,0.142312918722984,0.125
"Thai","33","F8b","1","na",-0.0320828313282436,-0.015820252831924,-0.00888616057410026,0.0338940507461514,0.375
"Thai","33","F8b","2","na",0.0853362310108233,-0.0410635347446358,0.0372916827620281,0.136547488320918,0.25
"Thai","33","F8b","3","na",0.0595909908295589,0.00578074374800481,0.0383696609825467,0.0613402674668687,0.25
"Thai","33","F8b","4","na",-0.0648989890269753,-0.0326976034136892,-0.0122814827837441,0.0802414303404692,0.5
"Thai","241","F8b","1","na",-0.0694764774850681,-0.197800636358492,-0.00296951259409728,0.274033608854847,0.5
"Thai","241","F8b","2","na",-0.255395820277051,-0.120549409760965,-0.0282392898765357,0.300793022636673,0.625
"Thai","241","F8b","3","na",-0.0771180128002584,-0.173085692018833,-0.0232848979160977,0.228850125915035,0.625
"Thai","33","NAb","1","ma",-0.0151878482044275,-0.173762553255244,-0.0590075724585826,0.158574705050816,0.125
"Thai","21","NAb","1","ma",-0.0981863147736282,-0.272789121297009,-0.190222072560718,0.174602806523381,0.125
"Thai","241","NAb","1","ma",0.0957024509030603,-0.0620260531417986,0.109078470955795,0.229384959104996,0.625
"Thai","45","NAb","1","ma",-0.00734164695058329,0.109400217170716,0.00480675767047678,0.157759408079329,1
"Thai","45","NAb","2","ma",-0.0102217179312598,0.154505487602946,0.0117424269914239,0.217191544157494,1
"Thai","315","NAb","1","ma",-0.114166247119976,-0.0967932030973643,-0.184706911059866,0.142397992634218,1
"Thai","33","NAb","1","mi",0.0877787408092587,-0.113479311481913,0.0383587532506088,0.203055894107242,0.25
"Thai","33","NAb","2","mi",-0.0150141992768756,-0.197271128943356,-0.0357214167869634,0.203289222882012,0.625
"Thai","21","NAb","1","mi",-0.0429566814307623,-0.214259479105156,-0.119892720751239,0.171302797674393,0.125
"Thai","21","NAb","2","mi",-0.0617049920324647,-0.198392222663123,-0.119605952842126,0.136687230630658,0.125
"Thai","241","NAb","1","mi",0.208991991352494,-0.0243399408566148,0.255577746874783,0.380118910924858,0.5
"Thai","241","NAb","2","mi",0.174837699645425,-0.180088330776628,0.131241149650775,0.418670740590211,0.5
"Thai","45","NAb","1","mi",0.0850185244278812,0.18342790967071,0.171668512116029,0.319286239794849,0.875
"Thai","45","NAb","2","mi",-0.0346675949593525,0.206376232871666,0.0290502995653175,0.25125009353154,1
"Thai","315","NAb","1","mi",-0.0633528928288514,0.088837598220249,-0.0868906922785885,0.230376571738038,1
"Thai","315","NAb","2","mi",-0.11741028371374,0.0759432183564134,-0.105339618102568,0.239375034755286,1
"Thai","315","NAb","3","mi",-0.0623353791248756,0.185014886324674,-0.0576535615875481,0.31932872214615,1
"Thai","33","NAb","1","mu",0.0829595007278759,-0.147799717044743,0.0667400512282366,0.290037623348896,0.5
"Thai","33","NAb","2","mu",0.0220679657574654,-0.170520268166059,-0.00459863415176468,0.20540283587124,0.625
"Thai","21","NAb","1","mu",0.00179804710372479,-0.201179171783174,-0.0825237617868559,0.212755765529454,0.25
"Thai","21","NAb","2","mu",-0.0242329208444226,-0.176518400182564,-0.0962227328125894,0.152285479338142,0.125
"Thai","241","NAb","1","mu",0.163814915459258,-0.0224892508171066,0.240763624232736,0.368722011395836,0.625
"Thai","241","NAb","2","mu",0.139755168413432,0.0531349669340531,0.216705200713039,0.226660047048897,0.625
"Thai","45","NAb","1","mu",0.0682659798231123,0.35217302003413,0.178186285290668,0.284224108452493,0.875
"Thai","45","NAb","2","mu",0.0158049730705677,0.25350158103858,0.0857087853308764,0.249311672497377,1
"Thai","315","NAb","1","mu",-0.0481916245335773,0.144271580531566,-0.0320289362686933,0.242331444908838,1
"Thai","315","NAb","2","mu",-0.0768724875601261,0.00857368053990821,-0.106420594854861,0.16875361689973,1
"Thai","33","NAb","1","na",0.0161705604536344,-0.167319213980242,-0.0436279997684445,0.183489774433876,0.125
"Thai","33","NAb","2","na",-0.0174159616472137,-0.173447157969535,-0.0538759305519044,0.156031196322322,0.125
"Thai","21","NAb","1","na",-0.0673556640450756,-0.260389432803822,-0.175855459417204,0.193033768758747,0.125
"Thai","21","NAb","2","na",-0.0841849326837995,-0.221462149681719,-0.159969024094678,0.137277216997919,0.125
"Thai","241","NAb","1","na",0.0982776100110175,-0.112418872387205,0.103909504420051,0.286858039177444,0.5
"Thai","241","NAb","2","na",0.0805949000706816,-0.0291694673419203,0.089402600238332,0.164147006390523,0.625
"Thai","45","NAb","1","na",-0.0190262509214916,0.122949265063282,-0.00977997460202076,0.186744326278836,1
"Thai","45","NAb","2","na",-0.0507466881683821,0.145824595028971,-0.0103474527314879,0.219388378279916,1
"Thai","315","NAb","1","na",-0.12399364784336,-0.110567247652615,-0.189961691783146,0.140164639774245,1
"Thai","315","NAb","2","na",-0.0901041331904233,-0.152468237622247,-0.169430085403949,0.119704809116479,0.125
"Thai","33","NAb","1","ni",0.057177754952472,-0.216122603916393,-0.00384945416716508,0.275912594125417,0.25
"Thai","33","NAb","2","ni",0.00382730818126995,-0.142416310681844,-0.0214296395970274,0.156123000836714,0.25
"Thai","21","NAb","1","ni",-0.0624081810904887,-0.231077549601423,-0.145713015724022,0.170406269430145,0.25
"Thai","21","NAb","2","ni",-0.0832287351083726,-0.208389171176609,-0.138000162408952,0.1349194637232,0.25
"Thai","241","NAb","1","ni",0.140550910770826,-0.176170695233338,0.146346029622175,0.445401130326747,0.5
"Thai","45","NAb","1","ni",0.00471793092399754,0.0622915410845374,0.064919252622951,0.228031448166145,0.875
"Thai","45","NAb","2","ni",0.0786953585896484,-0.0321949479781378,0.1460423395032,0.243635303046951,0.625
"Thai","315","NAb","1","ni",-0.111642948901402,0.0668962518160721,-0.105398222521991,0.231302191651631,1
"Thai","315","NAb","2","ni",0.00051582743308936,0.203483870285238,0.0413754021198478,0.222050333091608,1
"Thai","33","NAb","1","nu",0.0947741424699383,-0.133503525005495,0.0593985435577302,0.235665029115301,0.25
"Thai","33","NAb","2","nu",0.0402619384121357,-0.122402685428017,0.0210939664511469,0.177009770660667,0.75
"Thai","21","NAb","1","nu",-0.0018442040082186,-0.174467410160777,-0.0778392223891426,0.176349855034898,0.25
"Thai","21","NAb","2","nu",-0.0341303383059667,-0.184113711239575,-0.105816462450406,0.149983372933608,0.125
"Thai","241","NAb","1","nu",0.162613844247303,-0.0134795660310746,0.21253182904478,0.323548793651827,0.625
"Thai","241","NAb","2","nu",0.19277804789865,0.0651756688160397,0.237776729065661,0.236946553447956,0.625
"Thai","45","NAb","1","nu",0.0104538494423986,0.270394944740771,0.0963861920457335,0.259941095298372,1
"Thai","45","NAb","2","nu",-0.00399417284387715,0.267790336593667,0.100281698723957,0.271784509437544,1
"Thai","315","NAb","1","nu",-0.0616064062943763,0.0694743719656961,-0.0810080595219754,0.226015022273179,1
"Thai","315","NAb","2","nu",-0.0810631415657643,0.124018165836151,-0.0863551158498509,0.277923431952988,1
"Thai","33","M1b","1","ma",0.0217487051094268,-0.0971340341540171,-0.0283335105390504,0.118882739263444,0.125
"Thai","33","M1b","2","ma",0.0318988454483245,-0.132333517542393,-0.049137218818948,0.164232362990717,0.125
"Thai","33","M1b","3","ma",0.0465602519153161,-0.0974435942834342,-0.0333450485530717,0.14400384619875,0.125
"Thai","21","M1b","1","ma",0.0507646450966126,-0.222222268861131,-0.102080711069567,0.272986913957743,0.125
"Thai","21","M1b","2","ma",0.00408144584170768,-0.193912542130665,-0.0921979683670023,0.206424453052527,0.25
"Thai","21","M1b","3","ma",0.0299875045389929,-0.275597808886158,-0.114261500780387,0.305585313425151,0.125
"Thai","241","M1b","1","ma",0.219259871486788,-0.133718575398816,0.148424854044657,0.397486683970465,0.375
"Thai","241","M1b","2","ma",0.299053631336724,-0.108135439416669,0.228731017992643,0.452385581731142,0.375
"Thai","241","M1b","3","ma",0.281116895601343,-0.141122899740107,0.192282168242925,0.459519526733482,0.375
"Thai","45","M1b","1","ma",0.0261769186329134,0.118464356119458,0.0217606094355127,0.134343986373375,1
"Thai","45","M1b","2","ma",0.0348096590442432,0.119123822872564,0.0177759371008107,0.138746715914713,1
"Thai","45","M1b","3","ma",0.0707674038345055,0.143286708716272,0.0456684869515964,0.132637498761872,1
"Thai","315","M1b","1","ma",-0.0366747395315089,0.189078447433337,-0.0935496177846784,0.375305826616748,1
"Thai","315","M1b","3","ma",-0.031279100008162,0.0985195040924833,-0.111250049799811,0.308138910291334,1
"Thai","33","M1b","1","na",0.00994370794348938,-0.090610554674566,-0.0335905806509015,0.100554262618055,0.125
"Thai","33","M1b","2","na",0.0734239760718997,0.0261408708604997,0.05146539650887,0.0472831052113999,0.125
"Thai","33","M1b","3","na",0.075299467576237,0.023852049516747,0.0486327215876216,0.0517445168710144,0.25
"Thai","33","M1b","4","na",-0.0746207805795416,-0.123320780687368,-0.0889370433539737,0.0487000001078265,0.125
"Thai","21","M1b","1","na",-0.147383944316415,-0.321594914120252,-0.2578076623166,0.174210969803836,0.125
"Thai","241","M1b","1","na",0.143398220531153,-0.0900406701698767,0.125761131454135,0.290667805216674,0.5
"Thai","241","M1b","2","na",0.114477206210627,-0.185203280035921,0.0336593909321227,0.306575239467033,0.25
"Thai","241","M1b","3","na",0.141124004313994,-0.16634286215095,0.0508995997863709,0.307466866464944,0.125
"Thai","241","M1b","4","na",0.165939030119959,0.139865086797655,0.282446603324315,0.260095224349549,0.5
"Thai","45","M1b","1","na",-0.0577327507325437,0.32101164967452,0.0834492253859261,0.378744400407064,1
"Thai","315","M1b","1","na",-0.169124558777553,0.00403277072310428,-0.193873479900823,0.284631912203056,1
"Thai","315","M1b","2","ma",-0.0442072241816237,0.090233261112744,-0.132592750812693,0.335845813226049,1
"Thai","33","M2b","1","ma",0.012204504071701,-0.0455666751992516,0.0393073135746065,0.12361611246674,0.625
"Thai","33","M2b","2","ma",0.00723822505861724,-0.0751731059421613,-0.00703444031924716,0.0876977811701741,0.5
"Thai","33","M2b","3","ma",-0.0169327953429057,-0.0787267167536148,-0.00218385396462256,0.110494134404339,0.625
"Thai","21","M2b","1","ma",0.00235243812343191,-0.108130354190431,-0.0484702872311341,0.116037549580084,0.25
"Thai","21","M2b","2","ma",-0.0286163425263372,-0.113798635104341,-0.0728224937651626,0.0851822925780034,0.125
"Thai","21","M2b","3","ma",-0.0267679889116568,-0.143955627868265,-0.0845165934164065,0.117187638956608,0.125
"Thai","241","M2b","1","ma",0.103735806356408,0.045956079872007,0.232164079589211,0.329269637735319,0.625
"Thai","241","M2b","2","ma",0.113503076680994,-0.0482763946667454,0.189335537018712,0.358340719919463,0.5
"Thai","241","M2b","3","ma",0.0160836622266263,-0.0206870841482213,0.137795312475232,0.273271161497579,0.625
"Thai","45","M2b","1","ma",-0.0247330876889726,0.19565062625942,0.0636656389834758,0.220383713948393,1
"Thai","45","M2b","2","ma",-0.0231971985500938,0.199953905009303,0.0429197674737523,0.223151103559397,1
"Thai","45","M2b","3","ma",-0.00252633785603478,0.210209240147774,0.0776395712044366,0.212735578003809,1
"Thai","315","M2b","1","ma",-0.0799187661971481,0.0974405163672168,-0.0763558934765704,0.239528987109428,1
"Thai","315","M2b","2","ma",-0.0802020354746663,0.0128332180819137,-0.101453415154524,0.167374643940296,1
"Thai","315","M2b","3","ma",-0.0478963180666831,0.0930901304614775,-0.0695123686148213,0.233140870311371,1
"Thai","33","M2b","5","na",-0.297761810993325,-0.385736043637996,-0.320477874376937,0.0985209831833795,0.25
"Thai","33","M3b",NA,"ma",0.0245426855333118,-0.0588246923137228,-0.0369944864516553,0.0833673778470346,0.125
"Thai","21","M3b",NA,"ma",0.0288569394781799,-0.156595967377317,-0.101994122410458,0.185452906855497,0.125
"Thai","241","M3b",NA,"ma",0.0767877932653272,-0.103111631079318,0.134875597817411,0.318502208092531,0.625
"Thai","45","M3b",NA,"ma",0.00849810827479808,0.0917643048758147,-0.0230498721269946,0.169134169589622,1
"Thai","315","M3b",NA,"ma",-0.00141717651030161,0.0282593733218374,-0.0957854475283832,0.197530567155551,1
"Thai","33","M3b",NA,"mi",0.029729974339576,-0.0929883318826842,0.00425353572922667,0.12271830622226,0.125
"Thai","21","M3b",NA,"mi",-0.00183386495076173,-0.192085256274323,-0.111756852207994,0.190251391323561,0.125
"Thai","241","M3b",NA,"mi",0.171058198834268,-0.100536304673692,0.179932249866477,0.373567311468948,0.5
"Thai","45","M3b",NA,"mi",0.0164470966113134,0.158629216705666,0.0310598893966248,0.180313898009754,1
"Thai","315","M3b",NA,"mi",-0.0268262348139631,0.17147970011573,-0.0616672160418012,0.326611183311958,1
"Thai","33","M3b",NA,"mu",0.00862645022780622,-0.0605513252367417,-0.00872830619448759,0.0734004089230763,0.75
"Thai","21","M3b",NA,"mu",-0.0179571816824663,-0.184949885443136,-0.117935845850226,0.16699270376067,0.125
"Thai","241","M3b",NA,"mu",0.0935587295149465,-0.13620086791486,0.132292501963465,0.382550254827266,0.625
"Thai","45","M3b",NA,"mu",0.0107089055964082,0.304019468177765,0.0963629427453855,0.294508898186433,1
"Thai","315","M3b",NA,"mu",-0.0504111964953608,-0.0135162412820567,-0.11566375675434,0.157751378970851,1
"Thai","33","M3b",NA,"na",-0.021875516577233,-0.100578526164545,-0.0532706804239213,0.0787030095873123,0.125
"Thai","21","M3b",NA,"na",0.0441446850834851,-0.156729394192828,-0.0858201377506678,0.200874079276314,0.125
"Thai","241","M3b",NA,"na",0.111748813191387,-0.0334942871604471,0.166571233147485,0.276251358333786,0.625
"Thai","45","M3b",NA,"na",0.00766549891847969,0.120796379191229,5.36987333524575e-05,0.170754126345415,1
"Thai","315","M3b",NA,"na",-0.0210999902207582,0.00569513587909933,-0.0997910890348165,0.1627586495792,1
"Thai","33","M3b",NA,"ni",0.00579046897974946,-0.00117262006210609,0.0261969734137171,0.0426627911493505,0.75
"Thai","21","M3b",NA,"ni",0.024164498851835,-0.164709386835981,-0.0951777566040938,0.188873885687816,0.125
"Thai","241","M3b",NA,"ni",0.193087162073264,0.0482120067988213,0.260910637045992,0.29181099021788,0.5
"Thai","45","M3b",NA,"ni",0.0115760395562859,0.194239425651352,0.0486838024976886,0.195614935754259,1
"Thai","315","M3b",NA,"ni",-0.00304841525044961,0.0929434588881123,-0.0637822452873514,0.230920300650045,1
"Thai","33","M3b",NA,"nu",0.0265512526785757,-0.0499087974726631,-0.00359635438341323,0.0764600501512388,0.125
"Thai","21","M3b",NA,"nu",-0.00974374405660673,-0.197158677033423,-0.125060656671836,0.187414932976816,0.125
"Thai","241","M3b",NA,"nu",0.111137209160745,-0.145797140051419,0.153477830890543,0.422739963725648,0.5
"Thai","45","M3b",NA,"nu",0.0205893382806213,0.248977015156558,0.0674934858209734,0.242656868969184,1
"Thai","315","M3b",NA,"nu",-0.0226378275312718,-0.045146509164444,-0.102089553345905,0.136966029901524,0.125
