hit_rate,0.01,0.02,0.03,0.04,0.05,0.06,0.07,0.08,0.09,0.1,0.11,0.12,0.13,0.14,0.15,0.16,0.17,0.18,0.19,0.2,0.21,0.22,0.23,0.24,0.25,0.26,0.27,0.28,0.29,0.3,0.31,0.32,0.33,0.34,0.35,0.36,0.37,0.38,0.39,0.4,0.41,0.42,0.43,0.44,0.45,0.46,0.47,0.48,0.49,0.5,0.51,0.52,0.53,0.54,0.55,0.56,0.57,0.58,0.59,0.6,0.61,0.62,0.63,0.64,0.65,0.66,0.67,0.68,0.69,0.7,0.71,0.72,0.73,0.74,0.75,0.76,0.77,0.78,0.79,0.8,0.81,0.82,0.83,0.84,0.85,0.86,0.87,0.88,0.89,0.9,0.91,0.92,0.93,0.94,0.95,0.96,0.97,0.98,0.99
0.01,0,0.71,0.97,1.16,1.31,1.44,1.55,1.65,1.75,1.83,1.91,1.98,2.05,2.11,2.18,2.24,2.29,2.35,2.4,2.45,2.5,2.55,2.6,2.64,2.69,2.73,2.78,2.82,2.86,2.9,2.94,2.98,3.02,3.06,3.1,3.14,3.17,3.21,3.25,3.28,3.32,3.36,3.39,3.43,3.47,3.5,3.54,3.57,3.61,3.64,3.68,3.71,3.75,3.78,3.82,3.86,3.89,3.93,3.96,4,4.04,4.07,4.11,4.15,4.19,4.23,4.26,4.3,4.34,4.38,4.43,4.47,4.51,4.55,4.6,4.64,4.69,4.73,4.78,4.83,4.88,4.94,4.99,5.05,5.11,5.17,5.24,5.3,5.38,5.46,5.54,5.63,5.73,5.84,5.97,6.12,6.3,6.55,6.93
0.02,0.71,0,0.56,0.78,0.94,1.08,1.19,1.3,1.39,1.47,1.55,1.63,1.7,1.76,1.82,1.88,1.94,1.99,2.05,2.1,2.15,2.2,2.24,2.29,2.34,2.38,2.42,2.47,2.51,2.55,2.59,2.63,2.67,2.71,2.74,2.78,2.82,2.86,2.89,2.93,2.97,3,3.04,3.08,3.11,3.15,3.18,3.22,3.25,3.29,3.33,3.36,3.4,3.43,3.47,3.5,3.54,3.58,3.61,3.65,3.68,3.72,3.76,3.8,3.83,3.87,3.91,3.95,3.99,4.03,4.07,4.11,4.16,4.2,4.24,4.29,4.33,4.38,4.43,4.48,4.53,4.58,4.64,4.7,4.76,4.82,4.88,4.95,5.02,5.1,5.19,5.28,5.38,5.49,5.62,5.77,5.95,6.19,6.58
0.03,0.97,0.56,0,0.49,0.69,0.84,0.96,1.07,1.16,1.25,1.33,1.4,1.47,1.54,1.6,1.66,1.72,1.77,1.83,1.88,1.93,1.98,2.02,2.07,2.11,2.16,2.2,2.24,2.29,2.33,2.37,2.41,2.45,2.49,2.52,2.56,2.6,2.64,2.67,2.71,2.75,2.78,2.82,2.86,2.89,2.93,2.96,3,3.03,3.07,3.1,3.14,3.18,3.21,3.25,3.28,3.32,3.35,3.39,3.43,3.46,3.5,3.54,3.58,3.61,3.65,3.69,3.73,3.77,3.81,3.85,3.89,3.94,3.98,4.02,4.07,4.11,4.16,4.21,4.26,4.31,4.36,4.42,4.48,4.53,4.6,4.66,4.73,4.8,4.88,4.97,5.06,5.16,5.27,5.4,5.54,5.73,5.97,6.36
0.04,1.16,0.78,0.49,0,0.45,0.63,0.77,0.88,0.98,1.07,1.15,1.23,1.3,1.37,1.43,1.49,1.55,1.61,1.66,1.71,1.76,1.81,1.86,1.9,1.95,1.99,2.04,2.08,2.12,2.16,2.2,2.24,2.28,2.32,2.36,2.4,2.43,2.47,2.51,2.55,2.58,2.62,2.65,2.69,2.73,2.76,2.8,2.83,2.87,2.9,2.94,2.98,3.01,3.05,3.08,3.12,3.15,3.19,3.23,3.26,3.3,3.34,3.37,3.41,3.45,3.49,3.53,3.57,3.61,3.65,3.69,3.73,3.77,3.81,3.86,3.9,3.95,4,4.04,4.09,4.15,4.2,4.25,4.31,4.37,4.43,4.5,4.57,4.64,4.72,4.8,4.89,4.99,5.1,5.23,5.38,5.56,5.81,6.19
0.05,1.31,0.94,0.69,0.45,0,0.42,0.59,0.72,0.83,0.92,1.01,1.09,1.16,1.23,1.29,1.36,1.41,1.47,1.52,1.58,1.63,1.68,1.72,1.77,1.82,1.86,1.9,1.95,1.99,2.03,2.07,2.11,2.15,2.1,2.23,2.26,2.3,2.34,2.38,2.41,2.45,2.49,2.52,2.56,2.59,2.63,2.67,2.7,2.74,2.77,2.81,2.84,2.88,2.91,2.95,2.99,3.02,3.06,3.09,3.13,3.17,3.2,3.24,3.28,3.32,3.36,3.39,3.43,3.47,3.51,3.55,3.6,3.64,3.68,3.73,3.77,3.82,3.86,3.91,3.96,4.01,4.07,4.12,4.18,4.24,4.3,4.36,4.43,4.51,4.58,4.67,4.76,4.86,4.97,5.1,5.25,5.43,5.68,6.06
0.06,1.44,1.08,0.84,0.63,0.42,0,0.39,0.56,0.68,0.79,0.88,0.96,1.04,1.11,1.17,1.24,1.3,1.35,1.41,1.46,1.51,1.56,1.61,1.66,1.7,1.75,1.79,1.83,1.87,1.92,1.96,2,2.04,2.07,2.11,2.15,2.19,2.23,2.26,2.3,2.34,2.37,2.41,2.45,2.48,2.52,2.55,2.59,2.62,2.66,2.7,2.73,2.77,2.8,2.84,2.87,2.91,2.95,2.98,3.02,3.05,3.09,3.13,3.17,3.2,3.24,3.28,3.32,3.36,3.4,3.44,3.48,3.53,3.57,3.61,3.66,3.7,3.75,3.8,3.85,3.9,3.95,4.01,4.07,4.13,4.19,4.25,4.32,4.39,4.47,4.56,4.65,4.75,4.86,4.99,5.14,5.32,5.56,5.95
0.07,1.55,1.19,0.96,0.77,0.59,0.39,0,0.38,0.53,0.65,0.75,0.84,0.92,1,1.07,1.13,1.19,1.25,1.3,1.36,1.41,1.46,1.51,1.56,1.6,1.65,1.69,1.73,1.78,1.82,1.86,1.9,1.94,1.98,2.02,2.05,2.09,2.13,2.17,2.2,2.24,2.28,2.31,2.35,2.38,2.42,2.46,2.49,2.53,2.56,2.6,2.63,2.67,2.7,2.74,2.78,2.81,2.85,2.88,2.92,2.96,2.99,3.03,3.07,3.11,3.15,3.18,3.22,3.26,3.3,3.34,3.39,3.43,3.47,3.52,3.56,3.61,3.65,3.7,3.75,3.8,3.86,3.91,3.97,4.03,4.09,4.16,4.22,4.3,4.37,4.46,4.55,4.65,4.76,4.89,5.04,5.22,5.47,5.85
0.08,1.65,1.3,1.07,0.88,0.72,0.56,0.38,0,0.36,0.51,0.63,0.73,0.81,0.89,0.96,1.03,1.09,1.15,1.21,1.26,1.32,1.37,1.42,1.46,1.51,1.56,1.6,1.64,1.69,1.73,1.77,1.81,1.85,1.89,1.93,1.97,2,2.04,2.08,2.12,2.15,2.19,2.22,2.26,2.3,2.33,2.37,2.4,2.44,2.48,2.51,2.55,2.58,2.62,2.65,2.69,2.72,2.76,2.8,2.83,2.87,2.91,2.94,2.98,3.02,3.06,3.1,3.14,3.18,3.22,3.26,3.3,3.34,3.39,3.43,3.47,3.52,3.57,3.62,3.67,3.72,3.77,3.83,3.88,3.94,4,4.07,4.14,4.21,4.29,4.37,4.46,4.56,4.67,4.8,4.95,5.14,5.38,5.77
0.09,1.75,1.39,1.16,0.98,0.83,0.68,0.53,0.36,0,0.35,0.5,0.61,0.71,0.79,0.87,0.94,1,1.06,1.12,1.18,1.23,1.28,1.33,1.38,1.43,1.47,1.52,1.56,1.61,1.65,1.69,1.73,1.77,1.81,1.85,1.89,1.92,1.96,2,2.04,2.07,2.11,2.15,2.18,2.22,2.25,2.29,2.33,2.36,2.4,2.43,2.47,2.5,2.54,2.57,2.61,2.65,2.68,2.72,2.76,2.79,2.83,2.87,2.9,2.94,2.98,3.02,3.06,3.1,3.14,3.18,3.22,3.26,3.31,3.35,3.4,3.44,3.49,3.54,3.59,3.64,3.69,3.75,3.8,3.86,3.93,3.99,4.06,4.13,4.21,4.29,4.38,4.48,4.6,4.72,4.87,5.06,5.3,5.69
0.1,1.83,1.47,1.25,1.07,0.92,0.79,0.65,0.51,0.35,0,0.34,0.49,0.6,0.69,0.77,0.85,0.91,0.98,1.04,1.1,1.15,1.2,1.25,1.3,1.35,1.4,1.44,1.49,1.53,1.57,1.61,1.66,1.7,1.73,1.77,1.81,1.85,1.89,1.93,1.96,2,2.04,2.07,2.11,2.15,2.18,2.22,2.25,2.29,2.32,2.36,2.4,2.43,2.47,2.5,2.54,2.57,2.61,2.65,2.68,2.72,2.76,2.79,2.83,2.87,2.91,2.95,2.99,3.03,3.07,3.11,3.15,3.19,3.24,3.28,3.32,3.37,3.42,3.47,3.52,3.57,3.62,3.68,3.73,3.79,3.85,3.92,3.99,4.06,4.14,4.22,4.31,4.41,4.52,4.65,4.8,4.99,5.23,5.62
0.11,1.91,1.55,1.33,1.15,1.01,0.88,0.75,0.63,0.5,0.34,0,0.34,0.48,0.58,0.67,0.75,0.83,0.89,0.96,1.02,1.07,1.13,1.18,1.23,1.28,1.33,1.37,1.42,1.46,1.5,1.54,1.59,1.63,1.67,1.71,1.74,1.78,1.82,1.86,1.9,1.93,1.97,2.01,2.04,2.08,2.11,2.15,2.19,2.22,2.26,2.29,2.33,2.36,2.4,2.44,2.47,2.51,2.54,2.58,2.62,2.65,2.69,2.73,2.77,2.8,2.84,2.88,2.92,2.96,3,3.04,3.08,3.13,3.17,3.21,3.26,3.3,3.35,3.4,3.45,3.5,3.55,3.61,3.67,3.73,3.79,3.85,3.92,3.99,4.07,4.16,4.25,4.35,4.46,4.59,4.74,4.92,5.16,5.55
0.12,1.98,1.63,1.4,1.23,1.09,0.96,0.84,0.73,0.61,0.49,0.34,0,0.33,0.47,0.57,0.66,0.74,0.81,0.88,0.94,1,1.05,1.11,1.16,1.21,1.26,1.3,1.35,1.39,1.44,1.48,1.52,1.56,1.6,1.64,1.68,1.72,1.76,1.8,1.83,1.87,1.91,1.94,1.98,2.02,2.03,2.09,2.12,2.16,2.2,2.23,2.27,2.3,2.34,2.37,2.41,2.45,2.48,2.52,2.56,2.59,2.63,2.67,2.7,2.74,2.78,2.82,2.86,2.9,2.94,2.98,3.02,3.07,3.11,3.15,3.2,3.24,3.29,3.34,3.39,3.44,3.49,3.55,3.61,3.66,3.73,3.79,3.86,3.93,4.01,4.09,4.19,4.29,4.4,4.52,4.67,4.86,5.1,5.49
0.13,2.05,1.7,1.47,1.3,1.16,1.04,0.92,0.81,0.71,0.6,0.48,0.33,0,0.32,0.46,0.56,0.65,0.73,0.8,0.86,0.93,0.98,1.04,1.09,1.14,1.19,1.24,1.28,1.33,1.37,1.42,1.46,1.5,1.54,1.58,1.62,1.66,1.7,1.73,1.77,1.81,1.85,1.88,1.92,1.96,1.99,2.03,2.07,2.1,2.14,2.17,2.21,2.24,2.28,2.32,2.35,2.39,2.42,2.46,2.5,2.53,2.57,2.61,2.65,2.68,2.72,2.76,2.8,2.84,2.88,2.92,2.96,3.01,3.05,2.09,3.14,3.19,3.23,3.28,3.33,3.38,3.44,3.49,3.55,3.61,3.67,3.73,3.8,3.88,3.95,4.04,4.13,4.23,4.34,4.47,4.62,4.8,5.05,5.43
0.14,2.11,1.76,1.54,1.37,1.23,1.11,1,0.89,0.79,0.69,0.58,0.47,0.32,0,0.32,0.45,0.55,0.64,0.72,0.79,0.85,0.91,0.97,1.02,1.08,1.13,1.17,1.22,1.27,1.31,1.36,1.4,1.44,1.48,1.52,1.56,1.6,1.64,1.68,1.72,1.75,1.79,1.83,1.86,1.9,1.94,1.97,2.01,2.03,2.08,2.12,2.15,2.19,2.23,2.26,2.3,2.33,2.37,2.41,2.44,2.48,2.52,2.55,2.59,2.63,2.67,2.71,2.75,2.79,2.83,2.87,2.91,2.95,3,3.04,3.09,3.13,2.18,3.23,3.28,3.33,3.38,3.44,3.49,3.55,3.61,3.68,3.75,3.82,3.9,3.98,4.07,4.17,4.29,4.41,4.56,4.75,4.99,5.38
0.15,2.18,1.82,1.6,1.43,1.29,1.17,1.07,0.96,0.87,0.77,0.67,0.57,0.46,0.32,0,0.31,0.44,0.55,0.63,0.71,0.78,0.84,0.9,0.96,1.01,1.06,1.11,1.16,1.21,1.25,1.3,1.34,1.38,1.42,1.47,1.51,1.55,1.58,1.62,1.66,1.7,1.74,1.77,1.81,1.85,1.88,1.92,1.96,1.99,2.03,2.06,2.1,2.14,2.17,2.21,2.24,2.28,2.32,2.35,2.39,2.43,2.47,2.5,2.54,2.58,2.62,2.66,2.7,2.74,2.78,2.82,2.86,2.9,2.94,2.99,3.03,3.08,3.13,3.18,3.23,3.28,3.33,3.38,3.44,3.5,3.56,3.63,3.7,3.77,3.85,3.93,4.02,4.12,4.23,4.36,4.51,4.7,4.94,5.33
0.16,2.24,1.88,1.66,1.49,1.36,1.24,1.13,1.03,0.94,0.85,0.75,0.66,0.56,0.45,0.31,0,0.31,0.44,0.54,0.62,0.7,0.77,0.83,0.89,0.95,1,1.05,1.1,1.15,1.2,1.24,1.28,1.33,1.37,1.41,1.45,1.49,1.53,1.57,1.61,1.65,1.68,1.72,1.76,1.8,1.83,1.87,1.91,1.94,1.98,2.01,2.05,2.09,2.12,2.16,2.2,2.23,2.27,2.3,2.34,2.38,2.42,2.45,2.49,2.53,2.57,2.61,2.65,2.69,2.73,2.77,2.81,2.85,2.9,2.94,2.98,3.03,3.08,3.13,3.18,3.23,3.28,3.34,3.39,3.45,3.51,3.58,3.65,3.72,3.8,3.88,3.97,4.07,4.19,4.31,4.46,4.65,4.89,5.28
0.17,2.29,1.94,1.72,1.55,1.41,1.3,1.19,1.09,1,0.91,0.83,0.74,0.65,0.55,0.44,0.31,0,0.31,0.43,0.53,0.62,0.69,0.76,0.82,0.88,0.94,0.99,1.04,1.09,1.14,1.18,1.23,1.27,1.32,1.36,1.4,1.44,1.48,1.52,1.56,1.6,1.63,1.67,1.71,1.75,1.78,1.82,1.86,1.89,1.93,1.97,2,2.04,2.07,2.11,2.15,2.18,2.22,2.26,2.29,2.33,2.37,2.41,2.44,2.48,2.52,2.56,2.6,2.64,2.68,2.72,2.76,2.81,2.85,2.89,2.94,2.98,3.03,3.08,3.13,3.18,3.23,3.29,3.35,3.41,3.47,3.53,3.6,3.67,3.75,3.84,3.93,4.03,4.14,4.27,4.42,4.6,4.85,5.23
0.18,2.35,1.99,1.77,1.61,1.47,1.35,1.25,1.15,1.06,0.98,0.89,0.81,0.73,0.64,0.55,0.44,0.31,0,0.3,0.43,0.53,0.61,0.69,0.75,0.82,0.87,0.93,0.98,1.03,1.08,1.13,1.17,1.22,1.26,1.31,1.35,1.39,1.43,1.47,1.51,1.55,1.59,1.62,1.66,1.7,1.74,1.77,1.81,1.85,1.88,1.92,1.96,1.99,2.03,2.06,2.1,2.14,2.17,2.21,2.25,2.29,2.32,2.36,2.4,2.44,2.48,2.51,2.55,2.59,2.63,2.68,2.72,2.76,2.8,2.85,2.89,2.94,2.99,3.04,3.09,3.14,3.19,3.24,3.3,3.36,3.42,3.49,3.56,3.63,3.71,3.79,3.88,3.98,4.09,4.22,4.37,4.56,4.8,5.19
0.19,2.4,2.05,1.83,1.66,1.52,1.41,1.3,1.21,1.12,1.04,0.96,0.88,0.8,0.72,0.63,0.54,0.43,0.3,0,0.3,0.43,0.52,0.61,0.68,0.75,0.81,0.87,0.92,0.97,1.03,1.07,1.12,1.17,1.21,1.25,1.3,1.34,1.38,1.42,1.46,1.5,1.54,1.58,1.61,1.65,1.69,1.73,1.76,1.8,1.84,1.87,1.91,1.95,1.98,2.02,2.06,2.09,2.13,2.17,2.2,2.24,2.28,2.32,2.35,2.39,2.43,2.47,2.51,2.55,2.59,2.63,2.67,2.72,2.76,2.81,2.85,2.9,2.94,2.99,3.04,3.09,3.15,3.2,3.26,3.32,3.38,3.45,3.51,3.59,3.67,3.75,3.84,3.94,4.05,4.18,4.33,4.51,4.76,5.14
0.2,2.45,2.1,1.88,1.71,1.58,1.46,1.36,1.26,1.18,1.1,1.02,0.94,0.86,0.79,0.71,0.62,0.53,0.43,0.3,0,0.3,0.42,0.52,0.6,0.68,0.74,0.8,0.86,0.92,0.97,1.02,1.07,1.11,1.16,1.2,1.25,1.29,1.33,1.37,1.41,1.45,1.49,1.53,1.57,1.61,1.64,1.68,1.72,1.76,1.79,1.83,1.87,1.9,1.94,1.98,2.01,2.05,2.09,2.12,2.16,2.2,2.24,2.27,2.31,2.35,2.39,2.43,2.47,2.51,2.55,2.59,2.63,2.68,2.72,2.76,2.81,2.86,2.9,2.95,3,3.05,3.11,3.16,3.22,3.28,3.34,3.4,3.47,3.55,3.62,3.71,3.8,3.9,4.01,4.14,4.29,4.47,4.72,5.1
0.21,2.5,2.15,1.93,1.76,1.63,1.51,1.41,1.32,1.23,1.15,1.07,1,0.93,0.85,0.78,0.7,0.62,0.53,0.43,0.3,0,0.3,0.42,0.52,0.6,0.67,0.74,0.8,0.86,0.91,0.96,1.01,1.06,1.11,1.15,1.2,1.24,1.28,1.32,1.37,1.41,1.45,1.49,1.52,1.56,1.6,1.64,1.68,1.71,1.75,1.79,1.82,1.86,1.9,1.93,1.97,2.01,2.05,2.08,2.12,2.16,2.2,2.23,2.27,2.31,2.35,2.39,2.43,2.47,2.51,2.55,2.59,2.64,2.68,2.72,2.77,2.81,2.86,2.91,2.96,3.01,3.07,3.12,3.18,3.24,3.3,3.36,3.43,3.51,3.58,3.67,3.76,3.86,3.97,4.1,4.25,4.43,4.68,5.06
0.22,2.55,2.2,1.98,1.81,1.68,1.56,1.46,1.37,1.28,1.2,1.13,1.05,0.98,0.91,0.84,0.77,0.69,0.61,0.52,0.42,0.3,0,0.3,0.42,0.51,0.6,0.67,0.73,0.79,0.85,0.91,0.96,1.01,1.06,1.1,1.15,1.19,1.24,1.28,1.32,1.36,1.4,1.44,1.48,1.52,1.56,1.6,1.63,1.67,1.71,1.75,1.78,1.82,1.86,1.89,1.93,1.97,2.01,2.04,2.08,2.12,2.16,2.19,2.23,2.27,2.31,2.35,2.39,2.43,2.47,2.51,2.55,2.6,2.64,2.68,2.73,2.78,2.82,2.87,2.92,2.97,3.03,3.08,3.14,3.2,3.26,3.33,3.4,3.47,3.55,3.63,3.72,3.82,3.93,4.06,4.21,4.39,4.64,5.02
0.23,2.6,2.24,2.02,1.86,1.72,1.61,1.51,1.42,1.33,1.25,1.18,1.11,1.04,0.97,0.9,0.83,0.76,0.69,0.61,0.52,0.42,0.3,0,0.29,0.42,0.51,0.59,0.66,0.73,0.79,0.85,0.9,0.95,1,1.05,1.1,1.14,1.19,1.23,1.27,1.32,1.36,1.4,1.44,1.48,1.51,1.55,1.59,1.63,1.67,1.7,1.74,1.78,1.82,1.85,1.89,1.93,1.97,2,2.04,2.08,2.12,2.15,2.19,2.23,2.27,2.31,2.35,2.39,2.43,2.47,2.52,2.56,2.6,2.65,2.69,2.74,2.79,2.83,2.88,2.94,2.99,3.04,3.1,3.16,3.22,3.29,3.36,3.43,3.51,3.59,3.68,3.78,3.9,4.02,4.17,4.36,4.6,4.99
0.24,2.64,2.29,2.07,1.9,1.77,1.66,1.56,1.46,1.38,1.3,1.23,1.16,1.09,1.02,0.96,0.89,0.82,0.75,0.68,0.6,0.52,0.42,0.29,0,0.29,0.41,0.51,0.59,0.66,0.73,0.79,0.85,0.9,0.95,1,1.05,1.1,1.14,1.18,1.23,1.27,1.31,1.35,1.39,1.43,1.47,1.51,1.55,1.59,1.63,1.66,1.7,1.74,1.78,1.81,1.85,1.89,1.93,1.96,2,2.04,2.08,2.12,2.16,2.19,2.23,2.27,2.31,2.35,2.39,2.44,2.48,2.52,2.57,2.61,2.66,2.7,2.75,2.8,2.85,2.9,2.95,3.01,3.07,3.13,3.19,3.25,3.32,3.39,3.47,3.56,3.65,3.75,3.86,3.99,4.14,4.32,4.57,4.95
0.25,2.69,2.34,2.11,1.95,1.82,1.7,1.6,1.51,1.43,1.35,1.28,1.21,1.14,1.08,1.01,0.95,0.88,0.82,0.75,0.68,0.6,0.51,0.42,0.29,0,0.29,0.41,0.51,0.59,0.66,0.73,0.79,0.84,0.9,0.95,1,1.05,1.09,1.14,1.18,1.22,1.27,1.31,1.35,1.39,1.13,1.47,1.51,1.55,1.59,1.62,1.66,1.7,1.74,1.78,1.81,1.85,1.89,1.93,1.96,2,2.04,2.08,2.12,2.16,2.2,2.24,2.28,2.32,2.36,2.4,2.44,2.49,2.53,2.57,2.62,2.67,2.71,2.76,2.81,2.86,2.92,2.97,3.03,3.09,3.15,3.22,3.29,3.36,3.44,3.52,3.61,3.71,3.82,3.95,4.1,4.29,4.53,4.92
0.26,2.73,2.38,2.16,1.99,1.86,1.75,1.65,1.56,1.47,1.4,1.33,1.26,1.19,1.13,1.06,1,0.94,0.87,0.81,0.74,0.67,0.6,0.51,0.41,0.29,0,0.29,0.41,0.51,0.59,0.66,0.72,0.78,0.84,0.89,0.95,1,1.04,1.09,1.14,1.18,1.22,1.27,1.31,1.35,1.39,1.43,1.47,1.51,1.55,1.58,1.62,1.66,1.7,1.74,1.78,1.81,1.85,1.89,1.93,1.97,2,2.04,2.08,2.12,2.16,2.2,2.24,2.28,2.32,2.36,2.41,2.45,2.49,2.54,2.58,2.63,2.68,2.73,2.78,2.83,2.88,2.94,2,3.06,3.12,3.18,3.25,3.33,3.4,3.49,3.58,3.68,3.79,3.92,4.07,4.25,4.5,4.88
0.27,2.78,2.42,2.2,2.04,1.9,1.79,1.69,1.6,1.52,1.44,1.37,1.3,1.24,1.17,1.11,1.05,0.99,0.93,0.87,0.8,0.74,0.67,0.59,0.51,0.41,0.29,0,0.29,0.41,0.51,0.59,0.66,0.72,0.78,0.84,0.89,0.94,0.99,1.04,1.09,1.13,1.18,1.22,1.26,1.31,1.35,1.39,1.43,1.47,1.51,1.55,1.58,1.62,1.66,1.7,1.74,1.78,1.81,1.85,1.89,1.93,1.97,2.01,2.05,2.09,2.13,2.17,2.21,2.25,2.29,2.33,2.37,2.42,2.46,2.5,2.55,2.6,2.64,2.69,2.74,2.8,2.85,2.9,2.96,3.02,3.08,3.15,3.22,3.29,3.37,3.45,3.55,3.65,3.76,3.89,4.04,4.22,4.46,4.85
0.28,2.82,2.47,2.24,2.08,1.95,1.83,1.73,1.64,1.56,1.49,1.42,1.35,1.28,1.22,1.16,1.1,1.04,0.98,0.92,0.86,0.8,0.73,0.66,0.59,0.51,0.41,0.29,0,0.29,0.41,0.5,0.58,0.66,0.72,0.78,0.84,0.89,0.94,0.99,1.04,1.09,1.13,1.18,1.22,1.26,1.31,1.35,1.39,1.43,1.47,1.51,1.55,1.59,1.62,1.66,1.7,1.74,1.78,1.82,1.86,1.89,1.93,1.97,2.01,2.05,2.09,2.13,2.17,2.21,2.25,2.3,2.34,2.38,2.43,2.47,2.52,2.56,2.61,2.66,2.71,2.76,2.82,2.87,2.93,2.99,3.05,3.12,3.19,3.26,3.34,3.42,3.51,3.61,3.73,3.85,4,4.19,4.43,4.82
0.29,2.86,2.51,2.29,2.12,1.99,1.87,1.78,1.69,1.61,1.53,1.46,1.39,1.33,1.27,1.21,1.15,1.09,1.03,0.97,0.92,0.86,0.79,0.73,0.66,0.59,0.51,0.41,0.29,0,0.29,0.41,0.5,0.58,0.65,0.72,0.78,0.84,0.89,0.94,0.99,1.04,1.09,1.13,1.18,1.22,1.26,1.31,1.35,1.39,1.43,1.47,1.51,1.55,1.59,1.63,1.66,1.7,1.74,1.78,1.82,1.86,1.9,1.94,1.98,2.02,2.06,2.1,2.14,2.18,2.22,2.26,2.31,2.35,2.39,2.44,2.48,2.53,2.58,2.63,2.68,2.73,2.78,2.84,2.9,2.96,3.02,3.09,3.15,3.23,3.31,3.39,3.48,3.58,3.69,3.82,3.97,4.16,4.4,4.79
0.3,2.9,2.55,2.33,2.16,2.03,1.92,1.82,1.73,1.65,1.57,1.5,1.44,1.37,1.31,1.25,1.2,1.14,1.08,1.03,0.97,0.91,0.85,0.79,0.73,0.66,0.59,0.51,0.41,0.29,0,0.29,0.41,0.5,0.58,0.65,0.72,0.78,0.84,0.89,0.94,0.99,1.04,1.09,1.13,1.18,1.22,1.26,1.31,1.35,1.39,1.43,1.47,1.51,1.55,1.59,1.63,1.67,1.71,1.75,1.78,1.82,1.86,1.9,1.94,1.98,2.02,2.06,2.1,2.15,2.19,2.23,2.27,2.32,2.36,2.41,2.45,2.5,2.55,2.6,2.65,2.7,2.75,2.81,2.87,2.93,2.99,3.05,3.12,3.2,3.27,3.36,3.45,3.55,3.66,3.79,3.94,4.12,4.37,4.76
0.31,2.94,2.59,2.37,2.2,2.07,1.96,1.86,1.77,1.69,1.61,1.54,1.48,1.42,1.36,1.3,1.24,1.18,1.13,1.07,1.02,0.96,0.91,0.85,0.79,0.73,0.66,0.59,0.5,0.41,0.29,0,0.29,0.41,0.5,0.58,0.65,0.72,0.78,0.84,0.89,0.94,0.99,1.04,1.09,1.13,1.18,1.22,1.26,1.31,1.35,1.39,1.43,1.47,1.51,1.55,1.59,1.63,1.67,1.71,1.75,1.79,1.83,1.87,1.91,1.95,1.99,2.03,2.07,2.11,2.15,2.2,2.24,2.28,2.33,2.37,2.42,2.47,2.52,2.56,2.62,2.67,2.72,2.78,2.83,2.89,2.96,3.02,3.09,3.17,3.24,3.33,3.42,3.52,3.63,3.76,3.91,4.09,4.34,4.73
0.32,2.98,2.63,2.41,2.24,2.11,2,1.9,1.81,1.73,1.66,1.59,1.52,1.46,1.4,1.34,1.28,1.23,1.17,1.12,1.07,1.01,0.96,0.9,0.85,0.79,0.72,0.66,0.58,0.5,0.41,0.29,0,0.29,0.41,0.5,0.58,0.65,0.72,0.78,0.84,0.89,0.94,0.99,1.04,1.09,1.13,1.18,1.22,1.27,1.31,1.35,1.39,1.43,1.47,1.51,1.56,1.6,1.64,1.68,1.71,1.75,1.79,1.83,1.88,1.92,1.96,2,2.04,2.08,2.12,2.17,2.21,2.25,2.3,2.34,2.39,2.44,2.48,2.53,2.58,2.64,2.69,2.75,2.8,2.86,2.93,2.99,3.06,3.14,3.21,3.3,3.39,3.49,3.6,3.73,3.88,4.67,4.31,4.7
0.33,3.02,2.67,2.45,2.28,2.15,2.04,1.94,1.85,1.77,1.7,1.63,1.56,1.5,1.44,1.38,1.33,1.27,1.22,1.17,1.11,1.06,1.01,0.95,0.9,0.84,0.78,0.72,0.66,0.58,0.5,0.41,0.29,0,0.29,0.41,0.5,0.58,0.65,0.72,0.78,0.84,0.89,0.94,0.99,1.04,1.09,1.14,1.18,1.23,1.27,1.31,1.35,1.4,1.44,1.48,1.52,1.56,1.6,1.64,1.68,1.73,1.76,1.8,1.84,1.88,1.92,1.96,2.01,2.05,2.09,2.13,2.18,2.22,2.27,2.31,2.36,2.41,2.45,2.5,2.55,2.61,2.66,2.72,2.77,2.83,2.9,2.96,3.03,3.11,3.18,3.27,3.36,3.46,3.57,3.7,3.85,4.04,4.28,4.67
0.34,3.06,2.71,2.49,2.32,2.1,2.07,1.98,1.89,1.81,1.73,1.67,1.6,1.54,1.48,1.42,1.37,1.32,1.26,1.21,1.16,1.11,1.06,1,0.95,0.9,0.84,0.78,0.72,0.65,0.58,0.5,0.41,0.29,0,0.29,0.41,0.5,0.58,0.66,0.72,0.78,0.84,0.89,0.95,1.01,1.04,1.09,1.14,1.18,1.23,1.27,1.31,1.36,1.4,1.44,1.48,1.52,1.56,1.6,1.65,1.69,1.73,1.77,1.81,1.85,1.89,1.93,1.97,2.02,2.06,2.1,2.15,2.19,2.23,2.28,2.33,2.37,2.42,2.47,2.52,2.58,2.63,2.69,2.74,2.81,2.87,2.93,3,3.08,3.16,3.24,3.33,3.43,3.54,3.67,3.82,4.01,4.25,4.64
0.35,3.1,2.74,2.52,2.36,2.23,2.11,2.02,1.93,1.85,1.77,1.71,1.64,1.58,1.52,1.47,1.41,1.36,1.31,1.25,1.2,1.15,1.1,1.05,1,0.95,0.89,0.84,0.78,0.72,0.65,0.58,0.5,0.41,0.29,0,0.29,0.41,0.5,0.59,0.66,0.72,0.78,0.84,0.9,0.95,1,1.05,1.09,1.14,1.19,1.23,1.28,1.32,1.36,1.4,1.45,1.49,1.53,1.57,1.61,1.65,1.69,1.73,1.78,1.82,1.86,1.9,1.94,1.98,2.03,2.07,2.11,2.16,2.2,2.25,2.3,2.34,2.39,2.44,2.49,2.55,2.6,2.66,2.72,2.78,2.84,2.91,2.98,3.05,3.13,3.21,3.3,3.4,3.52,3.64,3.8,3.98,4.22,4.61
0.36,3.14,2.78,2.56,2.4,2.26,2.15,2.05,1.97,1.89,1.81,1.74,1.68,1.62,1.56,1.51,1.45,1.4,1.35,1.3,1.25,1.2,1.15,1.1,1.05,1,0.95,0.89,0.84,0.78,0.72,0.65,0.58,0.5,0.41,0.29,0,0.29,0.41,0.51,0.59,0.66,0.72,0.78,0.84,0.9,0.95,1,1.05,1.1,1.14,1.19,1.23,1.28,1.32,1.37,1.41,1.45,1.49,1.53,1.58,1.62,1.66,1.7,1.74,1.78,1.83,1.87,1.91,1.95,2,2.04,2.08,2.13,2.17,2.22,2.27,2.31,2.36,2.41,2.47,2.52,2.57,2.63,2.69,2.75,2.81,2.88,2.95,3.02,3.1,3.18,3.28,3.38,3.49,3.62,3.77,3.95,4.2,4.58
0.37,3.17,2.82,2.6,2.43,2.3,2.19,2.09,2,1.92,1.85,1.78,1.72,1.66,1.6,1.55,1.49,1.44,1.39,1.34,1.29,1.24,1.19,1.14,1.1,1.05,1,0.94,0.89,0.84,0.78,0.72,0.65,0.58,0.5,0.41,0.29,0,0.29,0.41,0.51,0.59,0.66,0.73,0.79,0.84,0.9,0.95,1,1.05,1.1,1.15,1.19,1.24,1.28,1.33,1.37,1.41,1.46,1.5,1.54,1.58,1.62,1.67,1.71,1.75,1.79,1.84,1.88,1.92,1.96,2.01,2.05,2.1,2.14,2.19,2.24,2.28,2.33,2.38,2.44,2.49,2.54,2.6,2.66,2.72,2.78,2.85,2.92,2.99,3.07,3.16,3.25,3.35,3.46,3.59,3.74,3.93,4.17,4.56
0.38,3.21,2.86,2.64,2.47,2.34,2.23,2.13,2.04,1.96,1.89,1.82,1.76,1.7,1.64,1.58,1.53,1.48,1.43,1.38,1.33,1.28,1.24,1.19,1.14,1.09,1.04,0.99,0.94,0.89,0.84,0.78,0.72,0.65,0.58,0.5,0.41,0.29,0,0.29,0.41,0.51,0.59,0.66,0.73,0.79,0.85,0.9,0.96,1.01,1.06,1.1,1.15,1.2,1.24,1.29,1.33,1.38,1.42,1.46,1.51,1.55,1.59,1.63,1.68,1.72,1.76,1.8,1.85,1.89,1.93,1.98,2.02,2.07,2.11,2.16,2.21,2.26,2.3,2.36,2.41,2.46,2.51,2.57,2.63,2.69,2.75,2.82,2.89,2.97,3.04,3.13,3.22,3.32,3.43,3.56,3.71,3.9,4.14,4.53
0.39,3.25,2.89,2.67,2.51,2.38,2.26,2.17,2.08,2,1.93,1.86,1.8,1.73,1.68,1.62,1.57,1.52,1.47,1.42,1.37,1.32,1.28,1.23,1.18,1.14,1.09,1.04,0.99,0.94,0.89,0.84,0.78,0.72,0.66,0.59,0.51,0.41,0.29,0,0.29,0.41,0.51,0.59,0.66,0.73,0.79,0.85,0.91,0.96,1.01,1.06,1.11,1.16,1.2,1.25,1.29,1.34,1.38,1.43,1.47,1.51,1.56,1.6,1.64,1.68,1.73,1.77,1.81,1.86,1.9,1.95,1.99,2.04,2.08,2.13,2.18,2.23,2.28,2.33,2.38,2.43,2.49,2.54,2.6,2.66,2.73,2.79,2.86,2.94,3.02,3.1,3.19,3.3,3.41,3.54,3.69,3.87,4.12,4.5
0.4,3.28,2.93,2.71,2.55,2.41,2.3,2.2,2.12,2.04,1.96,1.9,1.83,1.77,1.72,1.66,1.61,1.56,1.51,1.46,1.41,1.37,1.32,1.27,1.23,1.18,1.14,1.09,1.04,0.99,0.94,0.89,0.84,0.78,0.72,0.66,0.59,0.51,0.41,0.29,0,0.29,0.42,0.51,0.59,0.67,0.73,0.79,0.85,0.91,0.96,1.01,1.06,1.11,1.16,1.21,1.25,1.3,1.34,1.39,1.43,1.48,1.52,1.56,1.61,1.65,1.69,1.74,1.78,1.83,1.87,1.92,1.96,2.01,2.05,2.1,2.15,2.2,2.25,2.3,2.35,2.4,2.46,2.52,2.57,2.64,2.7,2.77,2.84,2.91,2.99,3.08,3.17,3.27,3.38,3.51,3.66,3.85,4.09,4.48
0.41,3.32,2.97,2.75,2.58,2.45,2.34,2.24,2.15,2.07,2,1.93,1.87,1.81,1.75,1.7,1.65,1.6,1.55,1.5,1.45,1.41,1.36,1.32,1.27,1.22,1.18,1.13,1.09,1.04,0.99,0.94,0.89,0.84,0.78,0.72,0.66,0.59,0.51,0.41,0.29,0,0.29,0.42,0.51,0.59,0.67,0.73,0.8,0.86,0.91,0.97,1.07,1.07,1.12,1.17,1.21,1.26,1.31,1.35,1.4,1.44,1.49,1.53,1.57,1.62,1.66,1.71,1.75,1.79,1.84,1.88,1.93,1.98,2.02,2.07,2.12,2.17,2.22,2.27,2.32,2.37,2.43,2.49,2.55,2.61,2.67,2.74,2.81,2.96,2.96,3.05,3.14,3.24,3.36,3.48,3.64,3.82,4.07,4.45
0.42,3.36,3,2.78,2.62,2.49,2.37,2.28,2.19,2.11,2.04,1.97,1.91,1.85,1.79,1.74,1.68,1.63,1.59,1.54,1.49,1.45,1.4,1.36,1.31,1.27,1.22,1.18,1.13,1.09,1.04,0.99,0.94,0.89,0.84,0.78,0.72,0.66,0.59,0.51,0.42,0.29,0,0.29,0.42,0.51,0.6,0.67,0.74,0.8,0.86,0.92,0.97,1.02,1.07,1.12,1.17,1.22,1.27,1.31,1.36,1.4,1.45,1.49,1.54,1.58,1.63,1.67,1.72,1.76,1.81,1.85,1.9,1.95,1.99,2.04,2.09,2.14,2.19,2.24,2.29,2.35,2.4,2.46,2.52,2.58,2.64,2.71,2.78,2.86,2.94,3.02,3.12,3.22,3.33,3.46,3.61,3.8,4.04,4.43
0.43,3.39,3.04,2.82,2.65,2.52,2.41,2.31,2.22,2.15,2.07,2.01,1.94,1.88,1.83,1.77,1.72,1.67,1.62,1.58,1.53,1.49,1.44,1.4,1.35,1.31,1.27,1.22,1.18,1.13,1.09,1.04,0.99,0.94,0.89,0.84,0.78,0.73,0.66,0.59,0.51,0.42,0.29,0,0.3,0.42,0.52,0.6,0.67,0.74,0.8,0.86,0.92,0.98,1.03,1.08,1.13,1.18,1.23,1.27,1.32,1.37,1.41,1.46,1.5,1.55,1.59,1.64,1.68,1.73,1.78,1.82,1.87,1.92,1.96,2.01,2.06,2.11,2.16,2.21,2.26,2.32,2.37,2.43,2.49,2.55,2.62,2.69,2.76,2.83,2.91,3,3.09,3.19,3.3,3.43,3.58,3.77,4.02,4.4
0.44,3.43,3.08,2.86,2.69,2.56,2.45,2.35,2.26,2.18,2.11,2.04,1.98,1.92,1.86,1.81,1.76,1.71,1.66,1.61,1.57,1.52,1.48,1.44,1.39,1.35,1.31,1.26,1.22,1.18,1.13,1.09,1.04,0.99,0.95,0.9,0.84,0.79,0.73,0.66,0.59,0.51,0.42,0.3,0,0.3,0.42,0.52,0.6,0.68,0.74,0.81,0.87,0.93,0.98,1.03,1.09,1.14,1.19,1.23,1.28,1.33,1.38,1.42,1.47,1.51,1.56,1.61,1.65,1.7,1.74,1.79,1.84,1.88,1.93,1.98,2.03,2.08,2.13,2.18,2.24,2.29,2.35,2.4,2.46,2.53,2.59,2.66,2.73,2.8,2.88,2.97,3.06,3.17,3.28,3.41,3.56,3.75,3.99,4.38
0.45,3.47,3.11,2.89,2.73,2.59,2.48,2.38,2.3,2.22,2.15,2.08,2.02,1.96,1.9,1.85,1.8,1.75,1.7,1.65,1.61,1.56,1.52,1.48,1.43,1.39,1.35,1.31,1.26,1.22,1.18,1.13,1.09,1.04,1.01,0.95,0.9,0.84,0.79,0.73,0.67,0.59,0.51,0.42,0.3,0,0.3,0.42,0.52,0.61,0.68,0.75,0.81,0.87,0.93,0.99,1.04,1.09,1.14,1.19,1.24,1.29,1.34,1.39,1.43,1.48,1.53,1.57,1.62,1.66,1.71,1.76,1.81,1.85,1.9,1.95,2,2.05,2.1,2.15,2.21,2.26,2.32,2.38,2.44,2.5,2.56,2.63,2.7,2.78,2.86,2.94,3.04,3.14,3.25,3.38,3.53,3.72,3.97,4.35
0.46,3.5,3.15,2.93,2.76,2.63,2.52,2.42,2.33,2.25,2.18,2.11,2.03,1.99,1.94,1.88,1.83,1.78,1.74,1.69,1.64,1.6,1.56,1.51,1.47,1.13,1.39,1.35,1.31,1.26,1.22,1.18,1.13,1.09,1.04,1,0.95,0.9,0.85,0.79,0.73,0.67,0.6,0.52,0.42,0.3,0,0.3,0.43,0.52,0.61,0.68,0.75,0.82,0.88,0.94,0.99,1.05,1.1,1.15,1.2,1.25,1.3,1.35,1.39,1.44,1.49,1.54,1.58,1.63,1.68,1.73,1.77,1.82,1.87,1.92,1.97,2.02,2.07,2.13,2.18,2.23,2.29,2.35,2.41,2.47,2.54,2.61,2.68,2.75,2.83,2.92,3.01,3.11,3.23,3.36,3.51,3.7,3.94,4.33
0.47,3.54,3.18,2.96,2.8,2.67,2.55,2.46,2.37,2.29,2.22,2.15,2.09,2.03,1.97,1.92,1.87,1.82,1.77,1.73,1.68,1.64,1.6,1.55,1.51,1.47,1.43,1.39,1.35,1.31,1.26,1.22,1.18,1.14,1.09,1.05,1,0.95,0.9,0.85,0.79,0.73,0.67,0.6,0.52,0.42,0.3,0,0.3,0.43,0.53,0.61,0.69,0.76,0.82,0.88,0.94,1,1.05,1.11,1.16,1.21,1.26,1.31,1.36,1.41,1.45,1.5,1.55,1.6,1.65,1.69,1.74,1.79,1.84,1.89,1.94,1.99,2.04,2.1,2.15,2.21,2.26,2.32,2.38,2.44,2.51,2.58,2.65,2.73,2.81,2.89,2.99,3.09,3.2,3.33,3.49,3.67,3.92,4.31
0.48,3.57,3.22,3,2.83,2.7,2.59,2.49,2.4,2.33,2.25,2.19,2.12,2.07,2.01,1.96,1.91,1.86,1.81,1.76,1.72,1.68,1.63,1.59,1.55,1.51,1.47,1.43,1.39,1.35,1.31,1.26,1.22,1.18,1.14,1.09,1.05,1,0.96,0.91,0.85,0.8,0.74,0.67,0.6,0.52,0.43,0.3,0,0.3,0.43,0.53,0.62,0.69,0.76,0.83,0.88,0.95,1.01,1.06,1.11,1.17,1.22,1.27,1.32,1.37,1.42,1.47,1.51,1.56,1.61,1.66,1.71,1.76,1.81,1.86,1.91,1.96,2.01,2.07,2.12,2.18,2.23,2.29,2.35,2.42,2.48,2.55,2.62,2.7,2.78,2.87,2.96,3.06,3.18,3.31,3.46,3.65,3.9,4.28
0.49,3.61,3.25,3.03,2.87,2.74,2.62,2.53,2.44,2.36,2.29,2.22,2.16,2.1,2.03,1.99,1.94,1.89,1.85,1.8,1.76,1.71,1.67,1.63,1.59,1.55,1.51,1.47,1.43,1.39,1.35,1.31,1.27,1.23,1.18,1.14,1.1,1.05,1.01,0.96,0.91,0.86,0.8,0.74,0.68,0.61,0.52,0.43,0.3,0,0.31,0.43,0.53,0.62,0.7,0.77,0.83,0.9,0.95,1.01,1.07,1.12,1.18,1.23,1.28,1.33,1.38,1.43,1.48,1.53,1.58,1.63,1.68,1.73,1.78,1.83,1.88,1.93,1.98,2.04,2.09,2.15,2.21,2.27,2.33,2.39,2.46,2.53,2.6,2.67,2.76,2.84,2.94,3.04,3.15,3.28,3.44,3.62,3.87,4.26
0.5,3.64,3.29,3.07,2.9,2.77,2.66,2.56,2.48,2.4,2.32,2.26,2.2,2.14,2.08,2.03,1.98,1.93,1.88,1.84,1.79,1.75,1.71,1.67,1.63,1.59,1.55,1.51,1.47,1.43,1.39,1.35,1.31,1.27,1.23,1.19,1.14,1.1,1.06,1.01,0.96,0.91,0.86,0.8,0.74,0.68,0.61,0.53,0.43,0.31,0,0.31,0.44,0.54,0.62,0.7,0.77,0.84,0.9,0.96,1.02,1.08,1.13,1.18,1.24,1.29,1.34,1.39,1.44,1.49,1.54,1.59,1.64,1.69,1.74,1.8,1.85,1.9,1.95,2.01,2.06,2.12,2.18,2.24,2.3,2.36,2.43,2.5,2.57,2.65,2.73,2.82,2.91,3.01,3.13,3.26,3.41,3.6,3.85,4.24
0.51,3.68,3.33,3.1,2.94,2.81,2.7,2.6,2.51,2.43,2.36,2.29,2.23,2.17,2.12,2.06,2.01,1.97,1.92,1.87,1.83,1.79,1.75,1.7,1.66,1.62,1.58,1.55,1.51,1.47,1.43,1.39,1.35,1.31,1.27,1.23,1.19,1.15,1.1,1.06,1.01,0.97,0.92,0.86,0.81,0.75,0.68,0.61,0.53,0.43,0.31,0,0.31,0.44,0.54,0.63,0.71,0.78,0.84,0.91,0.97,1.03,1.08,1.14,1.19,1.25,1.3,1.35,1.45,,1.51,1.56,1.61,1.66,1.71,1.76,1.82,1.87,1.92,1.98,2.03,2.09,2.15,2.21,2.27,2.34,2.4,2.47,2.55,2.62,2.7,2.79,2.89,2.99,3.11,3.24,3.39,3.58,3.83,4.21
0.52,3.71,3.36,3.14,2.98,2.84,2.73,2.63,2.55,2.47,2.4,2.33,2.27,2.21,2.15,2.1,2.05,2,1.96,1.91,1.87,1.82,1.78,1.74,1.7,1.66,1.62,1.58,1.55,1.51,1.47,1.43,1.39,1.35,1.31,1.28,1.23,1.19,1.15,1.11,1.06,1.07,0.97,0.92,0.87,0.81,0.75,0.69,0.62,0.53,0.44,0.31,0,0.31,0.44,0.54,0.63,0.71,0.78,0.85,0.92,0.98,1.04,1.09,1.15,1.2,1.26,1.31,1.42,,1.47,1.52,1.57,1.62,1.68,1.73,1.78,1.84,1.89,1.95,2,2.06,2.12,2.18,2.24,2.31,2.37,2.45,2.52,2.6,2.68,2.77,2.86,2.97,3.08,3.21,3.37,3.55,3.8,4.19
0.53,3.75,3.4,3.18,3.01,2.88,2.77,2.67,2.58,2.5,2.43,2.36,2.3,2.24,2.19,2.14,2.09,2.04,1.99,1.95,1.9,1.86,1.82,1.78,1.74,1.7,1.66,1.62,1.59,1.55,1.51,1.47,1.43,1.4,1.36,1.32,1.28,1.24,1.2,1.16,1.11,1.07,1.02,0.98,0.93,0.87,0.82,0.76,0.69,0.62,0.54,0.44,0.31,0,0.31,0.45,0.55,0.64,0.72,0.79,0.86,0.92,0.99,1.05,1.1,1.16,1.22,1.27,1.38,,1.43,1.48,1.54,1.59,1.64,1.7,1.75,1.8,1.86,1.92,1.97,2.03,2.09,2.15,2.21,2.28,2.35,2.42,2.49,2.57,2.65,2.74,2.84,2.94,3.06,3.19,3.34,3.53,3.78,4.17
0.54,3.78,3.43,3.21,3.05,2.91,2.8,2.7,2.62,2.54,2.47,2.4,2.34,2.28,2.23,2.17,2.12,2.07,2.03,1.98,1.94,1.9,1.86,1.82,1.78,1.74,1.7,1.66,1.62,1.59,1.55,1.51,1.47,1.44,1.4,1.36,1.32,1.28,1.24,1.2,1.16,1.12,1.07,1.03,0.98,0.93,0.88,0.82,0.76,0.7,0.62,0.54,0.44,0.31,0,0.32,0.45,0.55,0.64,0.72,0.8,0.87,0.93,0.99,1.05,1.11,1.17,1.23,1.34,,1.39,1.45,1.5,1.55,1.61,1.66,1.72,1.71,1.83,1.88,1.94,2,2.06,2.12,2.19,2.25,2.32,2.39,2.46,2.54,2.63,2.71,2.81,2.92,3.03,3.16,3.32,3.51,3.76,4.15
0.55,3.82,3.47,3.25,3.08,2.95,2.84,2.74,2.65,2.57,2.5,2.44,2.37,2.32,2.26,2.21,2.16,2.11,2.06,2.02,1.98,1.93,1.89,1.85,1.81,1.78,1.74,1.7,1.66,1.63,1.59,1.55,1.51,1.48,1.44,1.4,1.37,1.33,1.29,1.25,1.21,1.17,1.12,1.08,1.03,0.99,0.94,0.88,0.83,0.77,0.7,0.63,0.54,0.45,0.32,0,0.32,0.45,0.56,0.65,0.73,0.8,0.87,0.94,1,1.06,1.12,1.18,1.3,,1.35,1.41,1.46,1.52,1.57,1.63,1.68,1.74,1.8,1.85,1.91,1.97,2.03,2.09,2.16,2.22,2.29,2.36,2.44,2.52,2.6,2.69,2.78,2.89,3.01,3.14,3.29,3.48,3.73,4.12
0.56,3.86,3.5,3.28,3.12,2.99,2.87,2.78,2.69,2.61,2.54,2.47,2.41,2.35,2.3,2.24,2.2,2.15,2.1,2.06,2.01,1.97,1.93,1.89,1.85,1.81,1.78,1.74,1.7,1.66,1.63,1.59,1.56,1.52,1.48,1.45,1.41,1.37,1.33,1.29,1.25,1.21,1.17,1.13,1.09,1.04,0.99,0.94,0.88,0.83,0.77,0.71,0.63,0.55,0.45,0.32,0,0.32,0.46,0.56,0.65,0.74,0.81,0.88,0.95,1.01,1.07,1.14,1.25,,1.31,1.37,1.42,1.48,1.54,1.59,1.65,1.7,1.76,1.82,1.88,1.94,2,2.06,2.13,2.19,2.26,2.33,2.41,2.49,2.57,2.66,2.76,2.86,2.98,3.11,3.27,3.46,3.71,4.1
0.57,3.89,3.54,3.32,3.15,3.02,2.91,2.81,2.72,2.65,2.57,2.51,2.45,2.39,2.33,2.28,2.23,2.18,2.14,2.09,2.05,2.01,1.97,1.93,1.89,1.85,1.81,1.78,1.74,1.7,1.67,1.63,1.6,1.56,1.52,1.49,1.45,1.41,1.38,1.34,1.3,1.26,1.22,1.18,1.14,1.09,1.05,1,0.95,0.9,0.84,0.78,0.71,0.64,0.55,0.45,0.32,0,0.32,0.46,0.57,0.66,0.74,0.82,0.89,0.96,1.02,1.09,1.21,,1.27,1.32,1.38,1.44,1.5,1.55,1.61,1.67,1.73,1.79,1.85,1.91,1.97,2.03,2.1,2.16,2.23,2.31,2.38,2.46,2.55,2.64,2.73,2.84,2.96,3.09,3.25,3.44,3.69,4.08
0.58,3.93,3.58,3.35,3.19,3.06,2.95,2.85,2.76,2.68,2.61,2.54,2.48,2.42,2.37,2.32,2.27,2.22,2.17,2.13,2.09,2.05,2.01,1.97,1.93,1.89,1.85,1.81,1.78,1.74,1.71,1.67,1.64,1.6,1.56,1.53,1.49,1.46,1.42,1.38,1.34,1.31,1.27,1.23,1.19,1.14,1.1,1.05,1.01,0.95,0.9,0.84,0.78,0.72,0.64,0.56,0.46,0.32,0,0.33,0.47,0.57,0.67,0.75,0.83,0.9,0.97,1.03,1.16,,1.22,1.28,1.34,1.4,1.46,1.52,1.57,1.63,1.69,1.75,1.81,1.87,1.94,2,2.07,2.13,2.2,2.28,2.35,2.43,2.52,2.61,2.71,2.81,2.93,3.07,3.22,3.41,3.66,4.06
0.59,3.96,3.61,3.39,3.23,3.09,2.98,2.88,2.8,2.72,2.65,2.58,2.52,2.46,2.41,2.35,2.3,2.26,2.21,2.17,2.12,2.08,2.04,2,1.96,1.93,1.89,1.85,1.82,1.78,1.75,1.71,1.68,1.64,1.6,1.57,1.53,1.5,1.46,1.43,1.39,1.35,1.31,1.27,1.23,1.19,1.15,1.11,1.06,1.01,0.96,0.91,0.85,0.79,0.72,0.65,0.56,0.46,0.33,0,0.33,0.47,0.58,0.67,0.76,0.84,0.91,0.98,1.11,,1.17,1.24,1.3,1.36,1.42,1.48,1.54,1.6,1.66,1.72,1.78,1.84,1.9,1.97,2.04,2.1,2.17,2.25,2.33,2.41,2.49,2.58,2.68,2.79,2.91,3.04,3.2,3.39,3.64,4.03
0.6,4,3.65,3.43,3.26,3.13,3.02,2.92,2.83,2.76,2.68,2.62,2.56,2.5,2.44,2.39,2.34,2.29,2.25,2.2,2.16,2.12,2.08,2.04,2,1.96,1.93,1.89,1.86,1.82,1.78,1.75,1.71,1.68,1.65,1.61,1.58,1.54,1.51,1.47,1.43,1.4,1.36,1.32,1.28,1.24,1.2,1.16,1.11,1.07,1.02,0.97,0.92,0.86,0.8,0.73,0.65,0.57,0.47,0.33,0,0.33,0.47,0.58,0.68,0.77,0.84,0.92,1.06,,1.12,1.19,1.25,1.31,1.37,1.44,1.5,1.56,1.62,1.68,1.74,1.81,1.87,1.94,2,2.07,2.14,2.22,2.3,2.38,2.46,2.56,2.65,2.76,2.88,3.02,3.17,3.36,3.62,4.01
0.61,4.04,3.68,3.46,3.3,3.17,3.05,2.96,2.87,2.79,2.72,2.65,2.59,2.53,2.48,2.43,2.38,2.33,2.29,2.24,2.2,2.16,2.12,2.08,2.04,2,1.97,1.93,1.89,1.86,1.82,1.79,1.75,1.73,1.69,1.65,1.62,1.58,1.55,1.51,1.48,1.44,1.4,1.37,1.33,1.29,1.25,1.21,1.17,1.12,1.08,1.03,0.98,0.92,0.87,0.8,0.74,0.66,0.57,0.47,0.33,0,0.34,0.48,0.59,0.69,0.77,0.85,0.93,1,1.07,1.14,1.2,1.27,1.33,1.39,1.46,1.52,1.58,1.64,1.71,1.77,1.84,1.9,1.97,2.04,2.11,2.19,2.27,2.35,2.43,2.53,2.63,2.73,2.85,2.99,3.15,3.34,3.59,3.99
0.62,4.07,3.72,3.5,3.34,3.2,3.09,2.99,2.91,2.83,2.76,2.69,2.63,2.57,2.52,2.47,2.42,2.37,2.32,2.28,2.24,2.2,2.16,2.12,2.08,2.04,2,1.97,1.93,1.9,1.86,1.83,1.79,1.76,1.73,1.69,1.66,1.62,1.59,1.56,1.52,1.49,1.45,1.41,1.38,1.34,1.3,1.26,1.22,1.18,1.13,1.08,1.04,0.99,0.93,0.87,0.81,0.74,0.67,0.58,0.47,0.34,0,0.34,0.48,0.6,0.7,0.78,0.86,0.94,1.01,1.08,1.15,1.22,1.28,1.35,1.41,1.48,1.54,1.6,1.67,1.73,1.8,1.87,1.94,2.01,2.08,2.16,2.24,2.32,2.41,2.5,2.6,2.71,2.83,2.96,3.12,3.32,3.57,3.97
0.63,4.11,3.76,3.54,3.37,3.24,3.13,3.03,2.94,2.87,2.79,2.73,2.67,2.61,2.55,2.5,2.45,2.41,2.36,2.32,2.27,2.23,2.19,2.15,2.12,2.08,2.04,2.01,1.97,1.94,1.9,1.87,1.83,1.8,1.77,1.73,1.7,1.67,1.63,1.6,1.56,1.53,1.49,1.46,1.42,1.39,1.35,1.31,1.27,1.23,1.18,1.14,1.09,1.05,0.99,0.94,0.88,0.82,0.75,0.67,0.58,0.48,0.34,0,0.34,0.49,0.6,0.7,0.79,0.87,0.95,1.03,1.1,1.17,1.23,1.3,1.37,1.43,1.5,1.56,1.63,1.7,1.76,1.83,1.9,1.97,2.05,2.13,2.21,2.29,2.38,2.47,2.57,2.68,2.8,2.94,3.1,3.29,3.55,3.94
0.64,4.15,3.8,3.58,3.41,3.28,3.17,3.07,2.98,2.9,2.83,2.77,2.7,2.65,2.59,2.54,2.49,2.44,2.4,2.35,2.31,2.27,2.23,2.19,2.16,2.12,2.08,2.05,2.01,1.98,1.94,1.91,1.88,1.84,1.81,1.78,1.74,1.71,1.68,1.64,1.61,1.57,1.54,1.5,1.47,1.43,1.39,1.36,1.32,1.28,1.24,1.19,1.15,1.1,1.05,1,0.95,0.89,0.83,0.76,0.68,0.59,0.48,0.34,0,0.35,0.5,0.61,0.71,0.8,0.89,0.96,1.04,1.11,1.18,1.25,1.32,1.39,1.46,1.52,1.59,1.66,1.73,1.8,1.87,1.94,2.02,2.09,2.17,2.26,2.35,2.44,2.54,2.65,2.77,2.91,3.07,3.27,3.52,3.92
0.65,4.19,3.83,3.61,3.45,3.32,3.2,3.11,3.02,2.94,2.87,2.8,2.74,2.68,2.63,2.58,2.53,2.48,2.44,2.39,2.35,2.31,2.27,2.23,2.19,2.16,2.12,2.09,2.05,2.02,1.98,1.95,1.92,1.88,1.85,1.82,1.78,1.75,1.72,1.68,1.65,1.62,1.58,1.55,1.51,1.48,1.44,1.41,1.37,1.33,1.29,1.25,1.2,1.16,1.11,1.06,1.01,0.96,0.9,0.84,0.77,0.69,0.6,0.49,0.35,0,0.35,0.5,0.62,0.72,0.81,0.9,0.98,1.05,1.13,1.2,1.27,1.34,1.41,1.48,1.55,1.62,1.69,1.76,1.83,1.9,1.98,2.06,2.14,2.23,2.32,2.41,2.51,2.62,2.75,2.89,3.05,3.24,3.5,3.9
0.66,4.23,3.87,3.65,3.49,3.36,3.24,3.15,3.06,2.98,2.91,2.84,2.78,2.72,2.67,2.62,2.57,2.52,2.48,2.43,2.39,2.35,2.31,2.27,2.23,2.2,2.16,2.13,2.09,2.06,2.02,1.99,1.96,1.92,1.89,1.86,1.83,1.79,1.76,1.73,1.69,1.66,1.63,1.59,1.56,1.53,1.49,1.45,1.42,1.38,1.34,1.3,1.26,1.22,1.17,1.12,1.07,1.02,0.97,0.91,0.84,0.77,0.7,0.6,0.5,0.35,0,0.36,0.51,0.63,0.73,0.82,0.91,0.99,1.07,1.15,1.22,1.29,1.36,1.43,1.5,1.58,1.65,1.72,1.79,1.87,1.95,2.02,2.11,2.19,2.28,2.38,2.48,2.6,2.72,2.86,3.02,3.22,3.47,3.87
0.67,4.26,3.91,3.69,3.53,3.39,3.28,3.18,3.1,3.02,2.95,2.88,2.82,2.76,2.71,2.66,2.61,2.56,2.51,2.47,2.43,2.39,2.35,2.31,2.27,2.24,2.2,2.17,2.13,2.1,2.06,2.03,2,1.96,1.93,1.9,1.87,1.84,1.8,1.77,1.74,1.71,1.67,1.64,1.61,1.57,1.54,1.5,1.47,1.43,1.39,1.35,1.31,1.27,1.23,1.18,1.14,1.09,1.03,0.98,0.92,0.85,0.78,0.7,0.61,0.5,0.36,0,0.36,0.52,0.64,0.74,0.84,0.92,1.01,1.09,1.16,1.24,1.31,1.39,1.46,1.53,1.6,1.68,1.75,1.83,1.91,1.99,2.07,2.16,2.25,2.35,2.45,2.57,2.69,2.83,2.99,3.19,3.45,3.85
0.68,4.3,3.95,3.73,3.57,3.43,3.32,3.22,3.14,3.06,2.99,2.92,2.86,2.8,2.75,2.7,2.65,2.6,2.55,2.51,2.47,2.43,2.39,2.35,2.31,2.28,2.24,2.21,2.17,2.14,2.1,2.07,2.04,2.01,1.97,1.94,1.91,1.88,1.85,1.81,1.78,1.75,1.72,1.68,1.65,1.62,1.58,1.55,1.51,1.48,1.44,1.45,1.42,1.38,1.34,1.3,1.25,1.21,1.16,1.11,1.06,0.93,0.86,0.79,0.71,0.62,0.51,0.36,0,0.37,0.52,0.65,0.75,0.85,0.94,1.02,1.1,1.18,1.26,1.34,1.41,1.49,1.56,1.64,1.71,1.79,1.87,1.95,2.04,2.13,2.22,2.32,2.42,2.54,2.66,2.8,2.97,3.16,3.42,3.83
0.69,4.34,3.99,3.77,3.61,3.47,3.36,3.26,3.18,3.1,3.03,2.96,2.9,2.84,2.79,2.74,2.69,2.64,2.59,2.55,2.51,2.47,2.43,2.39,2.35,2.32,2.28,2.25,2.21,2.18,2.15,2.11,2.08,2.05,2.02,1.98,1.95,1.92,1.89,1.86,1.83,1.79,1.76,1.73,1.7,1.66,1.63,1.6,1.56,1.53,1.49,,,,,,,,,,,1,0.94,0.87,0.8,0.72,0.63,0.52,0.37,0,0.37,0.53,0.66,0.76,0.86,0.95,1.04,1.12,1.2,1.28,1.36,1.44,1.51,1.59,1.67,1.75,1.83,1.91,2,2.09,2.18,2.28,2.39,2.5,2.63,2.77,2.94,3.14,3.4,3.8
0.7,4.38,4.03,3.81,3.65,3.51,3.4,3.3,3.22,3.14,3.07,3,2.94,2.88,2.83,2.78,2.73,2.68,2.63,2.59,2.55,2.51,2.47,2.43,2.39,2.36,2.32,2.29,2.25,2.22,2.19,2.15,2.12,2.09,2.06,2.03,2,1.96,1.93,1.9,1.87,1.84,1.81,1.78,1.74,1.71,1.68,1.65,1.61,1.58,1.54,1.51,1.47,1.43,1.39,1.35,1.31,1.27,1.22,1.17,1.12,1.07,1.01,0.95,0.89,0.81,0.73,0.64,0.52,0.37,0,0.38,0.54,0.67,0.78,0.88,0.97,1.06,1.14,1.22,1.31,1.39,1.47,1.55,1.63,1.71,1.79,1.87,1.96,2.05,2.15,2.25,2.36,2.47,2.6,2.74,2.91,3.11,3.37,3.78
0.71,4.43,4.07,3.85,3.69,3.55,3.44,3.34,3.26,3.18,3.11,3.04,2.98,2.92,2.87,2.82,2.77,2.72,2.68,2.63,2.59,2.55,2.51,2.47,2.44,2.4,2.36,2.33,2.3,2.26,2.23,2.2,2.17,2.13,2.1,2.07,2.04,2.01,1.98,1.95,1.92,1.88,1.85,1.82,1.79,1.76,1.73,1.69,1.66,1.63,1.59,1.56,1.52,1.48,1.45,1.41,1.37,1.32,1.28,1.24,1.19,1.14,1.08,1.03,0.96,0.9,0.82,0.74,0.65,0.53,0.38,0,0.38,0.55,0.68,0.79,0.89,0.99,1.08,1.16,1.25,1.33,1.41,1.5,1.58,1.66,1.75,1.83,1.92,2.01,2.11,2.21,2.32,2.44,2.57,2.71,2.88,3.08,3.35,3.75
0.72,4.47,4.11,3.89,3.73,3.6,3.48,3.39,3.3,3.22,3.15,3.08,3.02,2.96,2.91,2.86,2.81,2.76,2.72,2.67,2.63,2.59,2.55,2.52,2.48,2.44,2.41,2.37,2.34,2.31,2.27,2.24,2.21,2.18,2.15,2.11,2.08,2.05,2.02,1.99,1.96,1.93,1.9,1.87,1.84,1.81,1.77,1.74,1.71,1.68,1.64,1.61,1.57,1.54,1.5,1.46,1.42,1.38,1.34,1.3,1.25,1.2,1.15,1.1,1.04,0.98,0.91,0.84,0.75,0.66,0.54,0.38,0,0.39,0.56,0.69,0.8,0.91,1,1.1,1.19,1.27,1.36,1.44,1.53,1.61,1.7,1.79,1.88,1.97,2.07,2.18,2.29,2.41,2.54,2.68,2.85,3.05,3.32,3.73
0.73,4.51,4.16,3.94,3.77,3.64,3.53,3.43,3.34,3.26,3.19,3.13,3.07,3.01,2.95,2.9,2.85,2.81,2.76,2.72,2.68,2.64,2.6,2.56,2.52,2.49,2.45,2.42,2.38,2.35,2.32,2.28,2.25,2.22,2.19,2.16,2.13,2.1,2.07,2.04,2.01,1.98,1.95,1.92,1.88,1.85,1.82,1.79,1.76,1.73,1.69,1.66,1.62,1.59,1.55,1.52,1.48,1.44,1.4,1.36,1.31,1.27,1.22,1.17,1.11,1.05,0.99,0.92,0.85,0.76,0.67,0.55,0.39,0,0.4,0.57,0.7,0.82,0.92,1.02,1.12,1.21,1.3,1.39,1.48,1.56,1.65,1.74,1.84,1.93,2.03,2.14,2.25,2.37,2.5,2.65,2.82,3.02,3.29,3.7
0.74,4.55,4.2,3.98,3.81,3.68,3.57,3.47,3.39,3.31,3.24,3.17,3.11,3.05,3,2.94,2.9,2.85,2.8,2.76,2.72,2.68,2.64,2.6,2.57,2.53,2.49,2.46,2.43,2.39,2.36,2.33,2.3,2.27,2.23,2.2,2.17,2.14,2.11,2.08,2.05,2.02,1.99,1.96,1.93,1.9,1.87,1.84,1.81,1.78,1.74,1.71,1.68,1.64,1.61,1.57,1.54,1.5,1.46,1.42,1.37,1.33,1.28,1.23,1.18,1.13,1.07,1.01,0.94,0.86,0.78,0.68,0.56,0.4,0,0.4,0.58,0.71,0.83,0.94,1.04,1.14,1.24,1.33,1.42,1.51,1.6,1.7,1.79,1.89,1.99,2.1,2.21,2.33,2.47,2.62,2.79,2.99,3.26,3.68
0.75,4.6,4.24,4.02,3.86,3.73,3.61,3.52,3.43,3.35,3.28,3.21,3.15,2.09,3.04,2.99,2.94,2.89,2.85,2.81,2.76,2.72,2.68,2.65,2.61,2.57,2.54,2.5,2.47,2.44,2.41,2.37,2.34,2.31,2.28,2.25,2.22,2.19,2.16,2.13,2.1,2.07,2.04,2.01,1.98,1.95,1.92,1.89,1.86,1.83,1.8,1.76,1.73,1.7,1.66,1.63,1.59,1.55,1.52,1.48,1.44,1.39,1.35,1.3,1.25,1.2,1.15,1.09,1.02,0.95,0.88,0.79,0.69,0.57,0.4,0,0.41,0.59,0.73,0.85,0.96,1.07,1.17,1.26,1.36,1.45,1.55,1.64,1.74,1.84,1.95,2.06,2.17,2.29,2.43,2.58,2.75,2.96,3.23,3.65
0.76,4.64,4.29,4.07,3.9,3.77,3.66,3.56,3.47,3.4,3.32,3.26,3.2,3.14,3.09,3.03,2.98,2.94,2.89,2.85,2.81,2.77,2.73,2.69,2.66,2.62,2.58,2.55,2.52,2.48,2.45,2.42,2.39,2.36,2.33,2.3,2.27,2.24,2.21,2.18,2.15,2.12,2.09,2.06,2.03,2,1.97,1.94,1.91,1.88,1.85,1.82,1.78,1.75,1.72,1.68,1.65,1.61,1.57,1.54,1.5,1.46,1.41,1.37,1.32,1.27,1.22,1.16,1.1,1.04,0.97,0.89,0.8,0.7,0.58,0.41,0,0.42,0.6,0.74,0.87,0.98,1.09,1.19,1.29,1.39,1.49,1.59,1.69,1.79,1.9,2.01,2.13,2.25,2.39,2.54,2.72,2.93,3.2,3.62
0.77,4.69,4.33,4.11,3.95,3.82,3.7,3.61,3.52,3.44,3.37,3.3,3.24,3.19,3.13,3.08,3.03,2.98,2.94,2.9,2.86,2.81,2.78,2.74,2.7,2.67,2.63,2.6,2.56,2.53,2.5,2.47,2.44,2.41,2.37,2.34,2.31,2.28,2.26,2.23,2.2,2.17,2.14,2.11,2.08,2.05,2.02,1.99,1.96,1.93,1.9,1.87,1.84,1.8,1.71,1.74,1.7,1.67,1.63,1.6,1.56,1.52,1.48,1.43,1.39,1.34,1.29,1.24,1.18,1.12,1.06,0.99,0.91,0.82,0.71,0.59,0.42,0,0.43,0.61,0.76,0.89,1,1.12,1.22,1.33,1.43,1.53,1.64,1.74,1.85,1.97,2.08,2.21,2.35,2.51,2.68,2.89,3.17,3.59
0.78,4.73,4.38,4.16,4,3.86,3.75,3.65,3.57,3.49,3.42,3.35,3.29,3.23,2.18,3.13,3.08,3.03,2.99,2.94,2.9,2.86,2.82,2.79,2.75,2.71,2.68,2.64,2.61,2.58,2.55,2.52,2.48,2.45,2.42,2.39,2.36,2.33,2.3,2.28,2.25,2.22,2.19,2.16,2.13,2.1,2.07,2.04,2.01,1.98,1.95,1.92,1.89,1.86,1.83,1.8,1.76,1.73,1.69,1.66,1.62,1.58,1.54,1.5,1.46,1.41,1.36,1.31,1.26,1.2,1.14,1.08,1,0.92,0.83,0.73,0.6,0.43,0,0.44,0.63,0.78,0.91,1.03,1.14,1.25,1.36,1.47,1.58,1.69,1.8,1.92,2.04,2.17,2.31,2.47,2.65,2.86,3.14,3.56
0.79,4.78,4.43,4.21,4.04,3.91,3.8,3.7,3.62,3.54,3.47,3.4,3.34,3.28,3.23,3.18,3.13,3.08,3.04,2.99,2.95,2.91,2.87,2.83,2.8,2.76,2.73,2.69,2.66,2.63,2.6,2.56,2.53,2.5,2.47,2.44,2.41,2.38,2.36,2.33,2.3,2.27,2.24,2.21,2.18,2.15,2.13,2.1,2.07,2.04,2.01,1.98,1.95,1.92,1.88,1.85,1.82,1.79,1.75,1.72,1.68,1.64,1.6,1.56,1.52,1.48,1.43,1.39,1.34,1.28,1.22,1.16,1.1,1.02,0.94,0.85,0.74,0.61,0.44,0,0.45,0.64,0.79,0.93,1.06,1.17,1.29,1.4,1.51,1.63,1.74,1.86,1.99,2.12,2.27,2.42,2.61,2.82,3.1,3.53
0.8,4.83,4.48,4.26,4.09,3.96,3.85,3.75,3.67,3.59,3.52,3.45,3.39,3.33,3.28,3.23,3.18,3.13,3.09,3.04,3,2.96,2.92,2.88,2.85,2.81,2.78,2.74,2.71,2.68,2.65,2.62,2.58,2.55,2.52,2.49,2.47,2.44,2.41,2.38,2.35,2.32,2.29,2.26,2.24,2.21,2.18,2.15,2.12,2.09,2.06,2.03,2,1.97,1.94,1.91,1.88,1.85,1.81,1.78,1.74,1.71,1.67,1.63,1.59,1.55,1.5,1.46,1.41,1.36,1.31,1.25,1.19,1.12,1.04,0.96,0.87,0.76,0.63,0.45,0,0.46,0.66,0.81,0.95,1.08,1.21,1.33,1.44,1.56,1.68,1.81,1.94,2.07,2.22,2.38,2.56,2.78,3.07,3.5
0.81,4.88,4.53,4.31,4.15,4.01,3.9,3.8,3.72,3.64,3.57,3.5,3.44,3.38,3.33,3.28,3.23,3.18,3.14,3.09,3.05,3.01,2.97,2.94,2.9,2.86,2.83,2.8,2.76,2.73,2.7,2.67,2.64,2.61,2.58,2.55,2.52,2.49,2.46,2.43,2.4,2.37,2.35,2.32,2.29,2.26,2.23,2.21,2.18,2.15,2.12,2.09,2.06,2.03,2,1.97,1.94,1.91,1.87,1.84,1.81,1.77,1.73,1.7,1.66,1.62,1.58,1.53,1.49,1.44,1.39,1.33,1.27,1.21,1.14,1.07,0.98,0.89,0.78,0.64,0.46,0,0.47,0.67,0.84,0.98,1.12,1.24,1.37,1.49,1.62,1.75,1.88,2.02,2.17,2.33,2.52,2.74,3.03,3.46
0.82,4.94,4.58,4.36,4.2,4.07,3.95,3.86,3.77,3.69,3.62,3.55,3.49,3.44,3.38,3.33,3.28,3.23,3.19,3.15,3.11,3.07,3.03,2.99,2.95,2.92,2.88,2.85,2.82,2.78,2.75,2.72,2.69,2.66,2.63,2.6,2.57,2.54,2.51,2.49,2.46,2.43,2.4,2.37,2.35,2.32,2.29,2.26,2.23,2.21,2.18,2.15,2.12,2.09,2.06,2.03,2,1.97,1.94,1.9,1.87,1.84,1.8,1.76,1.73,1.69,1.65,1.6,1.56,1.51,1.47,1.41,1.36,1.3,1.24,1.17,1.09,1,0.91,0.79,0.66,0.47,0,0.48,0.69,0.86,1.01,1.15,1.28,1.42,1.55,1.68,1.82,1.96,2.11,2.28,2.47,2.7,2.99,3.43
0.83,4.99,4.64,4.42,4.25,4.12,4.01,3.91,3.83,3.75,3.68,3.61,3.55,3.49,3.44,3.38,3.34,3.29,3.24,3.2,3.16,3.12,3.08,3.04,3.01,2.97,2.94,2.9,2.87,2.84,2.81,2.78,2.75,2.72,2.69,2.66,2.63,2.6,2.57,2.54,2.52,2.49,2.46,2.43,2.4,2.38,2.35,2.32,2.29,2.27,2.24,2.21,2.18,2.15,2.12,2.09,2.06,2.03,2,1.97,1.94,1.9,1.87,1.83,1.8,1.76,1.72,1.68,1.64,1.59,1.55,1.5,1.44,1.39,1.33,1.26,1.19,1.12,1.03,0.93,0.81,0.67,0.48,0,0.5,0.71,0.89,1.04,1.19,1.33,1.47,1.61,1.75,1.9,2.06,2.23,2.42,2.65,2.95,3.39
0.84,5.05,4.7,4.48,4.31,4.18,4.07,3.97,3.88,3.8,3.73,3.67,3.61,3.55,3.49,3.44,3.39,3.35,3.3,3.26,3.22,3.18,3.14,3.1,3.07,3.03,2,2.96,2.93,2.9,2.87,2.83,2.8,2.77,2.74,2.72,2.69,2.66,2.63,2.6,2.57,2.55,2.52,2.49,2.46,2.44,2.41,2.38,2.35,2.33,2.3,2.27,2.24,2.21,2.19,2.16,2.13,2.1,2.07,2.04,2,1.97,1.94,1.9,1.87,1.83,1.79,1.75,1.71,1.67,1.63,1.58,1.53,1.48,1.42,1.36,1.29,1.22,1.14,1.06,0.95,0.84,0.69,0.5,0,0.51,0.74,0.92,1.08,1.23,1.38,1.53,1.68,1.83,1.99,2.17,2.37,2.61,2.9,3.35
0.85,5.11,4.76,4.53,4.37,4.24,4.13,4.03,3.94,3.86,3.79,3.73,3.66,3.61,3.55,3.5,3.45,3.41,3.36,3.32,3.28,3.24,3.2,3.16,3.13,3.09,3.06,3.02,2.99,2.96,2.93,2.89,2.86,2.83,2.81,2.78,2.75,2.72,2.69,2.66,2.64,2.61,2.58,2.55,2.53,2.5,2.47,2.44,2.42,2.39,2.36,2.34,2.31,2.28,2.25,2.22,2.19,2.16,2.13,2.1,2.07,2.04,2.01,1.97,1.94,1.9,1.87,1.83,1.79,1.75,1.71,1.66,1.61,1.56,1.51,1.45,1.39,1.33,1.25,1.17,1.08,0.98,0.86,0.71,0.51,0,0.53,0.75,0.95,1.12,1.28,1.44,1.6,1.76,1.93,2.11,2.31,2.55,2.86,3.31
0.86,5.17,4.82,4.6,4.43,4.3,4.19,4.09,4,3.93,3.85,3.79,3.73,3.67,3.61,3.56,3.51,3.47,3.42,3.38,3.34,3.3,3.26,3.22,3.19,3.15,3.12,3.08,3.05,3.02,2.99,2.96,2.93,2.9,2.87,2.84,2.81,2.78,2.75,2.73,2.7,2.67,2.64,2.62,2.59,2.56,2.54,2.51,2.48,2.46,2.43,2.4,2.37,2.35,2.32,2.29,2.26,2.23,2.2,2.17,2.14,2.11,2.08,2.05,2.02,1.98,1.95,1.91,1.87,1.83,1.79,1.75,1.7,1.65,1.6,1.55,1.49,1.43,1.36,1.29,1.21,1.12,1.01,0.89,0.74,0.53,0,0.55,0.79,0.99,1.17,1.34,1.5,1.67,1.85,2.04,2.25,2.5,2.8,3.27
0.87,5.24,4.88,4.66,4.5,4.36,4.25,4.16,4.07,3.99,3.92,3.85,3.79,3.73,3.68,3.63,3.58,3.53,3.49,3.45,3.4,3.36,3.33,3.29,3.25,3.22,3.18,3.15,3.12,3.09,3.05,3.02,2.99,2.96,2.93,2.91,2.88,2.85,2.82,2.79,2.77,2.74,2.71,2.69,2.66,2.63,2.61,2.58,2.55,2.53,2.5,2.47,2.45,2.42,2.39,2.36,2.33,2.31,2.28,2.25,2.22,2.19,2.16,2.13,2.09,2.06,2.02,1.99,1.95,1.91,1.87,1.83,1.79,1.74,1.7,1.64,1.59,1.53,1.47,1.4,1.33,1.24,1.15,1.04,0.92,0.75,0.55,0,0.57,0.82,1.03,1.22,1.4,1.58,1.77,1.96,2.18,2.43,2.75,3.22
0.88,5.3,4.95,4.73,4.57,4.43,4.32,4.22,4.14,4.06,3.99,3.92,3.86,3.8,3.75,3.7,3.65,3.6,3.56,3.51,3.47,3.43,3.4,3.36,3.32,3.29,3.25,3.22,3.19,3.15,3.12,3.09,3.06,3.03,3,2.98,2.95,2.92,2.89,2.86,2.84,2.81,2.78,2.76,2.73,2.7,2.68,2.65,2.62,2.6,2.57,2.55,2.52,2.49,2.46,2.44,2.41,2.38,2.35,2.33,2.3,2.27,2.24,2.21,2.17,2.14,2.11,2.07,2.04,2,1.96,1.92,1.88,1.84,1.79,1.74,1.69,1.64,1.58,1.51,1.44,1.37,1.28,1.19,1.08,0.95,0.79,0.57,0,0.59,0.86,1.08,1.28,1.47,1.67,1.88,2.1,2.36,2.69,3.16
0.89,5.38,5.02,4.8,4.64,4.51,4.39,4.3,4.21,4.13,4.06,3.99,3.93,3.88,3.82,3.77,3.72,3.67,3.63,3.59,3.55,3.51,3.47,3.43,3.39,3.36,3.33,3.29,3.26,3.23,3.2,3.17,3.14,3.11,3.08,3.05,3.02,2.99,2.97,2.94,2.91,2.96,2.86,2.83,2.8,2.78,2.75,2.73,2.7,2.67,2.65,2.62,2.6,2.57,2.54,2.52,2.49,2.46,2.43,2.41,2.38,2.35,2.32,2.29,2.26,2.23,2.19,2.16,2.13,2.09,2.05,2.01,1.97,1.93,1.89,1.84,1.79,1.74,1.69,1.63,1.56,1.49,1.42,1.33,1.23,1.12,0.99,0.82,0.59,0,0.62,0.9,1.13,1.35,1.56,1.78,2.02,2.29,2.62,3.11
0.9,5.46,5.1,4.88,4.72,4.58,4.47,4.37,4.29,4.21,4.14,4.07,4.01,3.95,3.9,3.85,3.8,3.75,3.71,3.67,3.62,3.58,3.55,3.51,3.47,3.44,3.4,3.37,3.34,3.31,3.27,3.24,3.21,3.18,3.16,3.13,3.1,3.07,3.04,3.02,2.99,2.96,2.94,2.91,2.88,2.86,2.83,2.81,2.78,2.76,2.73,2.7,2.68,2.65,2.63,2.6,2.57,2.55,2.52,2.49,2.46,2.43,2.41,2.38,2.35,2.32,2.28,2.25,2.22,2.18,2.15,2.11,2.07,2.03,1.99,1.95,1.9,1.85,1.8,1.74,1.68,1.62,1.55,1.47,1.38,1.28,1.17,1.03,0.86,0.62,0,0.65,0.95,1.2,1.43,1.67,1.92,2.2,2.54,3.04
0.91,5.54,5.19,4.97,4.8,4.67,4.56,4.46,4.37,4.29,4.22,4.16,4.09,4.04,3.98,3.93,3.88,3.84,3.79,3.75,3.71,3.67,3.63,3.59,3.56,3.52,3.49,3.45,3.42,3.39,3.36,3.33,3.3,3.27,3.24,3.21,3.18,3.16,3.13,3.1,3.08,3.05,3.02,3,2.97,2.94,2.92,2.89,2.87,2.84,2.82,2.79,2.77,2.74,2.71,2.69,2.66,2.64,2.61,2.58,2.56,2.53,2.5,2.47,2.44,2.41,2.38,2.35,2.32,2.28,2.25,2.21,2.18,2.14,2.1,2.06,2.01,1.97,1.92,1.86,1.81,1.75,1.68,1.61,1.53,1.44,1.34,1.22,1.08,0.9,0.65,0,0.69,1,1.28,1.54,1.8,2.1,2.46,2.97
0.92,5.63,5.28,5.06,4.89,4.76,4.65,4.55,4.46,4.38,4.31,4.25,4.19,4.13,4.07,4.02,3.97,3.93,3.88,3.84,3.8,3.76,3.72,3.68,3.65,3.61,3.58,3.55,3.51,3.48,3.45,3.42,3.39,3.36,3.33,3.3,3.28,3.25,3.22,3.19,3.17,3.14,3.12,3.09,3.06,3.04,3.01,2.99,2.96,2.94,2.91,2.89,2.86,2.84,2.81,2.78,2.76,2.73,2.71,2.68,2.65,2.63,2.6,2.57,2.54,2.51,2.48,2.45,2.42,2.39,2.36,2.32,2.29,2.25,2.21,2.17,2.13,2.08,2.04,1.99,1.94,1.88,1.82,1.75,1.68,1.6,1.5,1.4,1.28,1.13,0.95,0.69,0,0.73,1.07,1.37,1.67,1.98,2.36,2.89
0.93,5.73,5.38,5.16,4.99,4.86,4.75,4.65,4.56,4.48,4.41,4.35,4.29,4.23,4.17,4.12,4.07,4.03,3.98,3.94,3.9,3.86,3.82,3.78,3.75,3.71,3.68,3.65,3.61,3.58,3.55,3.52,3.49,3.46,3.43,3.4,3.38,3.35,3.32,3.3,3.27,3.24,3.22,3.19,3.17,3.14,3.11,3.09,3.06,3.04,3.01,2.99,2.97,2.94,2.92,2.89,2.86,2.84,2.81,2.79,2.76,2.73,2.71,2.68,2.65,2.62,2.6,2.57,2.54,2.5,2.47,2.44,2.41,2.37,2.33,2.29,2.25,2.21,2.17,2.12,2.07,2.02,1.96,1.9,1.83,1.76,1.67,1.58,1.47,1.35,1.2,1,0.73,0,0.79,1.16,1.5,1.84,2.24,2.79
0.94,5.84,5.49,5.27,5.1,4.97,4.86,4.76,4.67,4.6,4.52,4.46,4.4,4.34,4.29,4.23,4.19,4.14,4.09,4.05,4.01,3.97,3.93,3.9,3.86,3.82,3.79,3.76,3.73,3.69,3.66,3.63,3.6,3.57,3.54,3.52,3.49,3.46,3.43,3.41,3.38,3.36,3.33,3.3,3.28,3.25,3.23,3.2,3.18,3.15,3.13,3.11,3.08,3.06,3.03,3.01,2.98,2.96,2.93,2.91,2.88,2.85,2.83,2.8,2.77,2.75,2.72,2.69,2.66,2.63,2.6,2.57,2.54,2.5,2.47,2.43,2.39,2.35,2.31,2.27,2.22,2.17,2.11,2.06,1.99,1.93,1.85,1.77,1.67,1.56,1.43,1.28,1.07,0.79,0,0.85,1.27,1.67,2.1,2.68
0.95,5.97,5.62,5.4,5.23,5.1,4.99,4.89,4.8,4.72,4.65,4.59,4.52,4.47,4.41,4.36,4.31,4.27,4.22,4.18,4.14,4.1,4.06,4.02,3.99,3.95,3.92,3.89,3.85,3.82,3.79,3.76,3.73,3.7,3.67,3.64,3.62,3.59,3.56,3.54,3.51,3.48,3.46,3.43,3.41,3.38,3.36,3.33,3.31,3.28,3.26,3.24,3.21,3.19,3.16,3.14,3.11,3.09,3.07,3.04,3.02,2.99,2.96,2.94,2.91,2.89,2.86,2.83,2.8,2.77,2.74,2.71,2.68,2.65,2.62,2.58,2.54,2.51,2.47,2.42,2.38,2.33,2.28,2.23,2.17,2.11,2.04,1.96,1.88,1.78,1.67,1.54,1.37,1.16,0.85,0,0.95,1.43,1.92,2.54
0.96,6.12,5.77,5.54,5.38,5.25,5.14,5.04,4.95,4.87,4.8,4.74,4.67,4.62,4.56,4.51,4.46,4.42,4.37,4.33,4.29,4.25,4.21,4.17,4.14,4.1,4.07,4.04,4,3.97,3.94,3.91,3.88,3.85,3.82,3.8,3.77,3.74,3.71,3.69,3.66,3.64,3.61,3.58,3.56,3.53,3.51,3.49,3.46,3.44,3.41,3.39,3.37,3.34,3.32,3.29,3.27,3.25,3.22,3.2,3.17,3.15,3.12,3.1,3.07,3.05,3.02,2.99,2.97,2.94,2.91,2.88,2.85,2.82,2.79,2.75,2.72,2.68,2.65,2.61,2.56,2.52,2.47,2.42,2.37,2.31,2.25,2.18,2.1,2.02,1.92,1.8,1.67,1.5,1.27,0.95,0,1.07,1.67,2.36
0.97,6.3,5.95,5.73,5.56,5.43,5.32,5.22,5.14,5.06,4.99,4.92,4.86,4.8,4.75,4.7,4.65,4.6,4.56,4.51,4.47,4.43,4.39,4.36,4.32,4.29,4.25,4.22,4.19,4.16,4.12,4.09,4.67,4.04,4.01,3.98,3.95,3.93,3.9,3.87,3.85,3.82,3.8,3.77,3.75,3.72,3.7,3.67,3.65,3.62,3.6,3.58,3.55,3.53,3.51,3.48,3.46,3.44,3.41,3.39,3.36,3.34,3.32,3.29,3.27,3.24,3.22,3.19,3.16,3.14,3.11,3.08,3.05,3.02,2.99,2.96,2.93,2.89,2.86,2.82,2.78,2.74,2.7,2.65,2.61,2.55,2.5,2.43,2.36,2.29,2.2,2.1,1.98,1.84,1.67,1.43,1.07,0,1.27,2.1
0.98,6.55,6.19,5.97,5.81,5.68,5.56,5.47,5.38,5.3,5.23,5.16,5.1,5.05,4.99,4.94,4.89,4.85,4.8,4.76,4.72,4.68,4.64,4.6,4.57,4.53,4.5,4.46,4.43,4.4,4.37,4.34,4.31,4.28,4.25,4.22,4.2,4.17,4.14,4.12,4.09,4.07,4.04,4.02,3.99,3.97,3.94,3.92,3.9,3.87,3.85,3.83,3.8,3.78,3.76,3.73,3.71,3.69,3.66,3.64,3.62,3.59,3.57,3.55,3.52,3.5,3.47,3.45,3.42,3.4,3.37,3.35,3.32,3.29,3.26,3.23,3.2,3.17,3.14,3.1,3.07,3.03,2.99,2.95,2.9,2.86,2.8,2.75,2.69,2.62,2.54,2.46,2.36,2.24,2.1,1.92,1.67,1.27,0,1.67
0.99,6.93,6.58,6.36,6.19,6.06,5.95,5.85,5.77,5.69,5.62,5.55,5.49,5.43,5.38,5.33,5.28,5.23,5.19,5.14,5.1,5.06,5.02,4.99,4.95,4.92,4.88,4.85,4.82,4.79,4.76,4.73,4.7,4.67,4.64,4.61,4.58,4.56,4.53,4.5,4.48,4.45,4.43,4.4,4.38,4.35,4.33,4.31,4.28,4.26,4.24,4.21,4.19,4.17,4.15,4.12,4.1,4.08,4.06,4.03,4.01,3.99,3.97,3.94,3.92,3.9,3.87,3.85,3.83,3.8,3.78,3.75,3.73,3.7,3.68,3.65,3.62,3.59,3.56,3.53,3.5,3.46,3.43,3.39,3.35,3.31,3.27,3.22,3.16,3.11,3.04,2.97,2.89,2.79,2.68,2.54,2.36,2.1,1.67,0