Item no.,Condition,Vowel pair,Tone_contrast,speakerA,syllable,tone,token,filenameA,speakerX,syllable,tone,token,filenameX,block_con,block_no
1,AB,a-a,315-45,F2,maa,315,1,Thai_F2_maa315-1,F2,maa,45,1,Thai_F2_maa45-1,block1a,1
2,BA,a-a,315-45,F2,maa,45,1,Thai_F2_maa45-1,F2,maa,315,1,Thai_F2_maa315-1,block1a,2
3,AA,a-a,315-45,F2,maa,315,1,Thai_F2_maa315-1,F2,maa,315,2,Thai_F2_maa315-2,block1a,3
4,BB,a-a,315-45,F2,maa,45,1,Thai_F2_maa45-1,F2,maa,45,2,Thai_F2_maa45-2,block1a,4
5,AB,a-a,33-241,F2,maa,33,1,Thai_F2_maa33-1,F2,maa,241,1,Thai_F2_maa241-1,block1a,5
6,BA,a-a,33-241,F2,maa,241,1,Thai_F2_maa241-1,F2,maa,33,1,Thai_F2_maa33-1,block1a,6
7,AA,a-a,33-241,F2,maa,33,1,Thai_F2_maa33-1,F2,maa,33,2,Thai_F2_maa33-2,block1a,7
8,BB,a-a,33-241,F2,maa,241,1,Thai_F2_maa241-1,F2,maa,241,2,Thai_F2_maa241-2,block1a,8
9,AB,a-a,33-45,F2,maa,33,1,Thai_F2_maa33-1,F2,maa,45,1,Thai_F2_maa45-1,block1a,9
10,BA,a-a,33-45,F2,maa,45,1,Thai_F2_maa45-1,F2,maa,33,1,Thai_F2_maa33-1,block1a,10
11,AA,a-a,33-45,F2,maa,33,1,Thai_F2_maa33-1,F2,maa,33,2,Thai_F2_maa33-2,block1a,11
12,BB,a-a,33-45,F2,maa,45,1,Thai_F2_maa45-1,F2,maa,45,2,Thai_F2_maa45-2,block1a,12
13,AB,a-a,315-45,F2,maa,315,2,Thai_F2_maa315-2,F2,maa,45,2,Thai_F2_maa45-2,block1a,13
14,BA,a-a,315-45,F2,maa,45,2,Thai_F2_maa45-2,F2,maa,315,2,Thai_F2_maa315-2,block1a,14
15,AA,a-a,315-45,F2,maa,315,2,Thai_F2_maa315-2,F2,maa,315,1,Thai_F2_maa315-1,block1a,15
16,BB,a-a,315-45,F2,maa,45,2,Thai_F2_maa45-2,F2,maa,45,1,Thai_F2_maa45-1,block1a,16
17,AB,a-a,33-241,F2,maa,33,2,Thai_F2_maa33-2,F2,maa,241,2,Thai_F2_maa241-2,block1a,17
18,BA,a-a,33-241,F2,maa,241,2,Thai_F2_maa241-2,F2,maa,33,2,Thai_F2_maa33-2,block1a,18
19,AA,a-a,33-241,F2,maa,33,2,Thai_F2_maa33-2,F2,maa,33,1,Thai_F2_maa33-1,block1a,19
20,BB,a-a,33-241,F2,maa,241,2,Thai_F2_maa241-2,F2,maa,241,1,Thai_F2_maa241-1,block1a,20
21,AB,a-a,33-45,F2,maa,33,2,Thai_F2_maa33-2,F2,maa,45,2,Thai_F2_maa45-2,block1a,21
22,BA,a-a,33-45,F2,maa,45,2,Thai_F2_maa45-2,F2,maa,33,2,Thai_F2_maa33-2,block1a,22
23,AA,a-a,33-45,F2,maa,33,2,Thai_F2_maa33-2,F2,maa,33,1,Thai_F2_maa33-1,block1a,23
24,BB,a-a,33-45,F2,maa,45,2,Thai_F2_maa45-2,F2,maa,45,1,Thai_F2_maa45-1,block1a,24
25,AB,i-i,315-45,F2,mii,315,1,Thai_F2_mii315-1,F2,mii,45,1,Thai_F2_mii45-1,block1b,1
26,BA,i-i,315-45,F2,mii,45,1,Thai_F2_mii45-1,F2,mii,315,1,Thai_F2_mii315-1,block1b,2
27,AA,i-i,315-45,F2,mii,315,1,Thai_F2_mii315-1,F2,mii,315,2,Thai_F2_mii315-2,block1b,3
28,BB,i-i,315-45,F2,mii,45,1,Thai_F2_mii45-1,F2,mii,45,2,Thai_F2_mii45-2,block1b,4
29,AB,i-i,33-241,F2,mii,33,1,Thai_F2_mii33-1,F2,mii,241,1,Thai_F2_mii241-1,block1b,5
30,BA,i-i,33-241,F2,mii,241,1,Thai_F2_mii241-1,F2,mii,33,1,Thai_F2_mii33-1,block1b,6
31,AA,i-i,33-241,F2,mii,33,1,Thai_F2_mii33-1,F2,mii,33,2,Thai_F2_mii33-2,block1b,7
32,BB,i-i,33-241,F2,mii,241,1,Thai_F2_mii241-1,F2,mii,241,2,Thai_F2_mii241-2,block1b,8
33,AB,i-i,33-45,F2,mii,33,1,Thai_F2_mii33-1,F2,mii,45,1,Thai_F2_mii45-1,block1b,9
34,BA,i-i,33-45,F2,mii,45,1,Thai_F2_mii45-1,F2,mii,33,1,Thai_F2_mii33-1,block1b,10
35,AA,i-i,33-45,F2,mii,33,1,Thai_F2_mii33-1,F2,mii,33,2,Thai_F2_mii33-2,block1b,11
36,BB,i-i,33-45,F2,mii,45,1,Thai_F2_mii45-1,F2,mii,45,2,Thai_F2_mii45-2,block1b,12
37,AB,i-i,315-45,F2,mii,315,2,Thai_F2_mii315-2,F2,mii,45,2,Thai_F2_mii45-2,block1b,13
38,BA,i-i,315-45,F2,mii,45,2,Thai_F2_mii45-2,F2,mii,315,2,Thai_F2_mii315-2,block1b,14
39,AA,i-i,315-45,F2,mii,315,2,Thai_F2_mii315-2,F2,mii,315,1,Thai_F2_mii315-1,block1b,15
40,BB,i-i,315-45,F2,mii,45,2,Thai_F2_mii45-2,F2,mii,45,1,Thai_F2_mii45-1,block1b,16
41,AB,i-i,33-241,F2,mii,33,2,Thai_F2_mii33-2,F2,mii,241,2,Thai_F2_mii241-2,block1b,17
42,BA,i-i,33-241,F2,mii,241,2,Thai_F2_mii241-2,F2,mii,33,2,Thai_F2_mii33-2,block1b,18
43,AA,i-i,33-241,F2,mii,33,2,Thai_F2_mii33-2,F2,mii,33,1,Thai_F2_mii33-1,block1b,19
44,BB,i-i,33-241,F2,mii,241,2,Thai_F2_mii241-2,F2,mii,241,1,Thai_F2_mii241-1,block1b,20
45,AB,i-i,33-45,F2,mii,33,2,Thai_F2_mii33-2,F2,mii,45,2,Thai_F2_mii45-2,block1b,21
46,BA,i-i,33-45,F2,mii,45,2,Thai_F2_mii45-2,F2,mii,33,2,Thai_F2_mii33-2,block1b,22
47,AA,i-i,33-45,F2,mii,33,2,Thai_F2_mii33-2,F2,mii,33,1,Thai_F2_mii33-1,block1b,23
48,BB,i-i,33-45,F2,mii,45,2,Thai_F2_mii45-2,F2,mii,45,1,Thai_F2_mii45-1,block1b,24
49,AB,a-i,315-45,F2,maa,315,1,Thai_F2_maa315-1,F2,mii,45,1,Thai_F2_mii45-1,block2a,1
50,BA,a-i,315-45,F2,maa,45,1,Thai_F2_maa45-1,F2,mii,315,1,Thai_F2_mii315-1,block2a,2
51,AA,a-i,315-45,F2,maa,315,1,Thai_F2_maa315-1,F2,mii,315,1,Thai_F2_mii315-1,block2a,3
52,BB,a-i,315-45,F2,maa,45,1,Thai_F2_maa45-1,F2,mii,45,1,Thai_F2_mii45-1,block2a,4
53,AB,a-i,33-241,F2,maa,33,1,Thai_F2_maa33-1,F2,mii,241,1,Thai_F2_mii241-1,block2a,5
54,BA,a-i,33-241,F2,maa,241,1,Thai_F2_maa241-1,F2,mii,33,1,Thai_F2_mii33-1,block2a,6
55,AA,a-i,33-241,F2,maa,33,1,Thai_F2_maa33-1,F2,mii,33,1,Thai_F2_mii33-1,block2a,7
56,BB,a-i,33-241,F2,maa,241,1,Thai_F2_maa241-1,F2,mii,241,1,Thai_F2_mii241-1,block2a,8
57,AB,a-i,33-45,F2,maa,33,1,Thai_F2_maa33-1,F2,mii,45,1,Thai_F2_mii45-1,block2a,9
58,BA,a-i,33-45,F2,maa,45,1,Thai_F2_maa45-1,F2,mii,33,1,Thai_F2_mii33-1,block2a,10
59,AA,a-i,33-45,F2,maa,33,1,Thai_F2_maa33-1,F2,mii,33,1,Thai_F2_mii33-1,block2a,11
60,BB,a-i,33-45,F2,maa,45,1,Thai_F2_maa45-1,F2,mii,45,1,Thai_F2_mii45-1,block2a,12
61,AB,a-i,315-45,F2,maa,315,2,Thai_F2_maa315-2,F2,mii,45,2,Thai_F2_mii45-2,block2a,13
62,BA,a-i,315-45,F2,maa,45,2,Thai_F2_maa45-2,F2,mii,315,2,Thai_F2_mii315-2,block2a,14
63,AA,a-i,315-45,F2,maa,315,2,Thai_F2_maa315-2,F2,mii,315,2,Thai_F2_mii315-2,block2a,15
64,BB,a-i,315-45,F2,maa,45,2,Thai_F2_maa45-2,F2,mii,45,2,Thai_F2_mii45-2,block2a,16
65,AB,a-i,33-241,F2,maa,33,2,Thai_F2_maa33-2,F2,mii,241,2,Thai_F2_mii241-2,block2a,17
66,BA,a-i,33-241,F2,maa,241,2,Thai_F2_maa241-2,F2,mii,33,2,Thai_F2_mii33-2,block2a,18
67,AA,a-i,33-241,F2,maa,33,2,Thai_F2_maa33-2,F2,mii,33,2,Thai_F2_mii33-2,block2a,19
68,BB,a-i,33-241,F2,maa,241,2,Thai_F2_maa241-2,F2,mii,241,2,Thai_F2_mii241-2,block2a,20
69,AB,a-i,33-45,F2,maa,33,2,Thai_F2_maa33-2,F2,mii,45,2,Thai_F2_mii45-2,block2a,21
70,BA,a-i,33-45,F2,maa,45,2,Thai_F2_maa45-2,F2,mii,33,2,Thai_F2_mii33-2,block2a,22
71,AA,a-i,33-45,F2,maa,33,2,Thai_F2_maa33-2,F2,mii,33,2,Thai_F2_mii33-2,block2a,23
72,BB,a-i,33-45,F2,maa,45,2,Thai_F2_maa45-2,F2,mii,45,2,Thai_F2_mii45-2,block2a,24
73,AB,i-a,315-45,F2,mii,315,1,Thai_F2_mii315-1,F2,maa,45,1,Thai_F2_maa45-1,block2b,1
74,BA,i-a,315-45,F2,mii,45,1,Thai_F2_mii45-1,F2,maa,315,1,Thai_F2_maa315-1,block2b,2
75,AA,i-a,315-45,F2,mii,315,1,Thai_F2_mii315-1,F2,maa,315,1,Thai_F2_maa315-1,block2b,3
76,BB,i-a,315-45,F2,mii,45,1,Thai_F2_mii45-1,F2,maa,45,1,Thai_F2_maa45-1,block2b,4
77,AB,i-a,33-241,F2,mii,241,1,Thai_F2_mii241-1,F2,maa,33,1,Thai_F2_maa33-1,block2b,5
78,BA,i-a,33-241,F2,mii,33,1,Thai_F2_mii33-1,F2,maa,241,1,Thai_F2_maa241-1,block2b,6
79,AA,i-a,33-241,F2,mii,33,1,Thai_F2_mii33-1,F2,maa,33,1,Thai_F2_maa33-1,block2b,7
80,BB,i-a,33-241,F2,mii,241,1,Thai_F2_mii241-1,F2,maa,241,1,Thai_F2_maa241-1,block2b,8
81,AB,i-a,33-45,F2,mii,45,1,Thai_F2_mii45-1,F2,maa,33,1,Thai_F2_maa33-1,block2b,9
82,BA,i-a,33-45,F2,mii,33,1,Thai_F2_mii33-1,F2,maa,45,1,Thai_F2_maa45-1,block2b,10
83,AA,i-a,33-45,F2,mii,33,1,Thai_F2_mii33-1,F2,maa,33,1,Thai_F2_maa33-1,block2b,11
84,BB,i-a,33-45,F2,mii,45,1,Thai_F2_mii45-1,F2,maa,45,1,Thai_F2_maa45-1,block2b,12
85,AB,i-a,315-45,F2,mii,315,2,Thai_F2_mii315-2,F2,maa,45,2,Thai_F2_maa45-2,block2b,13
86,BA,i-a,315-45,F2,mii,45,2,Thai_F2_mii45-2,F2,maa,315,2,Thai_F2_maa315-2,block2b,14
87,AA,i-a,315-45,F2,mii,315,2,Thai_F2_mii315-2,F2,maa,315,2,Thai_F2_maa315-2,block2b,15
88,BB,i-a,315-45,F2,mii,45,2,Thai_F2_mii45-2,F2,maa,45,2,Thai_F2_maa45-2,block2b,16
89,AB,i-a,33-241,F2,mii,241,2,Thai_F2_mii241-2,F2,maa,33,2,Thai_F2_maa33-2,block2b,17
90,BA,i-a,33-241,F2,mii,33,2,Thai_F2_mii33-2,F2,maa,241,2,Thai_F2_maa241-2,block2b,18
91,AA,i-a,33-241,F2,mii,33,2,Thai_F2_mii33-2,F2,maa,33,2,Thai_F2_maa33-2,block2b,19
92,BB,i-a,33-241,F2,mii,241,2,Thai_F2_mii241-2,F2,maa,241,2,Thai_F2_maa241-2,block2b,20
93,AB,i-a,33-45,F2,mii,45,2,Thai_F2_mii45-2,F2,maa,33,2,Thai_F2_maa33-2,block2b,21
94,BA,i-a,33-45,F2,mii,33,2,Thai_F2_mii33-2,F2,maa,45,2,Thai_F2_maa45-2,block2b,22
95,AA,i-a,33-45,F2,mii,33,2,Thai_F2_mii33-2,F2,maa,33,2,Thai_F2_maa33-2,block2b,23
96,BB,i-a,33-45,F2,mii,45,2,Thai_F2_mii45-2,F2,maa,45,2,Thai_F2_maa45-2,block2b,24
97,AB,a-a,315-45,F4,maa,315,1,Thai_F4_maa315-1,F4,maa,45,1,Thai_F4_maa45-1,block3a,1
98,BA,a-a,315-45,F4,maa,45,1,Thai_F4_maa45-1,F4,maa,315,1,Thai_F4_maa315-1,block3a,2
99,AA,a-a,315-45,F4,maa,315,1,Thai_F4_maa315-1,F4,maa,315,2,Thai_F4_maa315-2,block3a,3
100,BB,a-a,315-45,F4,maa,45,1,Thai_F4_maa45-1,F4,maa,45,2,Thai_F4_maa45-2,block3a,4
101,AB,a-a,33-241,F4,maa,33,1,Thai_F4_maa33-1,F4,maa,241,1,Thai_F4_maa241-1,block3a,5
102,BA,a-a,33-241,F4,maa,241,1,Thai_F4_maa241-1,F4,maa,33,1,Thai_F4_maa33-1,block3a,6
103,AA,a-a,33-241,F4,maa,33,1,Thai_F4_maa33-1,F4,maa,33,2,Thai_F4_maa33-2,block3a,7
104,BB,a-a,33-241,F4,maa,241,1,Thai_F4_maa241-1,F4,maa,241,2,Thai_F4_maa241-2,block3a,8
105,AB,a-a,33-45,F4,maa,33,1,Thai_F4_maa33-1,F4,maa,45,1,Thai_F4_maa45-1,block3a,9
106,BA,a-a,33-45,F4,maa,45,1,Thai_F4_maa45-1,F4,maa,33,1,Thai_F4_maa33-1,block3a,10
107,AA,a-a,33-45,F4,maa,33,1,Thai_F4_maa33-1,F4,maa,33,2,Thai_F4_maa33-2,block3a,11
108,BB,a-a,33-45,F4,maa,45,1,Thai_F4_maa45-1,F4,maa,45,2,Thai_F4_maa45-2,block3a,12
109,AB,a-a,315-45,F4,maa,315,2,Thai_F4_maa315-2,F4,maa,45,2,Thai_F4_maa45-2,block3a,13
110,BA,a-a,315-45,F4,maa,45,2,Thai_F4_maa45-2,F4,maa,315,2,Thai_F4_maa315-2,block3a,14
111,AA,a-a,315-45,F4,maa,315,2,Thai_F4_maa315-2,F4,maa,315,1,Thai_F4_maa315-1,block3a,15
112,BB,a-a,315-45,F4,maa,45,2,Thai_F4_maa45-2,F4,maa,45,1,Thai_F4_maa45-1,block3a,16
113,AB,a-a,33-241,F4,maa,33,2,Thai_F4_maa33-2,F4,maa,241,2,Thai_F4_maa241-2,block3a,17
114,BA,a-a,33-241,F4,maa,241,2,Thai_F4_maa241-2,F4,maa,33,2,Thai_F4_maa33-2,block3a,18
115,AA,a-a,33-241,F4,maa,33,2,Thai_F4_maa33-2,F4,maa,33,1,Thai_F4_maa33-1,block3a,19
116,BB,a-a,33-241,F4,maa,241,2,Thai_F4_maa241-2,F4,maa,241,1,Thai_F4_maa241-1,block3a,20
117,AB,a-a,33-45,F4,maa,33,2,Thai_F4_maa33-2,F4,maa,45,2,Thai_F4_maa45-2,block3a,21
118,BA,a-a,33-45,F4,maa,45,2,Thai_F4_maa45-2,F4,maa,33,2,Thai_F4_maa33-2,block3a,22
119,AA,a-a,33-45,F4,maa,33,2,Thai_F4_maa33-2,F4,maa,33,1,Thai_F4_maa33-1,block3a,23
120,BB,a-a,33-45,F4,maa,45,2,Thai_F4_maa45-2,F4,maa,45,1,Thai_F4_maa45-1,block3a,24
121,AB,i-i,315-45,F4,mii,315,1,Thai_F4_mii315-1,F4,mii,45,1,Thai_F4_mii45-1,block3b,1
122,BA,i-i,315-45,F4,mii,45,1,Thai_F4_mii45-1,F4,mii,315,1,Thai_F4_mii315-1,block3b,2
123,AA,i-i,315-45,F4,mii,315,1,Thai_F4_mii315-1,F4,mii,315,2,Thai_F4_mii315-2,block3b,3
124,BB,i-i,315-45,F4,mii,45,1,Thai_F4_mii45-1,F4,mii,45,2,Thai_F4_mii45-2,block3b,4
125,AB,i-i,33-241,F4,mii,33,1,Thai_F4_mii33-1,F4,mii,241,1,Thai_F4_mii241-1,block3b,5
126,BA,i-i,33-241,F4,mii,241,1,Thai_F4_mii241-1,F4,mii,33,1,Thai_F4_mii33-1,block3b,6
127,AA,i-i,33-241,F4,mii,33,1,Thai_F4_mii33-1,F4,mii,33,2,Thai_F4_mii33-2,block3b,7
128,BB,i-i,33-241,F4,mii,241,1,Thai_F4_mii241-1,F4,mii,241,2,Thai_F4_mii241-2,block3b,8
129,AB,i-i,33-45,F4,mii,33,1,Thai_F4_mii33-1,F4,mii,45,1,Thai_F4_mii45-1,block3b,9
130,BA,i-i,33-45,F4,mii,45,1,Thai_F4_mii45-1,F4,mii,33,1,Thai_F4_mii33-1,block3b,10
131,AA,i-i,33-45,F4,mii,33,1,Thai_F4_mii33-1,F4,mii,33,2,Thai_F4_mii33-2,block3b,11
132,BB,i-i,33-45,F4,mii,45,1,Thai_F4_mii45-1,F4,mii,45,2,Thai_F4_mii45-2,block3b,12
133,AB,i-i,315-45,F4,mii,315,2,Thai_F4_mii315-2,F4,mii,45,2,Thai_F4_mii45-2,block3b,13
134,BA,i-i,315-45,F4,mii,45,2,Thai_F4_mii45-2,F4,mii,315,2,Thai_F4_mii315-2,block3b,14
135,AA,i-i,315-45,F4,mii,315,2,Thai_F4_mii315-2,F4,mii,315,1,Thai_F4_mii315-1,block3b,15
136,BB,i-i,315-45,F4,mii,45,2,Thai_F4_mii45-2,F4,mii,45,1,Thai_F4_mii45-1,block3b,16
137,AB,i-i,33-241,F4,mii,33,2,Thai_F4_mii33-2,F4,mii,241,2,Thai_F4_mii241-2,block3b,17
138,BA,i-i,33-241,F4,mii,241,2,Thai_F4_mii241-2,F4,mii,33,2,Thai_F4_mii33-2,block3b,18
139,AA,i-i,33-241,F4,mii,33,2,Thai_F4_mii33-2,F4,mii,33,1,Thai_F4_mii33-1,block3b,19
140,BB,i-i,33-241,F4,mii,241,2,Thai_F4_mii241-2,F4,mii,241,1,Thai_F4_mii241-1,block3b,20
141,AB,i-i,33-45,F4,mii,33,2,Thai_F4_mii33-2,F4,mii,45,2,Thai_F4_mii45-2,block3b,21
142,BA,i-i,33-45,F4,mii,45,2,Thai_F4_mii45-2,F4,mii,33,2,Thai_F4_mii33-2,block3b,22
143,AA,i-i,33-45,F4,mii,33,2,Thai_F4_mii33-2,F4,mii,33,1,Thai_F4_mii33-1,block3b,23
144,BB,i-i,33-45,F4,mii,45,2,Thai_F4_mii45-2,F4,mii,45,1,Thai_F4_mii45-1,block3b,24
145,AB,a-i,315-45,F4,maa,315,1,Thai_F4_maa315-1,F4,mii,45,1,Thai_F4_mii45-1,block4a,1
146,BA,a-i,315-45,F4,maa,45,1,Thai_F4_maa45-1,F4,mii,315,1,Thai_F4_mii315-1,block4a,2
147,AA,a-i,315-45,F4,maa,315,1,Thai_F4_maa315-1,F4,mii,315,1,Thai_F4_mii315-1,block4a,3
148,BB,a-i,315-45,F4,maa,45,1,Thai_F4_maa45-1,F4,mii,45,1,Thai_F4_mii45-1,block4a,4
149,AB,a-i,33-241,F4,maa,33,1,Thai_F4_maa33-1,F4,mii,241,1,Thai_F4_mii241-1,block4a,5
150,BA,a-i,33-241,F4,maa,241,1,Thai_F4_maa241-1,F4,mii,33,1,Thai_F4_mii33-1,block4a,6
151,AA,a-i,33-241,F4,maa,33,1,Thai_F4_maa33-1,F4,mii,33,1,Thai_F4_mii33-1,block4a,7
152,BB,a-i,33-241,F4,maa,241,1,Thai_F4_maa241-1,F4,mii,241,1,Thai_F4_mii241-1,block4a,8
153,AB,a-i,33-45,F4,maa,33,1,Thai_F4_maa33-1,F4,mii,45,1,Thai_F4_mii45-1,block4a,9
154,BA,a-i,33-45,F4,maa,45,1,Thai_F4_maa45-1,F4,mii,33,1,Thai_F4_mii33-1,block4a,10
155,AA,a-i,33-45,F4,maa,33,1,Thai_F4_maa33-1,F4,mii,33,1,Thai_F4_mii33-1,block4a,11
156,BB,a-i,33-45,F4,maa,45,1,Thai_F4_maa45-1,F4,mii,45,1,Thai_F4_mii45-1,block4a,12
157,AB,a-i,315-45,F4,maa,315,2,Thai_F4_maa315-2,F4,mii,45,2,Thai_F4_mii45-2,block4a,13
158,BA,a-i,315-45,F4,maa,45,2,Thai_F4_maa45-2,F4,mii,315,2,Thai_F4_mii315-2,block4a,14
159,AA,a-i,315-45,F4,maa,315,2,Thai_F4_maa315-2,F4,mii,315,2,Thai_F4_mii315-2,block4a,15
160,BB,a-i,315-45,F4,maa,45,2,Thai_F4_maa45-2,F4,mii,45,2,Thai_F4_mii45-2,block4a,16
161,AB,a-i,33-241,F4,maa,33,2,Thai_F4_maa33-2,F4,mii,241,2,Thai_F4_mii241-2,block4a,17
162,BA,a-i,33-241,F4,maa,241,2,Thai_F4_maa241-2,F4,mii,33,2,Thai_F4_mii33-2,block4a,18
163,AA,a-i,33-241,F4,maa,33,2,Thai_F4_maa33-2,F4,mii,33,2,Thai_F4_mii33-2,block4a,19
164,BB,a-i,33-241,F4,maa,241,2,Thai_F4_maa241-2,F4,mii,241,2,Thai_F4_mii241-2,block4a,20
165,AB,a-i,33-45,F4,maa,33,2,Thai_F4_maa33-2,F4,mii,45,2,Thai_F4_mii45-2,block4a,21
166,BA,a-i,33-45,F4,maa,45,2,Thai_F4_maa45-2,F4,mii,33,2,Thai_F4_mii33-2,block4a,22
167,AA,a-i,33-45,F4,maa,33,2,Thai_F4_maa33-2,F4,mii,33,2,Thai_F4_mii33-2,block4a,23
168,BB,a-i,33-45,F4,maa,45,2,Thai_F4_maa45-2,F4,mii,45,2,Thai_F4_mii45-2,block4a,24
169,AB,i-a,315-45,F4,mii,45,1,Thai_F4_mii45-1,F4,maa,315,1,Thai_F4_maa315-1,block4b,1
170,BA,i-a,315-45,F4,mii,315,1,Thai_F4_mii315-1,F4,maa,45,1,Thai_F4_maa45-1,block4b,2
171,AA,i-a,315-45,F4,mii,315,1,Thai_F4_mii315-1,F4,maa,315,1,Thai_F4_maa315-1,block4b,3
172,BB,i-a,315-45,F4,mii,45,1,Thai_F4_mii45-1,F4,maa,45,1,Thai_F4_maa45-1,block4b,4
173,AB,i-a,33-241,F4,mii,241,1,Thai_F4_mii241-1,F4,maa,33,1,Thai_F4_maa33-1,block4b,5
174,BA,i-a,33-241,F4,mii,33,1,Thai_F4_mii33-1,F4,maa,241,1,Thai_F4_maa241-1,block4b,6
175,AA,i-a,33-241,F4,mii,33,1,Thai_F4_mii33-1,F4,maa,33,1,Thai_F4_maa33-1,block4b,7
176,BB,i-a,33-241,F4,mii,241,1,Thai_F4_mii241-1,F4,maa,241,1,Thai_F4_maa241-1,block4b,8
177,AB,i-a,33-45,F4,mii,45,1,Thai_F4_mii45-1,F4,maa,33,1,Thai_F4_maa33-1,block4b,9
178,BA,i-a,33-45,F4,mii,33,1,Thai_F4_mii33-1,F4,maa,45,1,Thai_F4_maa45-1,block4b,10
179,AA,i-a,33-45,F4,mii,33,1,Thai_F4_mii33-1,F4,maa,33,1,Thai_F4_maa33-1,block4b,11
180,BB,i-a,33-45,F4,mii,45,1,Thai_F4_mii45-1,F4,maa,45,1,Thai_F4_maa45-1,block4b,12
181,AB,i-a,315-45,F4,mii,45,2,Thai_F4_mii45-2,F4,maa,315,2,Thai_F4_maa315-2,block4b,13
182,BA,i-a,315-45,F4,mii,315,2,Thai_F4_mii315-2,F4,maa,45,2,Thai_F4_maa45-2,block4b,14
183,AA,i-a,315-45,F4,mii,315,2,Thai_F4_mii315-2,F4,maa,315,2,Thai_F4_maa315-2,block4b,15
184,BB,i-a,315-45,F4,mii,45,2,Thai_F4_mii45-2,F4,maa,45,2,Thai_F4_maa45-2,block4b,16
185,AB,i-a,33-241,F4,mii,241,2,Thai_F4_mii241-2,F4,maa,33,2,Thai_F4_maa33-2,block4b,17
186,BA,i-a,33-241,F4,mii,33,2,Thai_F4_mii33-2,F4,maa,241,2,Thai_F4_maa241-2,block4b,18
187,AA,i-a,33-241,F4,mii,33,2,Thai_F4_mii33-2,F4,maa,33,2,Thai_F4_maa33-2,block4b,19
188,BB,i-a,33-241,F4,mii,241,2,Thai_F4_mii241-2,F4,maa,241,2,Thai_F4_maa241-2,block4b,20
189,AB,i-a,33-45,F4,mii,45,2,Thai_F4_mii45-2,F4,maa,33,2,Thai_F4_maa33-2,block4b,21
190,BA,i-a,33-45,F4,mii,33,2,Thai_F4_mii33-2,F4,maa,45,2,Thai_F4_maa45-2,block4b,22
191,AA,i-a,33-45,F4,mii,33,2,Thai_F4_mii33-2,F4,maa,33,2,Thai_F4_maa33-2,block4b,23
192,BB,i-a,33-45,F4,mii,45,2,Thai_F4_mii45-2,F4,maa,45,2,Thai_F4_maa45-2,block4b,24
193,AB,a-a,315-45,F2,maa,315,1,Thai_F2_maa315-1,F4,maa,45,1,Thai_F4_maa45-1,block5a,1
194,BA,a-a,315-45,F2,maa,45,1,Thai_F2_maa45-1,F4,maa,315,1,Thai_F4_maa315-1,block5a,2
195,AA,a-a,315-45,F2,maa,315,1,Thai_F2_maa315-1,F4,maa,315,1,Thai_F4_maa315-1,block5a,3
196,BB,a-a,315-45,F2,maa,45,1,Thai_F2_maa45-1,F4,maa,45,1,Thai_F4_maa45-1,block5a,4
197,AB,a-a,33-241,F2,maa,33,1,Thai_F2_maa33-1,F4,maa,241,1,Thai_F4_maa241-1,block5a,5
198,BA,a-a,33-241,F2,maa,241,1,Thai_F2_maa241-1,F4,maa,33,1,Thai_F4_maa33-1,block5a,6
199,AA,a-a,33-241,F2,maa,33,1,Thai_F2_maa33-1,F4,maa,33,1,Thai_F4_maa33-1,block5a,7
200,BB,a-a,33-241,F2,maa,241,1,Thai_F2_maa241-1,F4,maa,241,1,Thai_F4_maa241-1,block5a,8
201,AB,a-a,33-45,F2,maa,33,1,Thai_F2_maa33-1,F4,maa,45,1,Thai_F4_maa45-1,block5a,9
202,BA,a-a,33-45,F2,maa,45,1,Thai_F2_maa45-1,F4,maa,33,1,Thai_F4_maa33-1,block5a,10
203,AA,a-a,33-45,F2,maa,33,1,Thai_F2_maa33-1,F4,maa,33,1,Thai_F4_maa33-1,block5a,11
204,BB,a-a,33-45,F2,maa,45,1,Thai_F2_maa45-1,F4,maa,45,1,Thai_F4_maa45-1,block5a,12
205,AB,a-a,315-45,F2,maa,315,2,Thai_F2_maa315-2,F4,maa,45,2,Thai_F4_maa45-2,block5a,13
206,BA,a-a,315-45,F2,maa,45,2,Thai_F2_maa45-2,F4,maa,315,2,Thai_F4_maa315-2,block5a,14
207,AA,a-a,315-45,F2,maa,315,2,Thai_F2_maa315-2,F4,maa,315,2,Thai_F4_maa315-2,block5a,15
208,BB,a-a,315-45,F2,maa,45,2,Thai_F2_maa45-2,F4,maa,45,2,Thai_F4_maa45-2,block5a,16
209,AB,a-a,33-241,F2,maa,33,2,Thai_F2_maa33-2,F4,maa,241,2,Thai_F4_maa241-2,block5a,17
210,BA,a-a,33-241,F2,maa,241,2,Thai_F2_maa241-2,F4,maa,33,2,Thai_F4_maa33-2,block5a,18
211,AA,a-a,33-241,F2,maa,33,2,Thai_F2_maa33-2,F4,maa,33,2,Thai_F4_maa33-2,block5a,19
212,BB,a-a,33-241,F2,maa,241,2,Thai_F2_maa241-2,F4,maa,241,2,Thai_F4_maa241-2,block5a,20
213,AB,a-a,33-45,F2,maa,33,2,Thai_F2_maa33-2,F4,maa,45,2,Thai_F4_maa45-2,block5a,21
214,BA,a-a,33-45,F2,maa,45,2,Thai_F2_maa45-2,F4,maa,33,2,Thai_F4_maa33-2,block5a,22
215,AA,a-a,33-45,F2,maa,33,2,Thai_F2_maa33-2,F4,maa,33,2,Thai_F4_maa33-2,block5a,23
216,BB,a-a,33-45,F2,maa,45,2,Thai_F2_maa45-2,F4,maa,45,2,Thai_F4_maa45-2,block5a,24
217,AB,i-i,315-45,F2,mii,315,1,Thai_F2_mii315-1,F4,mii,45,1,Thai_F4_mii45-1,block5b,1
218,BA,i-i,315-45,F2,mii,45,1,Thai_F2_mii45-1,F4,mii,315,1,Thai_F4_mii315-1,block5b,2
219,AA,i-i,315-45,F2,mii,315,1,Thai_F2_mii315-1,F4,mii,315,1,Thai_F4_mii315-1,block5b,3
220,BB,i-i,315-45,F2,mii,45,1,Thai_F2_mii45-1,F4,mii,45,1,Thai_F4_mii45-1,block5b,4
221,AB,i-i,33-241,F2,mii,33,1,Thai_F2_mii33-1,F4,mii,241,1,Thai_F4_mii241-1,block5b,5
222,BA,i-i,33-241,F2,mii,241,1,Thai_F2_mii241-1,F4,mii,33,1,Thai_F4_mii33-1,block5b,6
223,AA,i-i,33-241,F2,mii,33,1,Thai_F2_mii33-1,F4,mii,33,1,Thai_F4_mii33-1,block5b,7
224,BB,i-i,33-241,F2,mii,241,1,Thai_F2_mii241-1,F4,mii,241,1,Thai_F4_mii241-1,block5b,8
225,AB,i-i,33-45,F2,mii,33,1,Thai_F2_mii33-1,F4,mii,45,1,Thai_F4_mii45-1,block5b,9
226,BA,i-i,33-45,F2,mii,45,1,Thai_F2_mii45-1,F4,mii,33,1,Thai_F4_mii33-1,block5b,10
227,AA,i-i,33-45,F2,mii,33,1,Thai_F2_mii33-1,F4,mii,33,1,Thai_F4_mii33-1,block5b,11
228,BB,i-i,33-45,F2,mii,45,1,Thai_F2_mii45-1,F4,mii,45,1,Thai_F4_mii45-1,block5b,12
229,AB,i-i,315-45,F2,mii,315,2,Thai_F2_mii315-2,F4,mii,45,2,Thai_F4_mii45-2,block5b,13
230,BA,i-i,315-45,F2,mii,45,2,Thai_F2_mii45-2,F4,mii,315,2,Thai_F4_mii315-2,block5b,14
231,AA,i-i,315-45,F2,mii,315,2,Thai_F2_mii315-2,F4,mii,315,2,Thai_F4_mii315-2,block5b,15
232,BB,i-i,315-45,F2,mii,45,2,Thai_F2_mii45-2,F4,mii,45,2,Thai_F4_mii45-2,block5b,16
233,AB,i-i,33-241,F2,mii,33,2,Thai_F2_mii33-2,F4,mii,241,2,Thai_F4_mii241-2,block5b,17
234,BA,i-i,33-241,F2,mii,241,2,Thai_F2_mii241-2,F4,mii,33,2,Thai_F4_mii33-2,block5b,18
235,AA,i-i,33-241,F2,mii,33,2,Thai_F2_mii33-2 ,F4,mii,33,2,Thai_F4_mii33-2,block5b,19
236,BB,i-i,33-241,F2,mii,241,2,Thai_F2_mii241-2,F4,mii,241,2,Thai_F4_mii241-2,block5b,20
237,AB,i-i,33-45,F2,mii,33,2,Thai_F2_mii33-2,F4,mii,45,2,Thai_F4_mii45-2,block5b,21
238,BA,i-i,33-45,F2,mii,45,2,Thai_F2_mii45-2,F4,mii,33,2,Thai_F4_mii33-2,block5b,22
239,AA,i-i,33-45,F2,mii,33,2,Thai_F2_mii33-2,F4,mii,33,2,Thai_F4_mii33-2,block5b,23
240,BB,i-i,33-45,F2,mii,45,2,Thai_F2_mii45-2,F4,mii,45,2,Thai_F4_mii45-2,block5b,24
241,AB,a-i,315-45,F2,maa,315,1,Thai_F2_maa315-1,F4,mii,45,1,Thai_F4_mii45-1,block6a,1
242,BA,a-i,315-45,F2,maa,45,1,Thai_F2_maa45-1,F4,mii,315,1,Thai_F4_mii315-1,block6a,2
243,AA,a-i,315-45,F2,maa,315,1,Thai_F2_maa315-1,F4,mii,315,1,Thai_F4_mii315-1,block6a,3
244,BB,a-i,315-45,F2,maa,45,1,Thai_F2_maa45-1,F4,mii,45,1,Thai_F4_mii45-1,block6a,4
245,AB,a-i,33-241,F2,maa,33,1,Thai_F2_maa33-1,F4,mii,241,1,Thai_F4_mii241-1,block6a,5
246,BA,a-i,33-241,F2,maa,241,1,Thai_F2_maa241-1,F4,mii,33,1,Thai_F4_mii33-1,block6a,6
247,AA,a-i,33-241,F2,maa,33,1,Thai_F2_maa33-1,F4,mii,33,1,Thai_F4_mii33-1,block6a,7
248,BB,a-i,33-241,F2,maa,241,1,Thai_F2_maa241-1,F4,mii,241,1,Thai_F4_mii241-1,block6a,8
249,AB,a-i,33-45,F2,maa,33,1,Thai_F2_maa33-1,F4,mii,45,1,Thai_F4_mii45-1,block6a,9
250,BA,a-i,33-45,F2,maa,45,1,Thai_F2_maa45-1,F4,mii,33,1,Thai_F4_mii33-1,block6a,10
251,AA,a-i,33-45,F2,maa,33,1,Thai_F2_maa33-1,F4,mii,33,1,Thai_F4_mii33-1,block6a,11
252,BB,a-i,33-45,F2,maa,45,1,Thai_F2_maa45-1,F4,mii,45,1,Thai_F4_mii45-1,block6a,12
253,AB,a-i,315-45,F2,maa,315,2,Thai_F2_maa315-2,F4,mii,45,2,Thai_F4_mii45-2,block6a,13
254,BA,a-i,315-45,F2,maa,45,2,Thai_F2_maa45-2,F4,mii,315,2,Thai_F4_mii315-2,block6a,14
255,AA,a-i,315-45,F2,maa,315,2,Thai_F2_maa315-2,F4,mii,315,2,Thai_F4_mii315-2,block6a,15
256,BB,a-i,315-45,F2,maa,45,2,Thai_F2_maa45-2,F4,mii,45,2,Thai_F4_mii45-2,block6a,16
257,AB,a-i,33-241,F2,maa,33,2,Thai_F2_maa33-2,F4,mii,241,2,Thai_F4_mii241-2,block6a,17
258,BA,a-i,33-241,F2,maa,241,2,Thai_F2_maa241-2,F4,mii,33,2,Thai_F4_mii33-2,block6a,18
259,AA,a-i,33-241,F2,maa,33,2,Thai_F2_maa33-2,F4,mii,33,2,Thai_F4_mii33-2,block6a,19
260,BB,a-i,33-241,F2,maa,241,2,Thai_F2_maa241-2,F4,mii,241,2,Thai_F4_mii241-2,block6a,20
261,AB,a-i,33-45,F2,maa,33,2,Thai_F2_maa33-2,F4,mii,45,2,Thai_F4_mii45-2,block6a,21
262,BA,a-i,33-45,F2,maa,45,2,Thai_F2_maa45-2,F4,mii,33,2,Thai_F4_mii33-2,block6a,22
263,AA,a-i,33-45,F2,maa,33,2,Thai_F2_maa33-2,F4,mii,33,2,Thai_F4_mii33-2,block6a,23
264,BB,a-i,33-45,F2,maa,45,2,Thai_F2_maa45-2,F4,mii,45,2,Thai_F4_mii45-2,block6a,24
265,AB,i-a,315-45,F2,mii,315,1,Thai_F2_mii315-1,F4,maa,45,1,Thai_F4_maa45-1,block6b,1
266,BA,i-a,315-45,F2,mii,45,1,Thai_F2_mii45-1,F4,maa,315,1,Thai_F4_maa315-1,block6b,2
267,AA,i-a,315-45,F2,mii,315,1,Thai_F2_mii315-1,F4,maa,315,1,Thai_F4_maa315-1,block6b,3
268,BB,i-a,315-45,F2,mii,45,1,Thai_F2_mii45-1,F4,maa,45,1,Thai_F4_maa45-1,block6b,4
269,AB,i-a,33-241,F2,mii,33,1,Thai_F2_mii33-1,F4,maa,241,1,Thai_F4_maa241-1,block6b,5
270,BA,i-a,33-241,F2,mii,241,1,Thai_F2_mii241-1,F4,maa,33,1,Thai_F4_maa33-1,block6b,6
271,AA,i-a,33-241,F2,mii,33,1,Thai_F2_mii33-1,F4,maa,33,1,Thai_F4_maa33-1,block6b,7
272,BB,i-a,33-241,F2,mii,241,1,Thai_F2_mii241-1,F4,maa,241,1,Thai_F4_maa241-1,block6b,8
273,AB,i-a,33-45,F2,mii,33,1,Thai_F2_mii33-1,F4,maa,45,1,Thai_F4_maa45-1,block6b,9
274,BA,i-a,33-45,F2,mii,45,1,Thai_F2_mii45-1,F4,maa,33,1,Thai_F4_maa33-1,block6b,10
275,AA,i-a,33-45,F2,mii,33,1,Thai_F2_mii33-1,F4,maa,33,1,Thai_F4_maa33-1,block6b,11
276,BB,i-a,33-45,F2,mii,45,1,Thai_F2_mii45-1,F4,maa,45,1,Thai_F4_maa45-1,block6b,12
277,AB,i-a,315-45,F2,mii,315,2,Thai_F2_mii315-2,F4,maa,45,2,Thai_F4_maa45-2,block6b,13
278,BA,i-a,315-45,F2,mii,45,2,Thai_F2_mii45-2,F4,maa,315,2,Thai_F4_maa315-2,block6b,14
279,AA,i-a,315-45,F2,mii,315,2,Thai_F2_mii315-2,F4,maa,315,2,Thai_F4_maa315-2,block6b,15
280,BB,i-a,315-45,F2,mii,45,2,Thai_F2_mii45-2,F4,maa,45,2,Thai_F4_maa45-2,block6b,16
281,AB,i-a,33-241,F2,mii,33,2,Thai_F2_mii33-2,F4,maa,241,2,Thai_F4_maa241-2,block6b,17
282,BA,i-a,33-241,F2,mii,241,2,Thai_F2_mii241-2,F4,maa,33,2,Thai_F4_maa33-2,block6b,18
283,AA,i-a,33-241,F2,mii,33,2,Thai_F2_mii33-2,F4,maa,33,2,Thai_F4_maa33-2,block6b,19
284,BB,i-a,33-241,F2,mii,241,2,Thai_F2_mii241-2,F4,maa,241,2,Thai_F4_maa241-2,block6b,20
285,AB,i-a,33-45,F2,mii,33,2,Thai_F2_mii33-2,F4,maa,45,2,Thai_F4_maa45-2,block6b,21
286,BA,i-a,33-45,F2,mii,45,2,Thai_F2_mii45-2,F4,maa,33,2,Thai_F4_maa33-2,block6b,22
287,AA,i-a,33-45,F2,mii,33,2,Thai_F2_mii33-2,F4,maa,33,2,Thai_F4_maa33-2,block6b,23
288,BB,i-a,33-45,F2,mii,45,2,Thai_F2_mii45-2,F4,maa,45,2,Thai_F4_maa45-2,block6b,24
289,AB,a-a,315-45,F4,maa,45,1,Thai_F4_maa45-1,F2,maa,315,1,Thai_F2_maa315-1,block7a,1
290,BA,a-a,315-45,F4,maa,315,1,Thai_F4_maa315-1,F2,maa,45,1,Thai_F2_maa45-1,block7a,2
291,AA,a-a,315-45,F4,maa,315,1,Thai_F4_maa315-1,F2,maa,315,1,Thai_F2_maa315-1,block7a,3
292,BB,a-a,315-45,F4,maa,45,1,Thai_F4_maa45-1,F2,maa,45,1,Thai_F2_maa45-1,block7a,4
293,AB,a-a,33-241,F4,maa,241,1,Thai_F4_maa241-1,F2,maa,33,1,Thai_F2_maa33-1,block7a,5
294,BA,a-a,33-241,F4,maa,33,1,Thai_F4_maa33-1,F2,maa,241,1,Thai_F2_maa241-1,block7a,6
295,AA,a-a,33-241,F4,maa,33,1,Thai_F4_maa33-1,F2,maa,33,1,Thai_F2_maa33-1,block7a,7
296,BB,a-a,33-241,F4,maa,241,1,Thai_F4_maa241-1,F2,maa,241,1,Thai_F2_maa241-1,block7a,8
297,AB,a-a,33-45,F4,maa,45,1,Thai_F4_maa45-1,F2,maa,33,1,Thai_F2_maa33-1,block7a,9
298,BA,a-a,33-45,F4,maa,33,1,Thai_F4_maa33-1,F2,maa,45,1,Thai_F2_maa45-1,block7a,10
299,AA,a-a,33-45,F4,maa,33,1,Thai_F4_maa33-1,F2,maa,33,1,Thai_F2_maa33-1,block7a,11
300,BB,a-a,33-45,F4,maa,45,1,Thai_F4_maa45-1,F2,maa,45,1,Thai_F2_maa45-1,block7a,12
301,AB,a-a,315-45,F4,maa,45,2,Thai_F4_maa45-2,F2,maa,315,2,Thai_F2_maa315-2,block7a,13
302,BA,a-a,315-45,F4,maa,315,2,Thai_F4_maa315-2,F2,maa,45,2,Thai_F2_maa45-2,block7a,14
303,AA,a-a,315-45,F4,maa,315,2,Thai_F4_maa315-2,F2,maa,315,2,Thai_F2_maa315-2,block7a,15
304,BB,a-a,315-45,F4,maa,45,2,Thai_F4_maa45-2,F2,maa,45,2,Thai_F2_maa45-2,block7a,16
305,AB,a-a,33-241,F4,maa,241,2,Thai_F4_maa241-2,F2,maa,33,2,Thai_F2_maa33-2,block7a,17
306,BA,a-a,33-241,F4,maa,33,2,Thai_F4_maa33-2,F2,maa,241,2,Thai_F2_maa241-2,block7a,18
307,AA,a-a,33-241,F4,maa,33,2,Thai_F4_maa33-2,F2,maa,33,2,Thai_F2_maa33-2,block7a,19
308,BB,a-a,33-241,F4,maa,241,2,Thai_F4_maa241-2,F2,maa,241,2,Thai_F2_maa241-2,block7a,20
309,AB,a-a,33-45,F4,maa,45,2,Thai_F4_maa45-2,F2,maa,33,2,Thai_F2_maa33-2,block7a,21
310,BA,a-a,33-45,F4,maa,33,2,Thai_F4_maa33-2,F2,maa,45,2,Thai_F2_maa45-2,block7a,22
311,AA,a-a,33-45,F4,maa,33,2,Thai_F4_maa33-2,F2,maa,33,2,Thai_F2_maa33-2,block7a,23
312,BB,a-a,33-45,F4,maa,45,2,Thai_F4_maa45-2,F2,maa,45,2,Thai_F2_maa45-2,block7a,24
313,AB,i-i,315-45,F4,mii,45,1,Thai_F4_mii45-1,F2,mii,315,1,Thai_F2_mii315-1,block7b,1
314,BA,i-i,315-45,F4,mii,315,1,Thai_F4_mii315-1,F2,mii,45,1,Thai_F2_mii45-1,block7b,2
315,AA,i-i,315-45,F4,mii,315,1,Thai_F4_mii315-1,F2,mii,315,1,Thai_F2_mii315-1,block7b,3
316,BB,i-i,315-45,F4,mii,45,1,Thai_F4_mii45-1,F2,mii,45,1,Thai_F2_mii45-1,block7b,4
317,AB,i-i,33-241,F4,mii,241,1,Thai_F4_mii241-1,F2,mii,33,1,Thai_F2_mii33-1,block7b,5
318,BA,i-i,33-241,F4,mii,33,1,Thai_F4_mii33-1,F2,mii,241,1,Thai_F2_mii241-1,block7b,6
319,AA,i-i,33-241,F4,mii,33,1,Thai_F4_mii33-1,F2,mii,33,1,Thai_F2_mii33-1,block7b,7
320,BB,i-i,33-241,F4,mii,241,1,Thai_F4_mii241-1,F2,mii,241,1,Thai_F2_mii241-1,block7b,8
321,AB,i-i,33-45,F4,mii,45,1,Thai_F4_mii45-1,F2,mii,33,1,Thai_F2_mii33-1,block7b,9
322,BA,i-i,33-45,F4,mii,33,1,Thai_F4_mii33-1,F2,mii,45,1,Thai_F2_mii45-1,block7b,10
323,AA,i-i,33-45,F4,mii,33,1,Thai_F4_mii33-1,F2,mii,33,1,Thai_F2_mii33-1,block7b,11
324,BB,i-i,33-45,F4,mii,45,1,Thai_F4_mii45-1,F2,mii,45,1,Thai_F2_mii45-1,block7b,12
325,AB,i-i,315-45,F4,mii,45,2,Thai_F4_mii45-2,F2,mii,315,2,Thai_F2_mii315-2,block7b,13
326,BA,i-i,315-45,F4,mii,315,2,Thai_F4_mii315-2,F2,mii,45,2,Thai_F2_mii45-2,block7b,14
327,AA,i-i,315-45,F4,mii,315,2,Thai_F4_mii315-2,F2,mii,315,2,Thai_F2_mii315-2,block7b,15
328,BB,i-i,315-45,F4,mii,45,2,Thai_F4_mii45-2,F2,mii,45,2,Thai_F2_mii45-2,block7b,16
329,AB,i-i,33-241,F4,mii,241,2,Thai_F4_mii241-2,F2,mii,33,2,Thai_F2_mii33-2,block7b,17
330,BA,i-i,33-241,F4,mii,33,2,Thai_F4_mii33-2,F2,mii,241,2,Thai_F2_mii241-2,block7b,18
331,AA,i-i,33-241,F4,mii,33,2,Thai_F4_mii33-2,F2,mii,33,2,Thai_F2_mii33-2,block7b,19
332,BB,i-i,33-241,F4,mii,241,2,Thai_F4_mii241-2,F2,mii,241,2,Thai_F2_mii241-2,block7b,20
333,AB,i-i,33-45,F4,mii,45,2,Thai_F4_mii45-2,F2,mii,33,2,Thai_F2_mii33-2,block7b,21
334,BA,i-i,33-45,F4,mii,33,2,Thai_F4_mii33-2,F2,mii,45,2,Thai_F2_mii45-2,block7b,22
335,AA,i-i,33-45,F4,mii,33,2,Thai_F4_mii33-2,F2,mii,33,2,Thai_F2_mii33-2,block7b,23
336,BB,i-i,33-45,F4,mii,45,2,Thai_F4_mii45-2,F2,mii,45,2,Thai_F2_mii45-2,block7b,24
337,AB,a-i,315-45,F4,mii,45,1,Thai_F4_mii45-1,F2,maa,315,1,Thai_F2_maa315-1,block8a,1
338,BA,a-i,315-45,F4,mii,315,1,Thai_F4_mii315-1,F2,maa,45,1,Thai_F2_maa45-1,block8a,2
339,AA,a-i,315-45,F4,mii,315,1,Thai_F4_mii315-1,F2,maa,315,1,Thai_F2_maa315-1,block8a,3
340,BB,a-i,315-45,F4,mii,45,1,Thai_F4_mii45-1,F2,maa,45,1,Thai_F2_maa45-1,block8a,4
341,AB,a-i,33-241,F4,mii,241,1,Thai_F4_mii241-1,F2,maa,33,1,Thai_F2_maa33-1,block8a,5
342,BA,a-i,33-241,F4,mii,33,1,Thai_F4_mii33-1,F2,maa,241,1,Thai_F2_maa241-1,block8a,6
343,AA,a-i,33-241,F4,mii,33,1,Thai_F4_mii33-1,F2,maa,33,1,Thai_F2_maa33-1,block8a,7
344,BB,a-i,33-241,F4,mii,241,1,Thai_F4_mii241-1,F2,maa,241,1,Thai_F2_maa241-1,block8a,8
345,AB,a-i,33-45,F4,mii,45,1,Thai_F4_mii45-1,F2,maa,33,1,Thai_F2_maa33-1,block8a,9
346,BA,a-i,33-45,F4,mii,33,1,Thai_F4_mii33-1,F2,maa,45,1,Thai_F2_maa45-1,block8a,10
347,AA,a-i,33-45,F4,mii,33,1,Thai_F4_mii33-1,F2,maa,33,1,Thai_F2_maa33-1,block8a,11
348,BB,a-i,33-45,F4,mii,45,1,Thai_F4_mii45-1,F2,maa,45,1,Thai_F2_maa45-1,block8a,12
349,AB,a-i,315-45,F4,mii,45,2,Thai_F4_mii45-2,F2,maa,315,2,Thai_F2_maa315-2,block8a,13
350,BA,a-i,315-45,F4,mii,315,2,Thai_F4_mii315-2,F2,maa,45,2,Thai_F2_maa45-2,block8a,14
351,AA,a-i,315-45,F4,mii,315,2,Thai_F4_mii315-2,F2,maa,315,2,Thai_F2_maa315-2,block8a,15
352,BB,a-i,315-45,F4,mii,45,2,Thai_F4_mii45-2,F2,maa,45,2,Thai_F2_maa45-2,block8a,16
353,AB,a-i,33-241,F4,mii,241,2,Thai_F4_mii241-2,F2,maa,33,2,Thai_F2_maa33-2,block8a,17
354,BA,a-i,33-241,F4,mii,33,2,Thai_F4_mii33-2,F2,maa,241,2,Thai_F2_maa241-2,block8a,18
355,AA,a-i,33-241,F4,mii,33,2,Thai_F4_mii33-2,F2,maa,33,2,Thai_F2_maa33-2,block8a,19
356,BB,a-i,33-241,F4,mii,241,2,Thai_F4_mii241-2,F2,maa,241,2,Thai_F2_maa241-2,block8a,20
357,AB,a-i,33-45,F4,mii,45,2,Thai_F4_mii45-2,F2,maa,33,2,Thai_F2_maa33-2,block8a,21
358,BA,a-i,33-45,F4,mii,33,2,Thai_F4_mii33-2,F2,maa,45,2,Thai_F2_maa45-2,block8a,22
359,AA,a-i,33-45,F4,mii,33,2,Thai_F4_mii33-2,F2,maa,33,2,Thai_F2_maa33-2,block8a,23
360,BB,a-i,33-45,F4,mii,45,2,Thai_F4_mii45-2,F2,maa,45,2,Thai_F2_maa45-2,block8a,24
361,AB,i-a,315-45,F4,maa,45,1,Thai_F4_maa45-1,F2,mii,315,1,Thai_F2_mii315-1,block8b,1
362,BA,i-a,315-45,F4,maa,315,1,Thai_F4_maa315-1,F2,mii,45,1,Thai_F2_mii45-1,block8b,2
363,AA,i-a,315-45,F4,maa,315,1,Thai_F4_maa315-1,F2,mii,315,1,Thai_F2_mii315-1,block8b,3
364,BB,i-a,315-45,F4,maa,45,1,Thai_F4_maa45-1,F2,mii,45,1,Thai_F2_mii45-1,block8b,4
365,AB,i-a,33-241,F4,maa,241,1,Thai_F4_maa241-1,F2,mii,33,1,Thai_F2_mii33-1,block8b,5
366,BA,i-a,33-241,F4,maa,33,1,Thai_F4_maa33-1,F2,mii,241,1,Thai_F2_mii241-1,block8b,6
367,AA,i-a,33-241,F4,maa,33,1,Thai_F4_maa33-1,F2,mii,33,1,Thai_F2_mii33-1,block8b,7
368,BB,i-a,33-241,F4,maa,241,1,Thai_F4_maa241-1,F2,mii,241,1,Thai_F2_mii241-1,block8b,8
369,AB,i-a,33-45,F4,maa,45,1,Thai_F4_maa45-1,F2,mii,33,1,Thai_F2_mii33-1,block8b,9
370,BA,i-a,33-45,F4,maa,33,1,Thai_F4_maa33-1,F2,mii,45,1,Thai_F2_mii45-1,block8b,10
371,AA,i-a,33-45,F4,maa,33,1,Thai_F4_maa33-1,F2,mii,33,1,Thai_F2_mii33-1,block8b,11
372,BB,i-a,33-45,F4,maa,45,1,Thai_F4_maa45-1,F2,mii,45,1,Thai_F2_mii45-1,block8b,12
373,AB,i-a,315-45,F4,maa,45,2,Thai_F4_maa45-2,F2,mii,315,2,Thai_F2_mii315-2,block8b,13
374,BA,i-a,315-45,F4,maa,315,2,Thai_F4_maa315-2,F2,mii,45,2,Thai_F2_mii45-2,block8b,14
375,AA,i-a,315-45,F4,maa,315,2,Thai_F4_maa315-2,F2,mii,315,2,Thai_F2_mii315-2,block8b,15
376,BB,i-a,315-45,F4,maa,45,2,Thai_F4_maa45-2,F2,mii,45,2,Thai_F2_mii45-2,block8b,16
377,AB,i-a,33-241,F4,maa,241,2,Thai_F4_maa241-2,F2,mii,33,2,Thai_F2_mii33-2,block8b,17
378,BA,i-a,33-241,F4,maa,33,2,Thai_F4_maa33-2,F2,mii,241,2,Thai_F2_mii241-2,block8b,18
379,AA,i-a,33-241,F4,maa,33,2,Thai_F4_maa33-2,F2,mii,33,2,Thai_F2_mii33-2,block8b,19
380,BB,i-a,33-241,F4,maa,241,2,Thai_F4_maa241-2,F2,mii,241,2,Thai_F2_mii241-2,block8b,20
381,AB,i-a,33-45,F4,maa,45,2,Thai_F4_maa45-2,F2,mii,33,2,Thai_F2_mii33-2,block8b,21
382,BA,i-a,33-45,F4,maa,33,2,Thai_F4_maa33-2,F2,mii,45,2,Thai_F2_mii45-2,block8b,22
383,AA,i-a,33-45,F4,maa,33,2,Thai_F4_maa33-2,F2,mii,33,2,Thai_F2_mii33-2,block8b,23
384,BB,i-a,33-45,F4,maa,45,2,Thai_F4_maa45-2,F2,mii,45,2,Thai_F2_mii45-2,block8b,24
