"Subject","ISI","cgload","Tone_contrast","n_hit","n_fa","n_miss","n_cr","dis_rt","hit_rate","fa_rate","z_hit","z_fa","dprime","speaker","vowel","language","dprime2"
101,"Low","dsdv","T315-T45",9.5,2.5,7.5,14.5,1009.03125,0.56,0.15,0.150969215496777,-1.03643338949379,1.18740260499057,"Variable","Variable","Mandarin",2.24
101,"Low","dsdv","T33-T241",0.5,0.5,16.5,16.5,722.1875,0.03,0.03,-1.88079360815125,-1.88079360815125,0,"Variable","Variable","Mandarin",0
101,"Low","dsdv","T33-T45",13.5,0.5,3.5,16.5,914.9375,0.79,0.03,0.80642124701824,-1.88079360815125,2.68721485516949,"Variable","Variable","Mandarin",4.21
101,"Low","dssv","T315-T45",11.5,3.5,5.5,12.5,972.161290322581,0.68,0.22,0.467698799114508,-0.772193214188685,1.23989201330319,"Variable","Constant","Mandarin",2.39
101,"Low","dssv","T33-T241",2.5,1.5,14.5,15.5,873.28125,0.15,0.09,-1.03643338949379,-1.34075503369022,0.304321644196427,"Variable","Constant","Mandarin",0.87
101,"Low","dssv","T33-T45",16.5,3.5,0.5,13.5,948.3125,0.97,0.21,1.88079360815125,-0.80642124701824,2.68721485516949,"Variable","Constant","Mandarin",4.43
101,"Low","ssdv","T315-T45",10.5,1.5,6.5,15.5,1136.5,0.62,0.09,0.305480788099397,-1.34075503369022,1.64623582178961,"Constant","Variable","Mandarin",2.83
101,"Low","ssdv","T33-T241",1.5,0.5,15.5,16.5,900.09375,0.09,0.03,-1.34075503369022,-1.88079360815125,0.540038574461034,"Constant","Variable","Mandarin",1.16
101,"Low","ssdv","T33-T45",16.5,0.5,0.5,16.5,984.71875,0.97,0.03,1.88079360815125,-1.88079360815125,3.7615872163025,"Constant","Variable","Mandarin",5.73
101,"Low","sssv","T315-T45",12.5,1.5,3.5,15.5,1163.67741935484,0.78,0.09,0.772193214188685,-1.34075503369022,2.1129482478789,"Constant","Constant","Mandarin",3.49
101,"Low","sssv","T33-T241",0.5,0.5,16.5,16.5,1078.46875,0.03,0.03,-1.88079360815125,-1.88079360815125,0,"Constant","Constant","Mandarin",0
101,"Low","sssv","T33-T45",16.5,0.5,0.5,16.5,1142.78125,0.97,0.03,1.88079360815125,-1.88079360815125,3.7615872163025,"Constant","Constant","Mandarin",5.73
102,"High","dsdv","T315-T45",9.5,1.5,7.5,15.5,590.75,0.56,0.09,0.150969215496777,-1.34075503369022,1.49172424918699,"Variable","Variable","Mandarin",2.61
102,"High","dsdv","T33-T241",6.5,2.5,10.5,14.5,562.5625,0.38,0.15,-0.305480788099397,-1.03643338949379,0.730952601394392,"Variable","Variable","Mandarin",1.58
102,"High","dsdv","T33-T45",15.5,0.5,1.5,16.5,554.3125,0.91,0.03,1.34075503369022,-1.88079360815125,3.22154864184147,"Variable","Variable","Mandarin",4.97
102,"High","dssv","T315-T45",8.5,1.5,8.5,15.5,554.4375,0.5,0.09,0,-1.34075503369022,1.34075503369022,"Variable","Constant","Mandarin",2.4
102,"High","dssv","T33-T241",7.5,4.5,9.5,12.5,471.9375,0.44,0.26,-0.150969215496777,-0.643345405392917,0.49237618989614,"Variable","Constant","Mandarin",1.31
102,"High","dssv","T33-T45",16.5,2.5,0.5,14.5,562.9375,0.97,0.15,1.88079360815125,-1.03643338949379,2.91722699764504,"Variable","Constant","Mandarin",4.7
102,"High","ssdv","T315-T45",9.5,0.5,7.5,16.5,599.9375,0.56,0.03,0.150969215496777,-1.88079360815125,2.03176282364803,"Constant","Variable","Mandarin",3.28
102,"High","ssdv","T33-T241",5.5,1.5,11.5,15.5,601.4375,0.32,0.09,-0.467698799114508,-1.34075503369022,0.873056234575708,"Constant","Variable","Mandarin",1.73
102,"High","ssdv","T33-T45",15.5,2.5,1.5,14.5,617.28125,0.91,0.15,1.34075503369022,-1.03643338949379,2.37718842318401,"Constant","Variable","Mandarin",3.93
102,"High","sssv","T315-T45",13.5,1.5,3.5,15.5,562.5625,0.79,0.09,0.80642124701824,-1.34075503369022,2.14717628070846,"Constant","Constant","Mandarin",3.54
102,"High","sssv","T33-T241",10.5,1.5,6.5,15.5,520.9375,0.62,0.09,0.305480788099397,-1.34075503369022,1.64623582178961,"Constant","Constant","Mandarin",2.83
102,"High","sssv","T33-T45",16.5,1.5,0.5,15.5,541.34375,0.97,0.09,1.88079360815125,-1.34075503369022,3.22154864184147,"Constant","Constant","Mandarin",5.06
103,"Low","dsdv","T315-T45",8.5,3.5,8.5,13.5,659.96875,0.5,0.21,0,-0.80642124701824,0.80642124701824,"Variable","Variable","Mandarin",1.75
103,"Low","dsdv","T33-T241",0.5,1.5,16.5,14.5,578.903225806452,0.03,0.09,-1.88079360815125,-1.34075503369022,-0.540038574461034,"Variable","Variable","Mandarin",1.16
103,"Low","dsdv","T33-T45",14.5,3.5,2.5,13.5,667.5625,0.85,0.21,1.03643338949379,-0.80642124701824,1.84285463651203,"Variable","Variable","Mandarin",3.24
103,"Low","dssv","T315-T45",8.5,4.5,8.5,12.5,687.25,0.5,0.26,0,-0.643345405392917,0.643345405392917,"Variable","Constant","Mandarin",1.55
103,"Low","dssv","T33-T241",5.5,4.5,11.5,12.5,590.65625,0.32,0.26,-0.467698799114508,-0.643345405392917,0.175646606278409,"Variable","Constant","Mandarin",0.72
103,"Low","dssv","T33-T45",16.5,5.5,0.5,11.5,624.28125,0.97,0.32,1.88079360815125,-0.467698799114508,2.34849240726576,"Variable","Constant","Mandarin",4.67
103,"Low","ssdv","T315-T45",8.5,2.5,8.5,14.5,753.15625,0.5,0.15,0,-1.03643338949379,1.03643338949379,"Constant","Variable","Mandarin",2.03
103,"Low","ssdv","T33-T241",1.5,1.5,15.5,14.5,669.41935483871,0.09,0.09,-1.34075503369022,-1.34075503369022,0,"Constant","Variable","Mandarin",0
103,"Low","ssdv","T33-T45",16.5,2.5,0.5,14.5,862.9375,0.97,0.15,1.88079360815125,-1.03643338949379,2.91722699764504,"Constant","Variable","Mandarin",4.7
103,"Low","sssv","T315-T45",8.5,1.5,8.5,15.5,810.3125,0.5,0.09,0,-1.34075503369022,1.34075503369022,"Constant","Constant","Mandarin",2.4
103,"Low","sssv","T33-T241",4.5,1.5,12.5,15.5,544.59375,0.26,0.09,-0.643345405392917,-1.34075503369022,0.6974096282973,"Constant","Constant","Mandarin",1.47
103,"Low","sssv","T33-T45",15.5,2.5,1.5,14.5,764.0625,0.91,0.15,1.34075503369022,-1.03643338949379,2.37718842318401,"Constant","Constant","Mandarin",3.93
104,"High","dsdv","T315-T45",11.5,3.5,5.5,13.5,759.25,0.68,0.21,0.467698799114508,-0.80642124701824,1.27412004613275,"Variable","Variable","Mandarin",2.43
104,"High","dsdv","T33-T241",3.5,1.5,12.5,15.5,571.354838709677,0.22,0.09,-0.772193214188685,-1.34075503369022,0.568561819501532,"Variable","Variable","Mandarin",1.28
104,"High","dsdv","T33-T45",14.5,2.5,2.5,14.5,652.71875,0.85,0.15,1.03643338949379,-1.03643338949379,2.07286677898758,"Variable","Variable","Mandarin",3.5
104,"High","dssv","T315-T45",11.5,7.5,5.5,9.5,651.65625,0.68,0.44,0.467698799114508,-0.150969215496777,0.618668014611286,"Variable","Constant","Mandarin",1.65
104,"High","dssv","T33-T241",5.5,2.5,11.5,14.5,502.8125,0.32,0.15,-0.467698799114508,-1.03643338949379,0.568734590379281,"Variable","Constant","Mandarin",1.34
104,"High","dssv","T33-T45",14.5,1.5,2.5,15.5,599.375,0.85,0.09,1.03643338949379,-1.34075503369022,2.37718842318401,"Variable","Constant","Mandarin",3.86
104,"High","ssdv","T315-T45",11.5,2.5,5.5,14.5,688.90625,0.68,0.15,0.467698799114508,-1.03643338949379,1.5041321886083,"Constant","Variable","Mandarin",2.7
104,"High","ssdv","T33-T241",5.5,1.5,11.5,15.5,488.46875,0.32,0.09,-0.467698799114508,-1.34075503369022,0.873056234575708,"Constant","Variable","Mandarin",1.73
104,"High","ssdv","T33-T45",15.5,1.5,1.5,15.5,504.25,0.91,0.09,1.34075503369022,-1.34075503369022,2.68151006738043,"Constant","Variable","Mandarin",4.29
104,"High","sssv","T315-T45",14.5,0.5,2.5,16.5,752.875,0.85,0.03,1.03643338949379,-1.88079360815125,2.91722699764504,"Constant","Constant","Mandarin",4.53
104,"High","sssv","T33-T241",4.5,1.5,12.5,15.5,696.375,0.26,0.09,-0.643345405392917,-1.34075503369022,0.6974096282973,"Constant","Constant","Mandarin",1.47
104,"High","sssv","T33-T45",16.5,0.5,0.5,16.5,760.5,0.97,0.03,1.88079360815125,-1.88079360815125,3.7615872163025,"Constant","Constant","Mandarin",5.73
105,"High","dsdv","T315-T45",12.5,5.5,4.5,11.5,958.28125,0.74,0.32,0.643345405392917,-0.467698799114508,1.11104420450742,"Variable","Variable","Mandarin",2.3
105,"High","dsdv","T33-T241",9.5,3.5,7.5,13.5,929.40625,0.56,0.21,0.150969215496777,-0.80642124701824,0.957390462515018,"Variable","Variable","Mandarin",1.97
105,"High","dsdv","T33-T45",15.5,5.5,1.5,11.5,890.65625,0.91,0.32,1.34075503369022,-0.467698799114508,1.80845383280472,"Variable","Variable","Mandarin",3.3
105,"High","dssv","T315-T45",11.5,4.5,5.5,12.5,955.46875,0.68,0.26,0.467698799114508,-0.643345405392917,1.11104420450743,"Variable","Constant","Mandarin",2.24
105,"High","dssv","T33-T241",7.5,3.5,9.5,13.5,1108.125,0.44,0.21,-0.150969215496777,-0.80642124701824,0.655452031521463,"Variable","Constant","Mandarin",1.52
105,"High","dssv","T33-T45",16.5,7.5,0.5,9.5,802.78125,0.97,0.44,1.88079360815125,-0.150969215496777,2.03176282364803,"Variable","Constant","Mandarin",3.75
105,"High","ssdv","T315-T45",10.5,1.5,6.5,13.5,908.7,0.62,0.1,0.305480788099397,-1.2815515655446,1.587032353644,"Constant","Variable","Mandarin",2.76
105,"High","ssdv","T33-T241",5.5,2.5,11.5,14.5,651.1875,0.32,0.15,-0.467698799114508,-1.03643338949379,0.568734590379281,"Constant","Variable","Mandarin",1.34
105,"High","ssdv","T33-T45",15.5,1.5,1.5,15.5,859.96875,0.91,0.09,1.34075503369022,-1.34075503369022,2.68151006738043,"Constant","Variable","Mandarin",4.29
105,"High","sssv","T315-T45",11.5,1.5,4.5,15.5,933.290322580645,0.72,0.09,0.582841507271216,-1.34075503369022,1.92359654096143,"Constant","Constant","Mandarin",3.22
105,"High","sssv","T33-T241",7.5,0.5,9.5,16.5,651.9375,0.44,0.03,-0.150969215496777,-1.88079360815125,1.72982439265447,"Constant","Constant","Mandarin",2.86
105,"High","sssv","T33-T45",16.5,0.5,0.5,16.5,743.625,0.97,0.03,1.88079360815125,-1.88079360815125,3.7615872163025,"Constant","Constant","Mandarin",5.73
106,"Low","dsdv","T315-T45",7.5,3.5,9.5,13.5,941.96875,0.44,0.21,-0.150969215496777,-0.80642124701824,0.655452031521463,"Variable","Variable","Mandarin",1.52
106,"Low","dsdv","T33-T241",11.5,10.5,5.5,5.5,902.967741935484,0.68,0.66,0.467698799114508,0.412463129441405,0.0552356696731035,"Variable","Variable","Mandarin",0.51
106,"Low","dsdv","T33-T45",13.5,6.5,3.5,10.5,977.125,0.79,0.38,0.80642124701824,-0.305480788099397,1.11190203511764,"Variable","Variable","Mandarin",2.36
106,"Low","dssv","T315-T45",11.5,6.5,5.5,10.5,836.09375,0.68,0.38,0.467698799114508,-0.305480788099397,0.773179587213906,"Variable","Constant","Mandarin",1.85
106,"Low","dssv","T33-T241",11.5,10.5,4.5,6.5,865.677419354839,0.72,0.62,0.582841507271216,0.305480788099397,0.277360719171819,"Variable","Constant","Mandarin",1.15
106,"Low","dssv","T33-T45",11.5,3.5,5.5,13.5,916.625,0.68,0.21,0.467698799114508,-0.80642124701824,1.27412004613275,"Variable","Constant","Mandarin",2.43
106,"Low","ssdv","T315-T45",6.5,1.5,10.5,15.5,1096.125,0.38,0.09,-0.305480788099397,-1.34075503369022,1.03527424559082,"Constant","Variable","Mandarin",1.96
106,"Low","ssdv","T33-T241",9.5,4.5,7.5,12.5,1114.9375,0.56,0.26,0.150969215496777,-0.643345405392917,0.794314620889694,"Constant","Variable","Mandarin",1.78
106,"Low","ssdv","T33-T45",11.5,4.5,5.5,12.5,1063.3125,0.68,0.26,0.467698799114508,-0.643345405392917,1.11104420450743,"Constant","Variable","Mandarin",2.24
106,"Low","sssv","T315-T45",12.5,6.5,4.5,10.5,867.78125,0.74,0.38,0.643345405392917,-0.305480788099397,0.948826193492314,"Constant","Constant","Mandarin",2.11
106,"Low","sssv","T33-T241",9.5,5.5,7.5,11.5,754.875,0.56,0.32,0.150969215496777,-0.467698799114508,0.618668014611286,"Constant","Constant","Mandarin",1.56
106,"Low","sssv","T33-T45",11.5,2.5,5.5,14.5,811.90625,0.68,0.15,0.467698799114508,-1.03643338949379,1.5041321886083,"Constant","Constant","Mandarin",2.7
107,"High","dsdv","T315-T45",1.5,1.5,15.5,15.5,422.5625,0.09,0.09,-1.34075503369022,-1.34075503369022,0,"Variable","Variable","Mandarin",0
107,"High","dsdv","T33-T241",4.5,1.5,12.5,15.5,446.90625,0.26,0.09,-0.643345405392917,-1.34075503369022,0.6974096282973,"Variable","Variable","Mandarin",1.47
107,"High","dsdv","T33-T45",16.5,1.5,0.5,15.5,348.96875,0.97,0.09,1.88079360815125,-1.34075503369022,3.22154864184147,"Variable","Variable","Mandarin",5.06
107,"High","dssv","T315-T45",8.5,2.5,8.5,14.5,581.15625,0.5,0.15,0,-1.03643338949379,1.03643338949379,"Variable","Constant","Mandarin",2.03
107,"High","dssv","T33-T241",8.5,3.5,8.5,13.5,373.1875,0.5,0.21,0,-0.80642124701824,0.80642124701824,"Variable","Constant","Mandarin",1.75
107,"High","dssv","T33-T45",16.5,0.5,0.5,16.5,361.28125,0.97,0.03,1.88079360815125,-1.88079360815125,3.7615872163025,"Variable","Constant","Mandarin",5.73
107,"High","ssdv","T315-T45",5.5,1.5,10.5,15.5,643.41935483871,0.34,0.09,-0.412463129441405,-1.34075503369022,0.928291904248812,"Constant","Variable","Mandarin",1.81
107,"High","ssdv","T33-T241",7.5,1.5,9.5,15.5,423.21875,0.44,0.09,-0.150969215496777,-1.34075503369022,1.18978581819344,"Constant","Variable","Mandarin",2.18
107,"High","ssdv","T33-T45",16.5,2.5,0.5,14.5,361.5625,0.97,0.15,1.88079360815125,-1.03643338949379,2.91722699764504,"Constant","Variable","Mandarin",4.7
107,"High","sssv","T315-T45",8.5,1.5,8.5,15.5,536.09375,0.5,0.09,0,-1.34075503369022,1.34075503369022,"Constant","Constant","Mandarin",2.4
107,"High","sssv","T33-T241",9.5,2.5,7.5,14.5,436.8125,0.56,0.15,0.150969215496777,-1.03643338949379,1.18740260499057,"Constant","Constant","Mandarin",2.24
107,"High","sssv","T33-T45",15.5,1.5,1.5,14.5,488.064516129032,0.91,0.09,1.34075503369022,-1.34075503369022,2.68151006738043,"Constant","Constant","Mandarin",4.29
108,"High","dsdv","T315-T45",8.5,4.5,8.5,12.5,465.78125,0.5,0.26,0,-0.643345405392917,0.643345405392917,"Variable","Variable","Mandarin",1.55
108,"High","dsdv","T33-T241",14.5,3.5,2.5,13.5,425.71875,0.85,0.21,1.03643338949379,-0.80642124701824,1.84285463651203,"Variable","Variable","Mandarin",3.24
108,"High","dsdv","T33-T45",16.5,3.5,0.5,13.5,341.8125,0.97,0.21,1.88079360815125,-0.80642124701824,2.68721485516949,"Variable","Variable","Mandarin",4.43
108,"High","dssv","T315-T45",10.5,3.5,6.5,13.5,630.90625,0.62,0.21,0.305480788099397,-0.80642124701824,1.11190203511764,"Variable","Constant","Mandarin",2.2
108,"High","dssv","T33-T241",12.5,3.5,4.5,13.5,552.96875,0.74,0.21,0.643345405392917,-0.80642124701824,1.44976665241116,"Variable","Constant","Mandarin",2.68
108,"High","dssv","T33-T45",16.5,3.5,0.5,13.5,381.6875,0.97,0.21,1.88079360815125,-0.80642124701824,2.68721485516949,"Variable","Constant","Mandarin",4.43
108,"High","ssdv","T315-T45",12.5,8.5,4.5,8.5,523.15625,0.74,0.5,0.643345405392917,0,0.643345405392917,"Constant","Variable","Mandarin",1.74
108,"High","ssdv","T33-T241",11.5,3.5,5.5,13.5,422.40625,0.68,0.21,0.467698799114508,-0.80642124701824,1.27412004613275,"Constant","Variable","Mandarin",2.43
108,"High","ssdv","T33-T45",16.5,1.5,0.5,15.5,355.0625,0.97,0.09,1.88079360815125,-1.34075503369022,3.22154864184147,"Constant","Variable","Mandarin",5.06
108,"High","sssv","T315-T45",12.5,1.5,4.5,15.5,374.1875,0.74,0.09,0.643345405392917,-1.34075503369022,1.98410043908313,"Constant","Constant","Mandarin",3.31
108,"High","sssv","T33-T241",11.5,1.5,5.5,15.5,313.65625,0.68,0.09,0.467698799114508,-1.34075503369022,1.80845383280472,"Constant","Constant","Mandarin",3.06
108,"High","sssv","T33-T45",16.5,2.5,0.5,14.5,365.5625,0.97,0.15,1.88079360815125,-1.03643338949379,2.91722699764504,"Constant","Constant","Mandarin",4.7
109,"Low","dsdv","T315-T45",8.5,2.5,8.5,13.5,831.58064516129,0.5,0.16,0,-0.994457883209753,0.994457883209753,"Variable","Variable","Mandarin",1.98
109,"Low","dsdv","T33-T241",14.5,1.5,2.5,15.5,687.875,0.85,0.09,1.03643338949379,-1.34075503369022,2.37718842318401,"Variable","Variable","Mandarin",3.86
109,"Low","dsdv","T33-T45",15.5,1.5,1.5,15.5,712.21875,0.91,0.09,1.34075503369022,-1.34075503369022,2.68151006738043,"Variable","Variable","Mandarin",4.29
109,"Low","dssv","T315-T45",11.5,3.5,5.5,13.5,623.96875,0.68,0.21,0.467698799114508,-0.80642124701824,1.27412004613275,"Variable","Constant","Mandarin",2.43
109,"Low","dssv","T33-T241",9.5,2.5,7.5,14.5,525,0.56,0.15,0.150969215496777,-1.03643338949379,1.18740260499057,"Variable","Constant","Mandarin",2.24
109,"Low","dssv","T33-T45",16.5,2.5,0.5,14.5,676.3125,0.97,0.15,1.88079360815125,-1.03643338949379,2.91722699764504,"Variable","Constant","Mandarin",4.7
109,"Low","ssdv","T315-T45",14.5,5.5,2.5,11.5,832.09375,0.85,0.32,1.03643338949379,-0.467698799114508,1.5041321886083,"Constant","Variable","Mandarin",2.86
109,"Low","ssdv","T33-T241",14.5,3.5,2.5,13.5,863,0.85,0.21,1.03643338949379,-0.80642124701824,1.84285463651203,"Constant","Variable","Mandarin",3.24
109,"Low","ssdv","T33-T45",16.5,1.5,0.5,15.5,776.40625,0.97,0.09,1.88079360815125,-1.34075503369022,3.22154864184147,"Constant","Variable","Mandarin",5.06
109,"Low","sssv","T315-T45",14.5,1.5,2.5,15.5,519.9375,0.85,0.09,1.03643338949379,-1.34075503369022,2.37718842318401,"Constant","Constant","Mandarin",3.86
109,"Low","sssv","T33-T241",14.5,0.5,2.5,16.5,514.4375,0.85,0.03,1.03643338949379,-1.88079360815125,2.91722699764504,"Constant","Constant","Mandarin",4.53
109,"Low","sssv","T33-T45",16.5,1.5,0.5,15.5,595.0625,0.97,0.09,1.88079360815125,-1.34075503369022,3.22154864184147,"Constant","Constant","Mandarin",5.06
110,"High","dsdv","T315-T45",11.5,5.5,5.5,11.5,817.03125,0.68,0.32,0.467698799114508,-0.467698799114508,0.935397598229016,"Variable","Variable","Mandarin",2.04
110,"High","dsdv","T33-T241",9.5,3.5,7.5,13.5,777.375,0.56,0.21,0.150969215496777,-0.80642124701824,0.957390462515018,"Variable","Variable","Mandarin",1.97
110,"High","dsdv","T33-T45",15.5,6.5,1.5,10.5,735.34375,0.91,0.38,1.34075503369022,-0.305480788099397,1.64623582178961,"Variable","Variable","Mandarin",3.13
110,"High","dssv","T315-T45",14.5,8.5,2.5,8.5,935.4375,0.85,0.5,1.03643338949379,0,1.03643338949379,"Variable","Constant","Mandarin",2.36
110,"High","dssv","T33-T241",10.5,9.5,6.5,7.5,844.5625,0.62,0.56,0.305480788099397,0.150969215496777,0.15451157260262,"Variable","Constant","Mandarin",0.81
110,"High","dssv","T33-T45",12.5,9.5,4.5,7.5,802.40625,0.74,0.56,0.643345405392917,0.150969215496777,0.492376189896139,"Variable","Constant","Mandarin",1.54
110,"High","ssdv","T315-T45",10.5,1.5,6.5,15.5,718.53125,0.62,0.09,0.305480788099397,-1.34075503369022,1.64623582178961,"Constant","Variable","Mandarin",2.83
110,"High","ssdv","T33-T241",5.5,3.5,11.5,13.5,648.40625,0.32,0.21,-0.467698799114508,-0.80642124701824,0.338722447903732,"Constant","Variable","Mandarin",1.01
110,"High","ssdv","T33-T45",14.5,1.5,2.5,15.5,673,0.85,0.09,1.03643338949379,-1.34075503369022,2.37718842318401,"Constant","Variable","Mandarin",3.86
110,"High","sssv","T315-T45",11.5,1.5,5.5,15.5,687.125,0.68,0.09,0.467698799114508,-1.34075503369022,1.80845383280472,"Constant","Constant","Mandarin",3.06
110,"High","sssv","T33-T241",7.5,1.5,9.5,15.5,556.53125,0.44,0.09,-0.150969215496777,-1.34075503369022,1.18978581819344,"Constant","Constant","Mandarin",2.18
110,"High","sssv","T33-T45",14.5,4.5,2.5,12.5,564.71875,0.85,0.26,1.03643338949379,-0.643345405392917,1.67977879488671,"Constant","Constant","Mandarin",3.06
112,"Low","dsdv","T315-T45",9.5,2.5,7.5,14.5,816.40625,0.56,0.15,0.150969215496777,-1.03643338949379,1.18740260499057,"Variable","Variable","Mandarin",2.24
112,"Low","dsdv","T33-T241",1.5,0.5,15.5,16.5,703.34375,0.09,0.03,-1.34075503369022,-1.88079360815125,0.540038574461034,"Variable","Variable","Mandarin",1.16
112,"Low","dsdv","T33-T45",14.5,0.5,2.5,16.5,737.71875,0.85,0.03,1.03643338949379,-1.88079360815125,2.91722699764504,"Variable","Variable","Mandarin",4.53
112,"Low","dssv","T315-T45",8.5,1.5,8.5,15.5,487.0625,0.5,0.09,0,-1.34075503369022,1.34075503369022,"Variable","Constant","Mandarin",2.4
112,"Low","dssv","T33-T241",0.5,0.5,16.5,16.5,516.25,0.03,0.03,-1.88079360815125,-1.88079360815125,0,"Variable","Constant","Mandarin",0
112,"Low","dssv","T33-T45",16.5,0.5,0.5,16.5,541.625,0.97,0.03,1.88079360815125,-1.88079360815125,3.7615872163025,"Variable","Constant","Mandarin",5.73
112,"Low","ssdv","T315-T45",7.5,2.5,9.5,14.5,858.5625,0.44,0.15,-0.150969215496777,-1.03643338949379,0.885464173997012,"Constant","Variable","Mandarin",1.81
112,"Low","ssdv","T33-T241",4.5,3.5,12.5,13.5,740.8125,0.26,0.21,-0.643345405392917,-0.80642124701824,0.163075841625324,"Constant","Variable","Mandarin",0.67
112,"Low","ssdv","T33-T45",12.5,1.5,4.5,15.5,787.6875,0.74,0.09,0.643345405392917,-1.34075503369022,1.98410043908313,"Constant","Variable","Mandarin",3.31
112,"Low","sssv","T315-T45",10.5,0.5,6.5,16.5,538.625,0.62,0.03,0.305480788099397,-1.88079360815125,2.18627439625065,"Constant","Constant","Mandarin",3.5
112,"Low","sssv","T33-T241",2.5,0.5,14.5,16.5,613.375,0.15,0.03,-1.03643338949379,-1.88079360815125,0.844360218657461,"Constant","Constant","Mandarin",1.6
112,"Low","sssv","T33-T45",15.5,0.5,1.5,16.5,521.28125,0.91,0.03,1.34075503369022,-1.88079360815125,3.22154864184147,"Constant","Constant","Mandarin",4.97
113,"Low","dsdv","T315-T45",8.5,3.5,8.5,13.5,1066.46875,0.5,0.21,0,-0.80642124701824,0.80642124701824,"Variable","Variable","Mandarin",1.75
113,"Low","dsdv","T33-T241",16.5,3.5,0.5,13.5,1038.03125,0.97,0.21,1.88079360815125,-0.80642124701824,2.68721485516949,"Variable","Variable","Mandarin",4.43
113,"Low","dsdv","T33-T45",15.5,0.5,1.5,16.5,785.46875,0.91,0.03,1.34075503369022,-1.88079360815125,3.22154864184147,"Variable","Variable","Mandarin",4.97
113,"Low","dssv","T315-T45",5.5,1.5,11.5,15.5,995.78125,0.32,0.09,-0.467698799114508,-1.34075503369022,0.873056234575708,"Variable","Constant","Mandarin",1.73
113,"Low","dssv","T33-T241",15.5,3.5,1.5,13.5,858.28125,0.91,0.21,1.34075503369022,-0.80642124701824,2.14717628070846,"Variable","Constant","Mandarin",3.67
113,"Low","dssv","T33-T45",16.5,1.5,0.5,15.5,720.28125,0.97,0.09,1.88079360815125,-1.34075503369022,3.22154864184147,"Variable","Constant","Mandarin",5.06
113,"Low","ssdv","T315-T45",5.5,0.5,11.5,16.5,861.25,0.32,0.03,-0.467698799114508,-1.88079360815125,1.41309480903674,"Constant","Variable","Mandarin",2.41
113,"Low","ssdv","T33-T241",16.5,1.5,0.5,15.5,770.84375,0.97,0.09,1.88079360815125,-1.34075503369022,3.22154864184147,"Constant","Variable","Mandarin",5.06
113,"Low","ssdv","T33-T45",16.5,1.5,0.5,15.5,789.59375,0.97,0.09,1.88079360815125,-1.34075503369022,3.22154864184147,"Constant","Variable","Mandarin",5.06
113,"Low","sssv","T315-T45",3.5,3.5,13.5,13.5,893.25,0.21,0.21,-0.80642124701824,-0.80642124701824,0,"Constant","Constant","Mandarin",0
113,"Low","sssv","T33-T241",15.5,0.5,1.5,16.5,690.875,0.91,0.03,1.34075503369022,-1.88079360815125,3.22154864184147,"Constant","Constant","Mandarin",4.97
113,"Low","sssv","T33-T45",16.5,0.5,0.5,16.5,526.09375,0.97,0.03,1.88079360815125,-1.88079360815125,3.7615872163025,"Constant","Constant","Mandarin",5.73
114,"High","dsdv","T315-T45",12.5,4.5,4.5,12.5,717.09375,0.74,0.26,0.643345405392917,-0.643345405392917,1.28669081078583,"Variable","Variable","Mandarin",2.49
114,"High","dsdv","T33-T241",4.5,2.5,12.5,14.5,823.875,0.26,0.15,-0.643345405392917,-1.03643338949379,0.393087984100873,"Variable","Variable","Mandarin",1.06
114,"High","dsdv","T33-T45",16.5,2.5,0.5,14.5,547.03125,0.97,0.15,1.88079360815125,-1.03643338949379,2.91722699764504,"Variable","Variable","Mandarin",4.7
114,"High","dssv","T315-T45",12.5,2.5,4.5,14.5,598.375,0.74,0.15,0.643345405392917,-1.03643338949379,1.67977879488671,"Variable","Constant","Mandarin",2.94
114,"High","dssv","T33-T241",8.5,4.5,8.5,12.5,570.8125,0.5,0.26,0,-0.643345405392917,0.643345405392917,"Variable","Constant","Mandarin",1.55
114,"High","dssv","T33-T45",16.5,2.5,0.5,14.5,465.375,0.97,0.15,1.88079360815125,-1.03643338949379,2.91722699764504,"Variable","Constant","Mandarin",4.7
114,"High","ssdv","T315-T45",10.5,1.5,6.5,15.5,881.53125,0.62,0.09,0.305480788099397,-1.34075503369022,1.64623582178961,"Constant","Variable","Mandarin",2.83
114,"High","ssdv","T33-T241",8.5,2.5,8.5,14.5,611.21875,0.5,0.15,0,-1.03643338949379,1.03643338949379,"Constant","Variable","Mandarin",2.03
114,"High","ssdv","T33-T45",16.5,0.5,0.5,16.5,523.875,0.97,0.03,1.88079360815125,-1.88079360815125,3.7615872163025,"Constant","Variable","Mandarin",5.73
114,"High","sssv","T315-T45",15.5,0.5,1.5,16.5,648.65625,0.91,0.03,1.34075503369022,-1.88079360815125,3.22154864184147,"Constant","Constant","Mandarin",4.97
114,"High","sssv","T33-T241",8.5,1.5,8.5,15.5,668.8125,0.5,0.09,0,-1.34075503369022,1.34075503369022,"Constant","Constant","Mandarin",2.4
114,"High","sssv","T33-T45",16.5,0.5,0.5,16.5,550.15625,0.97,0.03,1.88079360815125,-1.88079360815125,3.7615872163025,"Constant","Constant","Mandarin",5.73
115,"Low","dsdv","T315-T45",5.5,0.5,11.5,16.5,558.59375,0.32,0.03,-0.467698799114508,-1.88079360815125,1.41309480903674,"Variable","Variable","Mandarin",2.41
115,"Low","dsdv","T33-T241",12.5,7.5,4.5,9.5,724.875,0.74,0.44,0.643345405392917,-0.150969215496777,0.794314620889694,"Variable","Variable","Mandarin",1.93
115,"Low","dsdv","T33-T45",14.5,3.5,2.5,13.5,510.5625,0.85,0.21,1.03643338949379,-0.80642124701824,1.84285463651203,"Variable","Variable","Mandarin",3.24
115,"Low","dssv","T315-T45",2.5,2.5,14.5,14.5,424.96875,0.15,0.15,-1.03643338949379,-1.03643338949379,0,"Variable","Constant","Mandarin",0
115,"Low","dssv","T33-T241",8.5,6.5,8.5,10.5,606.8125,0.5,0.38,0,-0.305480788099397,0.305480788099397,"Variable","Constant","Mandarin",1.06
115,"Low","dssv","T33-T45",16.5,3.5,0.5,13.5,392.40625,0.97,0.21,1.88079360815125,-0.80642124701824,2.68721485516949,"Variable","Constant","Mandarin",4.43
115,"Low","ssdv","T315-T45",5.5,0.5,11.5,16.5,548.90625,0.32,0.03,-0.467698799114508,-1.88079360815125,1.41309480903674,"Constant","Variable","Mandarin",2.41
115,"Low","ssdv","T33-T241",5.5,4.5,11.5,12.5,683.375,0.32,0.26,-0.467698799114508,-0.643345405392917,0.175646606278409,"Constant","Variable","Mandarin",0.72
115,"Low","ssdv","T33-T45",13.5,1.5,3.5,15.5,505.6875,0.79,0.09,0.80642124701824,-1.34075503369022,2.14717628070846,"Constant","Variable","Mandarin",3.54
115,"Low","sssv","T315-T45",3.5,0.5,13.5,16.5,371.09375,0.21,0.03,-0.80642124701824,-1.88079360815125,1.07437236113301,"Constant","Constant","Mandarin",1.93
115,"Low","sssv","T33-T241",9.5,0.5,7.5,16.5,431.09375,0.56,0.03,0.150969215496777,-1.88079360815125,2.03176282364803,"Constant","Constant","Mandarin",3.28
115,"Low","sssv","T33-T45",15.5,1.5,1.5,15.5,462.40625,0.91,0.09,1.34075503369022,-1.34075503369022,2.68151006738043,"Constant","Constant","Mandarin",4.29
117,"High","dsdv","T315-T45",10.5,4.5,6.5,11.5,1133,0.62,0.28,0.305480788099397,-0.582841507271216,0.888322295370614,"Variable","Variable","Mandarin",1.93
117,"High","dsdv","T33-T241",3.5,1.5,13.5,14.5,1086.32258064516,0.21,0.09,-0.80642124701824,-1.34075503369022,0.534333786671976,"Variable","Variable","Mandarin",1.23
117,"High","dsdv","T33-T45",14.5,3.5,2.5,13.5,940.84375,0.85,0.21,1.03643338949379,-0.80642124701824,1.84285463651203,"Variable","Variable","Mandarin",3.24
117,"High","dssv","T315-T45",7.5,4.5,8.5,12.5,1135.22580645161,0.47,0.26,-0.0752698620998299,-0.643345405392917,0.568075543293087,"Variable","Constant","Mandarin",1.43
117,"High","dssv","T33-T241",6.5,0.5,9.5,16.5,814.612903225806,0.41,0.03,-0.227544976641149,-1.88079360815125,1.6532486315101,"Variable","Constant","Mandarin",2.75
117,"High","dssv","T33-T45",13.5,1.5,3.5,15.5,822.8125,0.79,0.09,0.80642124701824,-1.34075503369022,2.14717628070846,"Variable","Constant","Mandarin",3.54
117,"High","ssdv","T315-T45",8.5,2.5,7.5,13.5,1501.16666666667,0.53,0.16,0.0752698620998299,-0.994457883209753,1.06972774530958,"Constant","Variable","Mandarin",2.09
117,"High","ssdv","T33-T241",4.5,0.5,11.5,15.5,1281.96666666667,0.28,0.03,-0.582841507271216,-1.88079360815125,1.29795210088003,"Constant","Variable","Mandarin",2.24
117,"High","ssdv","T33-T45",16.5,2.5,0.5,14.5,1095.6875,0.97,0.15,1.88079360815125,-1.03643338949379,2.91722699764504,"Constant","Variable","Mandarin",4.7
117,"High","sssv","T315-T45",11.5,2.5,5.5,14.5,973.96875,0.68,0.15,0.467698799114508,-1.03643338949379,1.5041321886083,"Constant","Constant","Mandarin",2.7
117,"High","sssv","T33-T241",5.5,0.5,11.5,16.5,581.5625,0.32,0.03,-0.467698799114508,-1.88079360815125,1.41309480903674,"Constant","Constant","Mandarin",2.41
117,"High","sssv","T33-T45",14.5,1.5,1.5,15.5,698.41935483871,0.91,0.09,1.34075503369022,-1.34075503369022,2.68151006738043,"Constant","Constant","Mandarin",4.29
118,"High","dsdv","T315-T45",3.5,0.5,11.5,16.5,491.366666666667,0.23,0.03,-0.738846849185214,-1.88079360815125,1.14194675896604,"Variable","Variable","Mandarin",2.02
118,"High","dsdv","T33-T241",8.5,4.5,8.5,11.5,348.225806451613,0.5,0.28,0,-0.582841507271216,0.582841507271216,"Variable","Variable","Mandarin",1.47
118,"High","dsdv","T33-T45",12.5,0.5,3.5,16.5,342.258064516129,0.78,0.03,0.772193214188685,-1.88079360815125,2.65298682233994,"Variable","Variable","Mandarin",4.16
118,"High","dssv","T315-T45",13.5,1.5,3.5,15.5,452.0625,0.79,0.09,0.80642124701824,-1.34075503369022,2.14717628070846,"Variable","Constant","Mandarin",3.54
118,"High","dssv","T33-T241",15.5,9.5,1.5,7.5,422.40625,0.91,0.56,1.34075503369022,0.150969215496777,1.18978581819344,"Variable","Constant","Mandarin",2.66
118,"High","dssv","T33-T45",16.5,2.5,0.5,14.5,479.03125,0.97,0.15,1.88079360815125,-1.03643338949379,2.91722699764504,"Variable","Constant","Mandarin",4.7
118,"High","ssdv","T315-T45",8.5,1.5,7.5,15.5,479.41935483871,0.53,0.09,0.0752698620998299,-1.34075503369022,1.41602489579005,"Constant","Variable","Mandarin",2.5
118,"High","ssdv","T33-T241",6.5,3.5,9.5,13.5,435.322580645161,0.41,0.21,-0.227544976641149,-0.80642124701824,0.578876270377091,"Constant","Variable","Mandarin",1.41
118,"High","ssdv","T33-T45",15.5,3.5,1.5,13.5,420.71875,0.91,0.21,1.34075503369022,-0.80642124701824,2.14717628070846,"Constant","Variable","Mandarin",3.67
118,"High","sssv","T315-T45",8.5,1.5,8.5,15.5,465.0625,0.5,0.09,0,-1.34075503369022,1.34075503369022,"Constant","Constant","Mandarin",2.4
118,"High","sssv","T33-T241",10.5,4.5,6.5,12.5,549.625,0.62,0.26,0.305480788099397,-0.643345405392917,0.948826193492314,"Constant","Constant","Mandarin",2
118,"High","sssv","T33-T45",15.5,0.5,1.5,16.5,386.59375,0.91,0.03,1.34075503369022,-1.88079360815125,3.22154864184147,"Constant","Constant","Mandarin",4.97
119,"Low","dsdv","T315-T45",1.5,0.5,15.5,16.5,624.75,0.09,0.03,-1.34075503369022,-1.88079360815125,0.540038574461034,"Variable","Variable","Mandarin",1.16
119,"Low","dsdv","T33-T241",9.5,5.5,7.5,11.5,490.40625,0.56,0.32,0.150969215496777,-0.467698799114508,0.618668014611286,"Variable","Variable","Mandarin",1.56
119,"Low","dsdv","T33-T45",16.5,0.5,0.5,16.5,490.78125,0.97,0.03,1.88079360815125,-1.88079360815125,3.7615872163025,"Variable","Variable","Mandarin",5.73
119,"Low","dssv","T315-T45",1.5,1.5,15.5,14.5,824.387096774194,0.09,0.09,-1.34075503369022,-1.34075503369022,0,"Variable","Constant","Mandarin",0
119,"Low","dssv","T33-T241",9.5,5.5,7.5,11.5,720.59375,0.56,0.32,0.150969215496777,-0.467698799114508,0.618668014611286,"Variable","Constant","Mandarin",1.56
119,"Low","dssv","T33-T45",16.5,1.5,0.5,15.5,571.125,0.97,0.09,1.88079360815125,-1.34075503369022,3.22154864184147,"Variable","Constant","Mandarin",5.06
119,"Low","ssdv","T315-T45",1.5,0.5,12.5,16.5,834.896551724138,0.11,0.03,-1.22652812003661,-1.88079360815125,0.65426548811464,"Constant","Variable","Mandarin",1.33
119,"Low","ssdv","T33-T241",5.5,1.5,11.5,15.5,836.1875,0.32,0.09,-0.467698799114508,-1.34075503369022,0.873056234575708,"Constant","Variable","Mandarin",1.73
119,"Low","ssdv","T33-T45",16.5,0.5,0.5,16.5,723.25,0.97,0.03,1.88079360815125,-1.88079360815125,3.7615872163025,"Constant","Variable","Mandarin",5.73
119,"Low","sssv","T315-T45",2.5,1.5,14.5,15.5,745.96875,0.15,0.09,-1.03643338949379,-1.34075503369022,0.304321644196427,"Constant","Constant","Mandarin",0.87
119,"Low","sssv","T33-T241",6.5,1.5,10.5,15.5,791.75,0.38,0.09,-0.305480788099397,-1.34075503369022,1.03527424559082,"Constant","Constant","Mandarin",1.96
119,"Low","sssv","T33-T45",16.5,0.5,0.5,16.5,458.25,0.97,0.03,1.88079360815125,-1.88079360815125,3.7615872163025,"Constant","Constant","Mandarin",5.73
121,"High","dsdv","T315-T45",8.5,3.5,8.5,13.5,576.53125,0.5,0.21,0,-0.80642124701824,0.80642124701824,"Variable","Variable","Mandarin",1.75
121,"High","dsdv","T33-T241",10.5,0.5,6.5,16.5,424.09375,0.62,0.03,0.305480788099397,-1.88079360815125,2.18627439625065,"Variable","Variable","Mandarin",3.5
121,"High","dsdv","T33-T45",15.5,0.5,0.5,16.5,363.806451612903,0.97,0.03,1.88079360815125,-1.88079360815125,3.7615872163025,"Variable","Variable","Mandarin",5.73
121,"High","dssv","T315-T45",10.5,8.5,6.5,8.5,448.34375,0.62,0.5,0.305480788099397,0,0.305480788099397,"Variable","Constant","Mandarin",1.13
121,"High","dssv","T33-T241",8.5,3.5,8.5,13.5,420.09375,0.5,0.21,0,-0.80642124701824,0.80642124701824,"Variable","Constant","Mandarin",1.75
121,"High","dssv","T33-T45",16.5,2.5,0.5,14.5,470.78125,0.97,0.15,1.88079360815125,-1.03643338949379,2.91722699764504,"Variable","Constant","Mandarin",4.7
121,"High","ssdv","T315-T45",8.5,2.5,8.5,14.5,592.1875,0.5,0.15,0,-1.03643338949379,1.03643338949379,"Constant","Variable","Mandarin",2.03
121,"High","ssdv","T33-T241",6.5,2.5,10.5,14.5,447.46875,0.38,0.15,-0.305480788099397,-1.03643338949379,0.730952601394392,"Constant","Variable","Mandarin",1.58
121,"High","ssdv","T33-T45",16.5,1.5,0.5,15.5,392.8125,0.97,0.09,1.88079360815125,-1.34075503369022,3.22154864184147,"Constant","Variable","Mandarin",5.06
121,"High","sssv","T315-T45",12.5,0.5,4.5,16.5,402.5625,0.74,0.03,0.643345405392917,-1.88079360815125,2.52413901354417,"Constant","Constant","Mandarin",3.98
121,"High","sssv","T33-T241",10.5,0.5,6.5,16.5,315.46875,0.62,0.03,0.305480788099397,-1.88079360815125,2.18627439625065,"Constant","Constant","Mandarin",3.5
121,"High","sssv","T33-T45",16.5,0.5,0.5,16.5,308.125,0.97,0.03,1.88079360815125,-1.88079360815125,3.7615872163025,"Constant","Constant","Mandarin",5.73
122,"Low","dsdv","T315-T45",11.5,5.5,5.5,11.5,1132.1875,0.68,0.32,0.467698799114508,-0.467698799114508,0.935397598229016,"Variable","Variable","Mandarin",2.04
122,"Low","dsdv","T33-T241",13.5,1.5,2.5,15.5,1179.45161290323,0.84,0.09,0.994457883209753,-1.34075503369022,2.33521291689997,"Variable","Variable","Mandarin",3.8
122,"Low","dsdv","T33-T45",16.5,2.5,0.5,14.5,1034.5625,0.97,0.15,1.88079360815125,-1.03643338949379,2.91722699764504,"Variable","Variable","Mandarin",4.7
122,"Low","dssv","T315-T45",10.5,2.5,6.5,14.5,1250.65625,0.62,0.15,0.305480788099397,-1.03643338949379,1.34191417759319,"Variable","Constant","Mandarin",2.47
122,"Low","dssv","T33-T241",12.5,2.5,3.5,14.5,1030.32258064516,0.78,0.15,0.772193214188685,-1.03643338949379,1.80862660368247,"Variable","Constant","Mandarin",3.13
122,"Low","dssv","T33-T45",16.5,1.5,0.5,14.5,864.258064516129,0.97,0.09,1.88079360815125,-1.34075503369022,3.22154864184147,"Variable","Constant","Mandarin",5.06
122,"Low","ssdv","T315-T45",7.5,3.5,9.5,13.5,1299.1875,0.44,0.21,-0.150969215496777,-0.80642124701824,0.655452031521463,"Constant","Variable","Mandarin",1.52
122,"Low","ssdv","T33-T241",12.5,3.5,3.5,13.5,1511.87096774194,0.78,0.21,0.772193214188685,-0.80642124701824,1.57861446120693,"Constant","Variable","Mandarin",2.86
122,"Low","ssdv","T33-T45",16.5,0.5,0.5,15.5,1033.8064516129,0.97,0.03,1.88079360815125,-1.88079360815125,3.7615872163025,"Constant","Variable","Mandarin",5.73
122,"Low","sssv","T315-T45",13.5,0.5,3.5,16.5,987.65625,0.79,0.03,0.80642124701824,-1.88079360815125,2.68721485516949,"Constant","Constant","Mandarin",4.21
122,"Low","sssv","T33-T241",10.5,1.5,6.5,15.5,864.25,0.62,0.09,0.305480788099397,-1.34075503369022,1.64623582178961,"Constant","Constant","Mandarin",2.83
122,"Low","sssv","T33-T45",16.5,0.5,0.5,16.5,812.875,0.97,0.03,1.88079360815125,-1.88079360815125,3.7615872163025,"Constant","Constant","Mandarin",5.73
123,"High","dsdv","T315-T45",16.5,16.5,0.5,0.5,636.9375,0.97,0.97,1.88079360815125,1.88079360815125,0,"Variable","Variable","Mandarin",0
123,"High","dsdv","T33-T241",16.5,16.5,0.5,0.5,559.6875,0.97,0.97,1.88079360815125,1.88079360815125,0,"Variable","Variable","Mandarin",0
123,"High","dsdv","T33-T45",16.5,16.5,0.5,0.5,638.28125,0.97,0.97,1.88079360815125,1.88079360815125,0,"Variable","Variable","Mandarin",0
123,"High","dssv","T315-T45",12.5,7.5,4.5,9.5,931.75,0.74,0.44,0.643345405392917,-0.150969215496777,0.794314620889694,"Variable","Constant","Mandarin",1.93
123,"High","dssv","T33-T241",13.5,8.5,3.5,8.5,817.125,0.79,0.5,0.80642124701824,0,0.80642124701824,"Variable","Constant","Mandarin",2.01
123,"High","dssv","T33-T45",16.5,9.5,0.5,7.5,712.53125,0.97,0.56,1.88079360815125,0.150969215496777,1.72982439265447,"Variable","Constant","Mandarin",3.46
123,"High","ssdv","T315-T45",16.5,16.5,0.5,0.5,869.0625,0.97,0.97,1.88079360815125,1.88079360815125,0,"Constant","Variable","Mandarin",0
123,"High","ssdv","T33-T241",16.5,16.5,0.5,0.5,704.8125,0.97,0.97,1.88079360815125,1.88079360815125,0,"Constant","Variable","Mandarin",0
123,"High","ssdv","T33-T45",16.5,16.5,0.5,0.5,701.0625,0.97,0.97,1.88079360815125,1.88079360815125,0,"Constant","Variable","Mandarin",0
123,"High","sssv","T315-T45",10.5,2.5,6.5,14.5,552.625,0.62,0.15,0.305480788099397,-1.03643338949379,1.34191417759319,"Constant","Constant","Mandarin",2.47
123,"High","sssv","T33-T241",14.5,3.5,2.5,13.5,510.6875,0.85,0.21,1.03643338949379,-0.80642124701824,1.84285463651203,"Constant","Constant","Mandarin",3.24
123,"High","sssv","T33-T45",16.5,1.5,0.5,15.5,373.46875,0.97,0.09,1.88079360815125,-1.34075503369022,3.22154864184147,"Constant","Constant","Mandarin",5.06
125,"Low","dsdv","T315-T45",10.5,6.5,6.5,10.5,782,0.62,0.38,0.305480788099397,-0.305480788099397,0.610961576198795,"Variable","Variable","Mandarin",1.59
125,"Low","dsdv","T33-T241",9.5,2.5,7.5,14.5,711.625,0.56,0.15,0.150969215496777,-1.03643338949379,1.18740260499057,"Variable","Variable","Mandarin",2.24
125,"Low","dsdv","T33-T45",16.5,2.5,0.5,14.5,1086.65625,0.97,0.15,1.88079360815125,-1.03643338949379,2.91722699764504,"Variable","Variable","Mandarin",4.7
125,"Low","dssv","T315-T45",13.5,5.5,3.5,11.5,718.71875,0.79,0.32,0.80642124701824,-0.467698799114508,1.27412004613275,"Variable","Constant","Mandarin",2.53
125,"Low","dssv","T33-T241",9.5,0.5,7.5,16.5,729.71875,0.56,0.03,0.150969215496777,-1.88079360815125,2.03176282364803,"Variable","Constant","Mandarin",3.28
125,"Low","dssv","T33-T45",15.5,2.5,1.5,14.5,765.5625,0.91,0.15,1.34075503369022,-1.03643338949379,2.37718842318401,"Variable","Constant","Mandarin",3.93
125,"Low","ssdv","T315-T45",12.5,3.5,4.5,13.5,725.5625,0.74,0.21,0.643345405392917,-0.80642124701824,1.44976665241116,"Constant","Variable","Mandarin",2.68
125,"Low","ssdv","T33-T241",7.5,1.5,9.5,15.5,806.90625,0.44,0.09,-0.150969215496777,-1.34075503369022,1.18978581819344,"Constant","Variable","Mandarin",2.18
125,"Low","ssdv","T33-T45",15.5,1.5,1.5,15.5,719.0625,0.91,0.09,1.34075503369022,-1.34075503369022,2.68151006738043,"Constant","Variable","Mandarin",4.29
125,"Low","sssv","T315-T45",12.5,1.5,4.5,15.5,747.34375,0.74,0.09,0.643345405392917,-1.34075503369022,1.98410043908313,"Constant","Constant","Mandarin",3.31
125,"Low","sssv","T33-T241",11.5,2.5,5.5,14.5,673.8125,0.68,0.15,0.467698799114508,-1.03643338949379,1.5041321886083,"Constant","Constant","Mandarin",2.7
125,"Low","sssv","T33-T45",16.5,1.5,0.5,15.5,821.90625,0.97,0.09,1.88079360815125,-1.34075503369022,3.22154864184147,"Constant","Constant","Mandarin",5.06
126,"Low","dsdv","T315-T45",10.5,8.5,6.5,8.5,871.09375,0.62,0.5,0.305480788099397,0,0.305480788099397,"Variable","Variable","Mandarin",1.13
126,"Low","dsdv","T33-T241",13.5,8.5,3.5,8.5,918.125,0.79,0.5,0.80642124701824,0,0.80642124701824,"Variable","Variable","Mandarin",2.01
126,"Low","dsdv","T33-T45",16.5,2.5,0.5,13.5,740.483870967742,0.97,0.16,1.88079360815125,-0.994457883209753,2.875251491361,"Variable","Variable","Mandarin",4.65
126,"Low","dssv","T315-T45",7.5,7.5,9.5,9.5,659.65625,0.44,0.44,-0.150969215496777,-0.150969215496777,0,"Variable","Constant","Mandarin",0
126,"Low","dssv","T33-T241",10.5,8.5,6.5,7.5,649.58064516129,0.62,0.53,0.305480788099397,0.0752698620998299,0.230210925999567,"Variable","Constant","Mandarin",0.99
126,"Low","dssv","T33-T45",15.5,3.5,1.5,13.5,701.28125,0.91,0.21,1.34075503369022,-0.80642124701824,2.14717628070846,"Variable","Constant","Mandarin",3.67
126,"Low","ssdv","T315-T45",5.5,7.5,11.5,9.5,719.59375,0.32,0.44,-0.467698799114508,-0.150969215496777,-0.316729583617731,"Constant","Variable","Mandarin",1.04
126,"Low","ssdv","T33-T241",11.5,3.5,5.5,13.5,612.75,0.68,0.21,0.467698799114508,-0.80642124701824,1.27412004613275,"Constant","Variable","Mandarin",2.43
126,"Low","ssdv","T33-T45",11.5,2.5,5.5,14.5,629.90625,0.68,0.15,0.467698799114508,-1.03643338949379,1.5041321886083,"Constant","Variable","Mandarin",2.7
126,"Low","sssv","T315-T45",8.5,5.5,8.5,11.5,766.4375,0.5,0.32,0,-0.467698799114508,0.467698799114508,"Constant","Constant","Mandarin",1.31
126,"Low","sssv","T33-T241",14.5,5.5,2.5,11.5,582.28125,0.85,0.32,1.03643338949379,-0.467698799114508,1.5041321886083,"Constant","Constant","Mandarin",2.86
126,"Low","sssv","T33-T45",15.5,2.5,1.5,14.5,540.9375,0.91,0.15,1.34075503369022,-1.03643338949379,2.37718842318401,"Constant","Constant","Mandarin",3.93
127,"High","dsdv","T315-T45",4.5,0.5,12.5,16.5,901.15625,0.26,0.03,-0.643345405392917,-1.88079360815125,1.23744820275833,"Variable","Variable","Mandarin",2.16
127,"High","dsdv","T33-T241",7.5,3.5,9.5,13.5,989.65625,0.44,0.21,-0.150969215496777,-0.80642124701824,0.655452031521463,"Variable","Variable","Mandarin",1.52
127,"High","dsdv","T33-T45",15.5,0.5,1.5,16.5,614.125,0.91,0.03,1.34075503369022,-1.88079360815125,3.22154864184147,"Variable","Variable","Mandarin",4.97
127,"High","dssv","T315-T45",12.5,5.5,4.5,11.5,1143.28125,0.74,0.32,0.643345405392917,-0.467698799114508,1.11104420450742,"Variable","Constant","Mandarin",2.3
127,"High","dssv","T33-T241",11.5,6.5,5.5,10.5,957.21875,0.68,0.38,0.467698799114508,-0.305480788099397,0.773179587213906,"Variable","Constant","Mandarin",1.85
127,"High","dssv","T33-T45",16.5,2.5,0.5,14.5,762.1875,0.97,0.15,1.88079360815125,-1.03643338949379,2.91722699764504,"Variable","Constant","Mandarin",4.7
127,"High","ssdv","T315-T45",7.5,1.5,7.5,15.5,927.966666666667,0.5,0.09,0,-1.34075503369022,1.34075503369022,"Constant","Variable","Mandarin",2.4
127,"High","ssdv","T33-T241",11.5,2.5,5.5,14.5,1019.40625,0.68,0.15,0.467698799114508,-1.03643338949379,1.5041321886083,"Constant","Variable","Mandarin",2.7
127,"High","ssdv","T33-T45",16.5,0.5,0.5,16.5,713.8125,0.97,0.03,1.88079360815125,-1.88079360815125,3.7615872163025,"Constant","Variable","Mandarin",5.73
127,"High","sssv","T315-T45",10.5,0.5,6.5,16.5,928.1875,0.62,0.03,0.305480788099397,-1.88079360815125,2.18627439625065,"Constant","Constant","Mandarin",3.5
127,"High","sssv","T33-T241",9.5,2.5,7.5,14.5,899.78125,0.56,0.15,0.150969215496777,-1.03643338949379,1.18740260499057,"Constant","Constant","Mandarin",2.24
127,"High","sssv","T33-T45",16.5,2.5,0.5,14.5,715.34375,0.97,0.15,1.88079360815125,-1.03643338949379,2.91722699764504,"Constant","Constant","Mandarin",4.7
128,"High","dsdv","T315-T45",8.5,4.5,8.5,12.5,841.96875,0.5,0.26,0,-0.643345405392917,0.643345405392917,"Variable","Variable","Mandarin",1.55
128,"High","dsdv","T33-T241",6.5,3.5,10.5,13.5,563.46875,0.38,0.21,-0.305480788099397,-0.80642124701824,0.500940458918843,"Variable","Variable","Mandarin",1.28
128,"High","dsdv","T33-T45",16.5,7.5,0.5,9.5,722.9375,0.97,0.44,1.88079360815125,-0.150969215496777,2.03176282364803,"Variable","Variable","Mandarin",3.75
128,"High","dssv","T315-T45",10.5,4.5,6.5,12.5,696.15625,0.62,0.26,0.305480788099397,-0.643345405392917,0.948826193492314,"Variable","Constant","Mandarin",2
128,"High","dssv","T33-T241",2.5,1.5,14.5,15.5,540.84375,0.15,0.09,-1.03643338949379,-1.34075503369022,0.304321644196427,"Variable","Constant","Mandarin",0.87
128,"High","dssv","T33-T45",14.5,1.5,2.5,15.5,556.25,0.85,0.09,1.03643338949379,-1.34075503369022,2.37718842318401,"Variable","Constant","Mandarin",3.86
128,"High","ssdv","T315-T45",8.5,6.5,8.5,10.5,1009.625,0.5,0.38,0,-0.305480788099397,0.305480788099397,"Constant","Variable","Mandarin",1.06
128,"High","ssdv","T33-T241",5.5,3.5,11.5,13.5,641.21875,0.32,0.21,-0.467698799114508,-0.80642124701824,0.338722447903732,"Constant","Variable","Mandarin",1.01
128,"High","ssdv","T33-T45",16.5,1.5,0.5,14.5,651.161290322581,0.97,0.09,1.88079360815125,-1.34075503369022,3.22154864184147,"Constant","Variable","Mandarin",5.06
128,"High","sssv","T315-T45",13.5,2.5,3.5,14.5,856.90625,0.79,0.15,0.80642124701824,-1.03643338949379,1.84285463651203,"Constant","Constant","Mandarin",3.18
128,"High","sssv","T33-T241",8.5,1.5,8.5,15.5,528.03125,0.5,0.09,0,-1.34075503369022,1.34075503369022,"Constant","Constant","Mandarin",2.4
128,"High","sssv","T33-T45",14.5,0.5,2.5,16.5,740.5,0.85,0.03,1.03643338949379,-1.88079360815125,2.91722699764504,"Constant","Constant","Mandarin",4.53
130,"Low","dsdv","T315-T45",10.5,3.5,6.5,13.5,704.03125,0.62,0.21,0.305480788099397,-0.80642124701824,1.11190203511764,"Variable","Variable","Mandarin",2.2
130,"Low","dsdv","T33-T241",7.5,3.5,9.5,13.5,629.28125,0.44,0.21,-0.150969215496777,-0.80642124701824,0.655452031521463,"Variable","Variable","Mandarin",1.52
130,"Low","dsdv","T33-T45",14.5,4.5,2.5,12.5,797.46875,0.85,0.26,1.03643338949379,-0.643345405392917,1.67977879488671,"Variable","Variable","Mandarin",3.06
130,"Low","dssv","T315-T45",10.5,6.5,6.5,9.5,565.225806451613,0.62,0.41,0.305480788099397,-0.227544976641149,0.533025764740547,"Variable","Constant","Mandarin",1.49
130,"Low","dssv","T33-T241",9.5,4.5,7.5,12.5,740.53125,0.56,0.26,0.150969215496777,-0.643345405392917,0.794314620889694,"Variable","Constant","Mandarin",1.78
130,"Low","dssv","T33-T45",12.5,1.5,3.5,15.5,480.129032258065,0.78,0.09,0.772193214188685,-1.34075503369022,2.1129482478789,"Variable","Constant","Mandarin",3.49
130,"Low","ssdv","T315-T45",8.5,4.5,8.5,12.5,698.6875,0.5,0.26,0,-0.643345405392917,0.643345405392917,"Constant","Variable","Mandarin",1.55
130,"Low","ssdv","T33-T241",7.5,4.5,9.5,12.5,663.9375,0.44,0.26,-0.150969215496777,-0.643345405392917,0.49237618989614,"Constant","Variable","Mandarin",1.31
130,"Low","ssdv","T33-T45",14.5,0.5,2.5,16.5,651.3125,0.85,0.03,1.03643338949379,-1.88079360815125,2.91722699764504,"Constant","Variable","Mandarin",4.53
130,"Low","sssv","T315-T45",13.5,0.5,3.5,16.5,552.34375,0.79,0.03,0.80642124701824,-1.88079360815125,2.68721485516949,"Constant","Constant","Mandarin",4.21
130,"Low","sssv","T33-T241",12.5,2.5,4.5,14.5,534.96875,0.74,0.15,0.643345405392917,-1.03643338949379,1.67977879488671,"Constant","Constant","Mandarin",2.94
130,"Low","sssv","T33-T45",16.5,0.5,0.5,16.5,530.5,0.97,0.03,1.88079360815125,-1.88079360815125,3.7615872163025,"Constant","Constant","Mandarin",5.73
131,"High","dsdv","T315-T45",7.5,5.5,9.5,11.5,676.8125,0.44,0.32,-0.150969215496777,-0.467698799114508,0.316729583617731,"Variable","Variable","Mandarin",1.04
131,"High","dsdv","T33-T241",12.5,1.5,4.5,15.5,573.84375,0.74,0.09,0.643345405392917,-1.34075503369022,1.98410043908313,"Variable","Variable","Mandarin",3.31
131,"High","dsdv","T33-T45",13.5,0.5,3.5,16.5,655.78125,0.79,0.03,0.80642124701824,-1.88079360815125,2.68721485516949,"Variable","Variable","Mandarin",4.21
131,"High","dssv","T315-T45",10.5,1.5,5.5,15.5,715.193548387097,0.66,0.09,0.412463129441405,-1.34075503369022,1.75321816313162,"Variable","Constant","Mandarin",2.98
131,"High","dssv","T33-T241",8.5,2.5,8.5,14.5,460.40625,0.5,0.15,0,-1.03643338949379,1.03643338949379,"Variable","Constant","Mandarin",2.03
131,"High","dssv","T33-T45",13.5,0.5,3.5,16.5,593.59375,0.79,0.03,0.80642124701824,-1.88079360815125,2.68721485516949,"Variable","Constant","Mandarin",4.21
131,"High","ssdv","T315-T45",4.5,2.5,12.5,14.5,673.59375,0.26,0.15,-0.643345405392917,-1.03643338949379,0.393087984100873,"Constant","Variable","Mandarin",1.06
131,"High","ssdv","T33-T241",6.5,2.5,10.5,14.5,499.4375,0.38,0.15,-0.305480788099397,-1.03643338949379,0.730952601394392,"Constant","Variable","Mandarin",1.58
131,"High","ssdv","T33-T45",14.5,2.5,2.5,14.5,561.8125,0.85,0.15,1.03643338949379,-1.03643338949379,2.07286677898758,"Constant","Variable","Mandarin",3.5
131,"High","sssv","T315-T45",11.5,2.5,5.5,14.5,731.03125,0.68,0.15,0.467698799114508,-1.03643338949379,1.5041321886083,"Constant","Constant","Mandarin",2.7
131,"High","sssv","T33-T241",7.5,2.5,9.5,14.5,615.15625,0.44,0.15,-0.150969215496777,-1.03643338949379,0.885464173997012,"Constant","Constant","Mandarin",1.81
131,"High","sssv","T33-T45",15.5,2.5,1.5,12.5,521.533333333333,0.91,0.17,1.34075503369022,-0.954165253146194,2.29492028683641,"Constant","Constant","Mandarin",3.84
132,"High","dsdv","T315-T45",12.5,3.5,4.5,13.5,336.59375,0.74,0.21,0.643345405392917,-0.80642124701824,1.44976665241116,"Variable","Variable","Mandarin",2.68
132,"High","dsdv","T33-T241",7.5,2.5,9.5,14.5,245,0.44,0.15,-0.150969215496777,-1.03643338949379,0.885464173997012,"Variable","Variable","Mandarin",1.81
132,"High","dsdv","T33-T45",14.5,1.5,2.5,15.5,293.59375,0.85,0.09,1.03643338949379,-1.34075503369022,2.37718842318401,"Variable","Variable","Mandarin",3.86
132,"High","dssv","T315-T45",10.5,1.5,6.5,15.5,343.1875,0.62,0.09,0.305480788099397,-1.34075503369022,1.64623582178961,"Variable","Constant","Mandarin",2.83
132,"High","dssv","T33-T241",11.5,1.5,5.5,15.5,317.78125,0.68,0.09,0.467698799114508,-1.34075503369022,1.80845383280472,"Variable","Constant","Mandarin",3.06
132,"High","dssv","T33-T45",15.5,3.5,1.5,13.5,286.65625,0.91,0.21,1.34075503369022,-0.80642124701824,2.14717628070846,"Variable","Constant","Mandarin",3.67
132,"High","ssdv","T315-T45",11.5,0.5,5.5,16.5,295.125,0.68,0.03,0.467698799114508,-1.88079360815125,2.34849240726576,"Constant","Variable","Mandarin",3.73
132,"High","ssdv","T33-T241",5.5,0.5,11.5,16.5,360.28125,0.32,0.03,-0.467698799114508,-1.88079360815125,1.41309480903674,"Constant","Variable","Mandarin",2.41
132,"High","ssdv","T33-T45",16.5,1.5,0.5,15.5,272.28125,0.97,0.09,1.88079360815125,-1.34075503369022,3.22154864184147,"Constant","Variable","Mandarin",5.06
132,"High","sssv","T315-T45",14.5,0.5,2.5,16.5,313.46875,0.85,0.03,1.03643338949379,-1.88079360815125,2.91722699764504,"Constant","Constant","Mandarin",4.53
132,"High","sssv","T33-T241",12.5,1.5,4.5,15.5,251.65625,0.74,0.09,0.643345405392917,-1.34075503369022,1.98410043908313,"Constant","Constant","Mandarin",3.31
132,"High","sssv","T33-T45",16.5,1.5,0.5,15.5,273.25,0.97,0.09,1.88079360815125,-1.34075503369022,3.22154864184147,"Constant","Constant","Mandarin",5.06
133,"Low","dsdv","T315-T45",12.5,5.5,3.5,11.5,1288.93548387097,0.78,0.32,0.772193214188685,-0.467698799114508,1.23989201330319,"Variable","Variable","Mandarin",2.48
133,"Low","dsdv","T33-T241",11.5,3.5,5.5,13.5,1201.03125,0.68,0.21,0.467698799114508,-0.80642124701824,1.27412004613275,"Variable","Variable","Mandarin",2.43
133,"Low","dsdv","T33-T45",16.5,4.5,0.5,12.5,1478.5625,0.97,0.26,1.88079360815125,-0.643345405392917,2.52413901354417,"Variable","Variable","Mandarin",4.25
133,"Low","dssv","T315-T45",16.5,1.5,0.5,15.5,841.375,0.97,0.09,1.88079360815125,-1.34075503369022,3.22154864184147,"Variable","Constant","Mandarin",5.06
133,"Low","dssv","T33-T241",12.5,1.5,4.5,15.5,867.1875,0.74,0.09,0.643345405392917,-1.34075503369022,1.98410043908313,"Variable","Constant","Mandarin",3.31
133,"Low","dssv","T33-T45",15.5,2.5,1.5,14.5,931.59375,0.91,0.15,1.34075503369022,-1.03643338949379,2.37718842318401,"Variable","Constant","Mandarin",3.93
133,"Low","ssdv","T315-T45",16.5,0.5,0.5,16.5,1199.78125,0.97,0.03,1.88079360815125,-1.88079360815125,3.7615872163025,"Constant","Variable","Mandarin",5.73
133,"Low","ssdv","T33-T241",14.5,4.5,2.5,12.5,901.0625,0.85,0.26,1.03643338949379,-0.643345405392917,1.67977879488671,"Constant","Variable","Mandarin",3.06
133,"Low","ssdv","T33-T45",15.5,2.5,1.5,14.5,971.375,0.91,0.15,1.34075503369022,-1.03643338949379,2.37718842318401,"Constant","Variable","Mandarin",3.93
133,"Low","sssv","T315-T45",14.5,0.5,2.5,16.5,777.96875,0.85,0.03,1.03643338949379,-1.88079360815125,2.91722699764504,"Constant","Constant","Mandarin",4.53
133,"Low","sssv","T33-T241",12.5,0.5,4.5,16.5,839.84375,0.74,0.03,0.643345405392917,-1.88079360815125,2.52413901354417,"Constant","Constant","Mandarin",3.98
133,"Low","sssv","T33-T45",16.5,0.5,0.5,16.5,679.78125,0.97,0.03,1.88079360815125,-1.88079360815125,3.7615872163025,"Constant","Constant","Mandarin",5.73
134,"Low","dsdv","T315-T45",14.5,8.5,2.5,7.5,819.354838709677,0.85,0.53,1.03643338949379,0.0752698620998299,0.961163527393959,"Variable","Variable","Mandarin",2.28
134,"Low","dsdv","T33-T241",9.5,8.5,7.5,8.5,752.4375,0.56,0.5,0.150969215496777,0,0.150969215496777,"Variable","Variable","Mandarin",0.77
134,"Low","dsdv","T33-T45",16.5,5.5,0.5,11.5,730.53125,0.97,0.32,1.88079360815125,-0.467698799114508,2.34849240726576,"Variable","Variable","Mandarin",4.67
134,"Low","dssv","T315-T45",13.5,3.5,3.5,13.5,778.84375,0.79,0.21,0.80642124701824,-0.80642124701824,1.61284249403648,"Variable","Constant","Mandarin",2.91
134,"Low","dssv","T33-T241",12.5,8.5,4.5,8.5,593.46875,0.74,0.5,0.643345405392917,0,0.643345405392917,"Variable","Constant","Mandarin",1.74
134,"Low","dssv","T33-T45",16.5,3.5,0.5,13.5,592.8125,0.97,0.21,1.88079360815125,-0.80642124701824,2.68721485516949,"Variable","Constant","Mandarin",4.43
134,"Low","ssdv","T315-T45",12.5,4.5,4.5,12.5,865.25,0.74,0.26,0.643345405392917,-0.643345405392917,1.28669081078583,"Constant","Variable","Mandarin",2.49
134,"Low","ssdv","T33-T241",3.5,1.5,13.5,15.5,695.75,0.21,0.09,-0.80642124701824,-1.34075503369022,0.534333786671976,"Constant","Variable","Mandarin",1.23
134,"Low","ssdv","T33-T45",15.5,2.5,1.5,14.5,804.5,0.91,0.15,1.34075503369022,-1.03643338949379,2.37718842318401,"Constant","Variable","Mandarin",3.93
134,"Low","sssv","T315-T45",16.5,2.5,0.5,13.5,638.548387096774,0.97,0.16,1.88079360815125,-0.994457883209753,2.875251491361,"Constant","Constant","Mandarin",4.65
134,"Low","sssv","T33-T241",7.5,1.5,9.5,15.5,736.59375,0.44,0.09,-0.150969215496777,-1.34075503369022,1.18978581819344,"Constant","Constant","Mandarin",2.18
134,"Low","sssv","T33-T45",16.5,2.5,0.5,14.5,696.4375,0.97,0.15,1.88079360815125,-1.03643338949379,2.91722699764504,"Constant","Constant","Mandarin",4.7
135,"Low","dsdv","T315-T45",7.5,4.5,6.5,10.5,836.148148148148,0.54,0.3,0.10043372051147,-0.524400512708041,0.624834233219511,"Variable","Variable","Mandarin",1.55
135,"Low","dsdv","T33-T241",5.5,3.5,8.5,11.5,948.074074074074,0.39,0.23,-0.279319034447454,-0.738846849185214,0.45952781473776,"Variable","Variable","Mandarin",1.23
135,"Low","dsdv","T33-T45",11.5,10.5,2.5,4.5,1111,0.82,0.7,0.915365087842814,0.524400512708041,0.390964575134773,"Variable","Variable","Mandarin",1.47
135,"Low","dssv","T315-T45",12.5,6.5,2.5,10.5,843.3,0.83,0.38,0.954165253146194,-0.305480788099397,1.25964604124559,"Variable","Constant","Mandarin",2.57
135,"Low","dssv","T33-T241",4.5,3.5,11.5,13.5,627.838709677419,0.28,0.21,-0.582841507271216,-0.80642124701824,0.223579739747024,"Variable","Constant","Mandarin",0.8
135,"Low","dssv","T33-T45",15.5,4.5,1.5,10.5,652.566666666667,0.91,0.3,1.34075503369022,-0.524400512708041,1.86515554639826,"Variable","Constant","Mandarin",3.36
135,"Low","ssdv","T315-T45",8.5,5.5,6.5,8.5,836.555555555556,0.57,0.39,0.176374164780861,-0.279319034447454,0.455693199228315,"Constant","Variable","Mandarin",1.34
135,"Low","ssdv","T33-T241",5.5,1.5,11.5,10.5,665.407407407407,0.32,0.12,-0.467698799114508,-1.17498679206609,0.707287992951582,"Constant","Variable","Mandarin",1.52
135,"Low","ssdv","T33-T45",13.5,3.5,2.5,11.5,1003.55172413793,0.84,0.23,0.994457883209753,-0.738846849185214,1.73330473239497,"Constant","Variable","Mandarin",3.1
135,"Low","sssv","T315-T45",14.5,4.5,2.5,12.5,608.5,0.85,0.26,1.03643338949379,-0.643345405392917,1.67977879488671,"Constant","Constant","Mandarin",3.06
135,"Low","sssv","T33-T241",6.5,3.5,9.5,13.5,479.354838709677,0.41,0.21,-0.227544976641149,-0.80642124701824,0.578876270377091,"Constant","Constant","Mandarin",1.41
135,"Low","sssv","T33-T45",15.5,1.5,0.5,15.5,545.741935483871,0.97,0.09,1.88079360815125,-1.34075503369022,3.22154864184147,"Constant","Constant","Mandarin",5.06
136,"High","dsdv","T315-T45",9.5,5.5,7.5,11.5,919.5,0.56,0.32,0.150969215496777,-0.467698799114508,0.618668014611286,"Variable","Variable","Mandarin",1.56
136,"High","dsdv","T33-T241",14.5,3.5,2.5,13.5,765.90625,0.85,0.21,1.03643338949379,-0.80642124701824,1.84285463651203,"Variable","Variable","Mandarin",3.24
136,"High","dsdv","T33-T45",16.5,3.5,0.5,13.5,771.09375,0.97,0.21,1.88079360815125,-0.80642124701824,2.68721485516949,"Variable","Variable","Mandarin",4.43
136,"High","dssv","T315-T45",11.5,9.5,5.5,7.5,947.28125,0.68,0.56,0.467698799114508,0.150969215496777,0.316729583617731,"Variable","Constant","Mandarin",1.25
136,"High","dssv","T33-T241",15.5,5.5,1.5,11.5,828.9375,0.91,0.32,1.34075503369022,-0.467698799114508,1.80845383280472,"Variable","Constant","Mandarin",3.3
136,"High","dssv","T33-T45",16.5,3.5,0.5,13.5,814.0625,0.97,0.21,1.88079360815125,-0.80642124701824,2.68721485516949,"Variable","Constant","Mandarin",4.43
136,"High","ssdv","T315-T45",3.5,3.5,13.5,13.5,1054.53125,0.21,0.21,-0.80642124701824,-0.80642124701824,0,"Constant","Variable","Mandarin",0
136,"High","ssdv","T33-T241",12.5,4.5,4.5,12.5,953.0625,0.74,0.26,0.643345405392917,-0.643345405392917,1.28669081078583,"Constant","Variable","Mandarin",2.49
136,"High","ssdv","T33-T45",15.5,1.5,1.5,15.5,818.90625,0.91,0.09,1.34075503369022,-1.34075503369022,2.68151006738043,"Constant","Variable","Mandarin",4.29
136,"High","sssv","T315-T45",14.5,4.5,2.5,12.5,799.71875,0.85,0.26,1.03643338949379,-0.643345405392917,1.67977879488671,"Constant","Constant","Mandarin",3.06
136,"High","sssv","T33-T241",16.5,2.5,0.5,14.5,572.59375,0.97,0.15,1.88079360815125,-1.03643338949379,2.91722699764504,"Constant","Constant","Mandarin",4.7
136,"High","sssv","T33-T45",16.5,1.5,0.5,15.5,584.75,0.97,0.09,1.88079360815125,-1.34075503369022,3.22154864184147,"Constant","Constant","Mandarin",5.06
137,"Low","dsdv","T315-T45",5.5,5.5,11.5,11.5,1068.5,0.32,0.32,-0.467698799114508,-0.467698799114508,0,"Variable","Variable","Mandarin",0
137,"Low","dsdv","T33-T241",11.5,7.5,4.5,9.5,1037.25806451613,0.72,0.44,0.582841507271216,-0.150969215496777,0.733810722767993,"Variable","Variable","Mandarin",1.84
137,"Low","dsdv","T33-T45",15.5,3.5,1.5,13.5,954.1875,0.91,0.21,1.34075503369022,-0.80642124701824,2.14717628070846,"Variable","Variable","Mandarin",3.67
137,"Low","dssv","T315-T45",2.5,2.5,14.5,14.5,802.59375,0.15,0.15,-1.03643338949379,-1.03643338949379,0,"Variable","Constant","Mandarin",0
137,"Low","dssv","T33-T241",6.5,0.5,10.5,16.5,618.78125,0.38,0.03,-0.305480788099397,-1.88079360815125,1.57531282005185,"Variable","Constant","Mandarin",2.64
137,"Low","dssv","T33-T45",15.5,2.5,1.5,13.5,516.838709677419,0.91,0.16,1.34075503369022,-0.994457883209753,2.33521291689997,"Variable","Constant","Mandarin",3.88
137,"Low","ssdv","T315-T45",4.5,3.5,11.5,13.5,1097.09677419355,0.28,0.21,-0.582841507271216,-0.80642124701824,0.223579739747024,"Constant","Variable","Mandarin",0.8
137,"Low","ssdv","T33-T241",9.5,4.5,6.5,12.5,842.483870967742,0.59,0.26,0.227544976641149,-0.643345405392917,0.870890382034066,"Constant","Variable","Mandarin",1.89
137,"Low","ssdv","T33-T45",16.5,4.5,0.5,12.5,843.84375,0.97,0.26,1.88079360815125,-0.643345405392917,2.52413901354417,"Constant","Variable","Mandarin",4.25
137,"Low","sssv","T315-T45",12.5,1.5,4.5,15.5,1202.4375,0.74,0.09,0.643345405392917,-1.34075503369022,1.98410043908313,"Constant","Constant","Mandarin",3.31
137,"Low","sssv","T33-T241",10.5,0.5,6.5,15.5,1116.38709677419,0.62,0.03,0.305480788099397,-1.88079360815125,2.18627439625065,"Constant","Constant","Mandarin",3.5
137,"Low","sssv","T33-T45",15.5,1.5,0.5,15.5,892.064516129032,0.97,0.09,1.88079360815125,-1.34075503369022,3.22154864184147,"Constant","Constant","Mandarin",5.06
101,"Low","dsdv","T241-T21",8.5,4.5,7.5,12.5,826.935483870968,0.53,0.26,0.0752698620998299,-0.643345405392917,0.718615267492747,"Variable","Variable","Mandarin",1.66
101,"Low","dsdv","T33-T21",6.5,2.5,10.5,14.5,1044.84375,0.38,0.15,-0.305480788099397,-1.03643338949379,0.730952601394392,"Variable","Variable","Mandarin",1.58
101,"Low","dssv","T241-T21",5.5,5.5,10.5,11.5,1069.16129032258,0.34,0.32,-0.412463129441405,-0.467698799114508,0.0552356696731035,"Variable","Constant","Mandarin",0.41
101,"Low","dssv","T33-T21",7.5,4.5,8.5,12.5,1038.41935483871,0.47,0.26,-0.0752698620998299,-0.643345405392917,0.568075543293087,"Variable","Constant","Mandarin",1.43
101,"Low","ssdv","T241-T21",6.5,3.5,10.5,12.5,897.677419354839,0.38,0.22,-0.305480788099397,-0.772193214188685,0.466712426089288,"Constant","Variable","Mandarin",1.24
101,"Low","ssdv","T33-T21",8.5,0.5,8.5,16.5,1240.3125,0.5,0.03,0,-1.88079360815125,1.88079360815125,"Constant","Variable","Mandarin",3.07
101,"Low","sssv","T241-T21",13.5,1.5,3.5,15.5,1085.40625,0.79,0.09,0.80642124701824,-1.34075503369022,2.14717628070846,"Constant","Constant","Mandarin",3.54
101,"Low","sssv","T33-T21",12.5,3.5,4.5,12.5,1215.8064516129,0.74,0.22,0.643345405392917,-0.772193214188685,1.4155386195816,"Constant","Constant","Mandarin",2.64
102,"High","dsdv","T241-T21",13.5,8.5,3.5,8.5,379.1875,0.79,0.5,0.80642124701824,0,0.80642124701824,"Variable","Variable","Mandarin",2.01
102,"High","dsdv","T33-T21",14.5,5.5,2.5,11.5,365.875,0.85,0.32,1.03643338949379,-0.467698799114508,1.5041321886083,"Variable","Variable","Mandarin",2.86
102,"High","dssv","T241-T21",16.5,6.5,0.5,10.5,383,0.97,0.38,1.88079360815125,-0.305480788099397,2.18627439625065,"Variable","Constant","Mandarin",3.9
102,"High","dssv","T33-T21",9.5,4.5,7.5,12.5,500.375,0.56,0.26,0.150969215496777,-0.643345405392917,0.794314620889694,"Variable","Constant","Mandarin",1.78
102,"High","ssdv","T241-T21",12.5,2.5,4.5,14.5,547.96875,0.74,0.15,0.643345405392917,-1.03643338949379,1.67977879488671,"Constant","Variable","Mandarin",2.94
102,"High","ssdv","T33-T21",13.5,4.5,3.5,12.5,526.3125,0.79,0.26,0.80642124701824,-0.643345405392917,1.44976665241116,"Constant","Variable","Mandarin",2.73
102,"High","sssv","T241-T21",15.5,1.5,1.5,15.5,264.28125,0.91,0.09,1.34075503369022,-1.34075503369022,2.68151006738043,"Constant","Constant","Mandarin",4.29
102,"High","sssv","T33-T21",16.5,4.5,0.5,12.5,301.125,0.97,0.26,1.88079360815125,-0.643345405392917,2.52413901354417,"Constant","Constant","Mandarin",4.25
103,"Low","dsdv","T241-T21",7.5,1.5,9.5,15.5,579.53125,0.44,0.09,-0.150969215496777,-1.34075503369022,1.18978581819344,"Variable","Variable","Mandarin",2.18
103,"Low","dsdv","T33-T21",6.5,0.5,10.5,16.5,722.5,0.38,0.03,-0.305480788099397,-1.88079360815125,1.57531282005185,"Variable","Variable","Mandarin",2.64
103,"Low","dssv","T241-T21",14.5,1.5,2.5,15.5,515.78125,0.85,0.09,1.03643338949379,-1.34075503369022,2.37718842318401,"Variable","Constant","Mandarin",3.86
103,"Low","dssv","T33-T21",11.5,0.5,5.5,16.5,517.5,0.68,0.03,0.467698799114508,-1.88079360815125,2.34849240726576,"Variable","Constant","Mandarin",3.73
103,"Low","ssdv","T241-T21",12.5,4.5,3.5,12.5,673.032258064516,0.78,0.26,0.772193214188685,-0.643345405392917,1.4155386195816,"Constant","Variable","Mandarin",2.68
103,"Low","ssdv","T33-T21",12.5,1.5,4.5,15.5,681.09375,0.74,0.09,0.643345405392917,-1.34075503369022,1.98410043908313,"Constant","Variable","Mandarin",3.31
103,"Low","sssv","T241-T21",14.5,2.5,2.5,14.5,522.59375,0.85,0.15,1.03643338949379,-1.03643338949379,2.07286677898758,"Constant","Constant","Mandarin",3.5
103,"Low","sssv","T33-T21",12.5,0.5,4.5,15.5,572.451612903226,0.74,0.03,0.643345405392917,-1.88079360815125,2.52413901354417,"Constant","Constant","Mandarin",3.98
104,"High","dsdv","T241-T21",12.5,6.5,4.5,10.5,625.1875,0.74,0.38,0.643345405392917,-0.305480788099397,0.948826193492314,"Variable","Variable","Mandarin",2.11
104,"High","dsdv","T33-T21",10.5,2.5,6.5,14.5,647.875,0.62,0.15,0.305480788099397,-1.03643338949379,1.34191417759319,"Variable","Variable","Mandarin",2.47
104,"High","dssv","T241-T21",13.5,5.5,3.5,10.5,551.677419354839,0.79,0.34,0.80642124701824,-0.412463129441405,1.21888437645964,"Variable","Constant","Mandarin",2.47
104,"High","dssv","T33-T21",13.5,3.5,3.5,13.5,697.40625,0.79,0.21,0.80642124701824,-0.80642124701824,1.61284249403648,"Variable","Constant","Mandarin",2.91
104,"High","ssdv","T241-T21",13.5,3.5,3.5,13.5,434.75,0.79,0.21,0.80642124701824,-0.80642124701824,1.61284249403648,"Constant","Variable","Mandarin",2.91
104,"High","ssdv","T33-T21",10.5,2.5,6.5,14.5,422.03125,0.62,0.15,0.305480788099397,-1.03643338949379,1.34191417759319,"Constant","Variable","Mandarin",2.47
104,"High","sssv","T241-T21",15.5,1.5,1.5,15.5,571.28125,0.91,0.09,1.34075503369022,-1.34075503369022,2.68151006738043,"Constant","Constant","Mandarin",4.29
104,"High","sssv","T33-T21",16.5,4.5,0.5,12.5,716.5625,0.97,0.26,1.88079360815125,-0.643345405392917,2.52413901354417,"Constant","Constant","Mandarin",4.25
105,"High","dsdv","T241-T21",14.5,2.5,2.5,14.5,681.0625,0.85,0.15,1.03643338949379,-1.03643338949379,2.07286677898758,"Variable","Variable","Mandarin",3.5
105,"High","dsdv","T33-T21",11.5,2.5,5.5,14.5,783.65625,0.68,0.15,0.467698799114508,-1.03643338949379,1.5041321886083,"Variable","Variable","Mandarin",2.7
105,"High","dssv","T241-T21",16.5,6.5,0.5,10.5,747.15625,0.97,0.38,1.88079360815125,-0.305480788099397,2.18627439625065,"Variable","Constant","Mandarin",3.9
105,"High","dssv","T33-T21",13.5,1.5,3.5,15.5,859.46875,0.79,0.09,0.80642124701824,-1.34075503369022,2.14717628070846,"Variable","Constant","Mandarin",3.54
105,"High","ssdv","T241-T21",11.5,1.5,5.5,15.5,704.15625,0.68,0.09,0.467698799114508,-1.34075503369022,1.80845383280472,"Constant","Variable","Mandarin",3.06
105,"High","ssdv","T33-T21",7.5,0.5,9.5,16.5,771.40625,0.44,0.03,-0.150969215496777,-1.88079360815125,1.72982439265447,"Constant","Variable","Mandarin",2.86
105,"High","sssv","T241-T21",14.5,1.5,2.5,15.5,604.0625,0.85,0.09,1.03643338949379,-1.34075503369022,2.37718842318401,"Constant","Constant","Mandarin",3.86
105,"High","sssv","T33-T21",14.5,1.5,2.5,15.5,656.5,0.85,0.09,1.03643338949379,-1.34075503369022,2.37718842318401,"Constant","Constant","Mandarin",3.86
106,"Low","dsdv","T241-T21",12.5,9.5,4.5,7.5,959.03125,0.74,0.56,0.643345405392917,0.150969215496777,0.492376189896139,"Variable","Variable","Mandarin",1.54
106,"Low","dsdv","T33-T21",10.5,6.5,6.5,10.5,1116.625,0.62,0.38,0.305480788099397,-0.305480788099397,0.610961576198795,"Variable","Variable","Mandarin",1.59
106,"Low","dssv","T241-T21",13.5,10.5,3.5,6.5,1093.8125,0.79,0.62,0.80642124701824,0.305480788099397,0.500940458918843,"Variable","Constant","Mandarin",1.6
106,"Low","dssv","T33-T21",7.5,9.5,9.5,7.5,1066.90625,0.44,0.56,-0.150969215496777,0.150969215496777,-0.301938430993555,"Variable","Constant","Mandarin",1.09
106,"Low","ssdv","T241-T21",12.5,5.5,4.5,11.5,921.03125,0.74,0.32,0.643345405392917,-0.467698799114508,1.11104420450742,"Constant","Variable","Mandarin",2.3
106,"Low","ssdv","T33-T21",12.5,5.5,4.5,11.5,911.5,0.74,0.32,0.643345405392917,-0.467698799114508,1.11104420450742,"Constant","Variable","Mandarin",2.3
106,"Low","sssv","T241-T21",10.5,5.5,6.5,11.5,911.625,0.62,0.32,0.305480788099397,-0.467698799114508,0.773179587213906,"Constant","Constant","Mandarin",1.79
106,"Low","sssv","T33-T21",9.5,6.5,7.5,10.5,1033.53125,0.56,0.38,0.150969215496777,-0.305480788099397,0.456450003596175,"Constant","Constant","Mandarin",1.33
107,"High","dsdv","T241-T21",9.5,2.5,7.5,14.5,1025.375,0.56,0.15,0.150969215496777,-1.03643338949379,1.18740260499057,"Variable","Variable","Mandarin",2.24
107,"High","dsdv","T33-T21",2.5,0.5,14.5,16.5,1036.9375,0.15,0.03,-1.03643338949379,-1.88079360815125,0.844360218657461,"Variable","Variable","Mandarin",1.6
107,"High","dssv","T241-T21",11.5,1.5,5.5,15.5,966.15625,0.68,0.09,0.467698799114508,-1.34075503369022,1.80845383280472,"Variable","Constant","Mandarin",3.06
107,"High","dssv","T33-T21",6.5,1.5,10.5,15.5,1016.15625,0.38,0.09,-0.305480788099397,-1.34075503369022,1.03527424559082,"Variable","Constant","Mandarin",1.96
107,"High","ssdv","T241-T21",10.5,0.5,6.5,16.5,1032.96875,0.62,0.03,0.305480788099397,-1.88079360815125,2.18627439625065,"Constant","Variable","Mandarin",3.5
107,"High","ssdv","T33-T21",4.5,0.5,12.5,16.5,992.4375,0.26,0.03,-0.643345405392917,-1.88079360815125,1.23744820275833,"Constant","Variable","Mandarin",2.16
107,"High","sssv","T241-T21",13.5,2.5,3.5,14.5,932.1875,0.79,0.15,0.80642124701824,-1.03643338949379,1.84285463651203,"Constant","Constant","Mandarin",3.18
107,"High","sssv","T33-T21",10.5,0.5,6.5,16.5,908.46875,0.62,0.03,0.305480788099397,-1.88079360815125,2.18627439625065,"Constant","Constant","Mandarin",3.5
108,"High","dsdv","T241-T21",16.5,4.5,0.5,12.5,325.71875,0.97,0.26,1.88079360815125,-0.643345405392917,2.52413901354417,"Variable","Variable","Mandarin",4.25
108,"High","dsdv","T33-T21",16.5,0.5,0.5,16.5,319,0.97,0.03,1.88079360815125,-1.88079360815125,3.7615872163025,"Variable","Variable","Mandarin",5.73
108,"High","dssv","T241-T21",16.5,4.5,0.5,12.5,314.84375,0.97,0.26,1.88079360815125,-0.643345405392917,2.52413901354417,"Variable","Constant","Mandarin",4.25
108,"High","dssv","T33-T21",16.5,0.5,0.5,16.5,396.5625,0.97,0.03,1.88079360815125,-1.88079360815125,3.7615872163025,"Variable","Constant","Mandarin",5.73
108,"High","ssdv","T241-T21",15.5,4.5,1.5,12.5,291.53125,0.91,0.26,1.34075503369022,-0.643345405392917,1.98410043908313,"Constant","Variable","Mandarin",3.49
108,"High","ssdv","T33-T21",15.5,0.5,1.5,16.5,300.9375,0.91,0.03,1.34075503369022,-1.88079360815125,3.22154864184147,"Constant","Variable","Mandarin",4.97
108,"High","sssv","T241-T21",16.5,2.5,0.5,14.5,234.375,0.97,0.15,1.88079360815125,-1.03643338949379,2.91722699764504,"Constant","Constant","Mandarin",4.7
108,"High","sssv","T33-T21",16.5,0.5,0.5,16.5,275.8125,0.97,0.03,1.88079360815125,-1.88079360815125,3.7615872163025,"Constant","Constant","Mandarin",5.73
109,"Low","dsdv","T241-T21",3.5,2.5,13.5,14.5,512.40625,0.21,0.15,-0.80642124701824,-1.03643338949379,0.230012142475549,"Variable","Variable","Mandarin",0.78
109,"Low","dsdv","T33-T21",15.5,3.5,1.5,13.5,723.46875,0.91,0.21,1.34075503369022,-0.80642124701824,2.14717628070846,"Variable","Variable","Mandarin",3.67
109,"Low","dssv","T241-T21",5.5,0.5,11.5,16.5,648.5625,0.32,0.03,-0.467698799114508,-1.88079360815125,1.41309480903674,"Variable","Constant","Mandarin",2.41
109,"Low","dssv","T33-T21",14.5,1.5,2.5,15.5,727.25,0.85,0.09,1.03643338949379,-1.34075503369022,2.37718842318401,"Variable","Constant","Mandarin",3.86
109,"Low","ssdv","T241-T21",9.5,0.5,7.5,16.5,834.96875,0.56,0.03,0.150969215496777,-1.88079360815125,2.03176282364803,"Constant","Variable","Mandarin",3.28
109,"Low","ssdv","T33-T21",14.5,1.5,2.5,15.5,715.75,0.85,0.09,1.03643338949379,-1.34075503369022,2.37718842318401,"Constant","Variable","Mandarin",3.86
109,"Low","sssv","T241-T21",10.5,0.5,6.5,16.5,596.6875,0.62,0.03,0.305480788099397,-1.88079360815125,2.18627439625065,"Constant","Constant","Mandarin",3.5
109,"Low","sssv","T33-T21",16.5,0.5,0.5,16.5,515.71875,0.97,0.03,1.88079360815125,-1.88079360815125,3.7615872163025,"Constant","Constant","Mandarin",5.73
110,"High","dsdv","T241-T21",14.5,7.5,2.5,9.5,988.6875,0.85,0.44,1.03643338949379,-0.150969215496777,1.18740260499057,"Variable","Variable","Mandarin",2.53
110,"High","dsdv","T33-T21",15.5,4.5,1.5,12.5,985.5625,0.91,0.26,1.34075503369022,-0.643345405392917,1.98410043908313,"Variable","Variable","Mandarin",3.49
110,"High","dssv","T241-T21",12.5,4.5,4.5,12.5,1214.625,0.74,0.26,0.643345405392917,-0.643345405392917,1.28669081078583,"Variable","Constant","Mandarin",2.49
110,"High","dssv","T33-T21",15.5,3.5,1.5,13.5,1077.09375,0.91,0.21,1.34075503369022,-0.80642124701824,2.14717628070846,"Variable","Constant","Mandarin",3.67
110,"High","ssdv","T241-T21",11.5,3.5,5.5,13.5,853.1875,0.68,0.21,0.467698799114508,-0.80642124701824,1.27412004613275,"Constant","Variable","Mandarin",2.43
110,"High","ssdv","T33-T21",15.5,1.5,1.5,15.5,879.03125,0.91,0.09,1.34075503369022,-1.34075503369022,2.68151006738043,"Constant","Variable","Mandarin",4.29
110,"High","sssv","T241-T21",15.5,2.5,1.5,14.5,769.71875,0.91,0.15,1.34075503369022,-1.03643338949379,2.37718842318401,"Constant","Constant","Mandarin",3.93
110,"High","sssv","T33-T21",15.5,1.5,1.5,15.5,813.96875,0.91,0.09,1.34075503369022,-1.34075503369022,2.68151006738043,"Constant","Constant","Mandarin",4.29
112,"Low","dsdv","T241-T21",10.5,3.5,6.5,13.5,989.03125,0.62,0.21,0.305480788099397,-0.80642124701824,1.11190203511764,"Variable","Variable","Mandarin",2.2
112,"Low","dsdv","T33-T21",12.5,6.5,3.5,10.5,1413.70967741935,0.78,0.38,0.772193214188685,-0.305480788099397,1.07767400228808,"Variable","Variable","Mandarin",2.3
112,"Low","dssv","T241-T21",14.5,1.5,2.5,15.5,729.875,0.85,0.09,1.03643338949379,-1.34075503369022,2.37718842318401,"Variable","Constant","Mandarin",3.86
112,"Low","dssv","T33-T21",12.5,0.5,4.5,16.5,627.0625,0.74,0.03,0.643345405392917,-1.88079360815125,2.52413901354417,"Variable","Constant","Mandarin",3.98
112,"Low","ssdv","T241-T21",8.5,2.5,8.5,14.5,788.84375,0.5,0.15,0,-1.03643338949379,1.03643338949379,"Constant","Variable","Mandarin",2.03
112,"Low","ssdv","T33-T21",7.5,1.5,9.5,15.5,780.40625,0.44,0.09,-0.150969215496777,-1.34075503369022,1.18978581819344,"Constant","Variable","Mandarin",2.18
112,"Low","sssv","T241-T21",13.5,0.5,3.5,16.5,450.5,0.79,0.03,0.80642124701824,-1.88079360815125,2.68721485516949,"Constant","Constant","Mandarin",4.21
112,"Low","sssv","T33-T21",9.5,1.5,7.5,15.5,501.9375,0.56,0.09,0.150969215496777,-1.34075503369022,1.49172424918699,"Constant","Constant","Mandarin",2.61
113,"Low","dsdv","T241-T21",16.5,1.5,0.5,15.5,997.25,0.97,0.09,1.88079360815125,-1.34075503369022,3.22154864184147,"Variable","Variable","Mandarin",5.06
113,"Low","dsdv","T33-T21",16.5,0.5,0.5,16.5,1153.53125,0.97,0.03,1.88079360815125,-1.88079360815125,3.7615872163025,"Variable","Variable","Mandarin",5.73
113,"Low","dssv","T241-T21",16.5,3.5,0.5,13.5,993.15625,0.97,0.21,1.88079360815125,-0.80642124701824,2.68721485516949,"Variable","Constant","Mandarin",4.43
113,"Low","dssv","T33-T21",15.5,1.5,1.5,15.5,1046.03125,0.91,0.09,1.34075503369022,-1.34075503369022,2.68151006738043,"Variable","Constant","Mandarin",4.29
113,"Low","ssdv","T241-T21",16.5,0.5,0.5,16.5,960.9375,0.97,0.03,1.88079360815125,-1.88079360815125,3.7615872163025,"Constant","Variable","Mandarin",5.73
113,"Low","ssdv","T33-T21",16.5,0.5,0.5,16.5,1036.875,0.97,0.03,1.88079360815125,-1.88079360815125,3.7615872163025,"Constant","Variable","Mandarin",5.73
113,"Low","sssv","T241-T21",16.5,0.5,0.5,16.5,814.21875,0.97,0.03,1.88079360815125,-1.88079360815125,3.7615872163025,"Constant","Constant","Mandarin",5.73
113,"Low","sssv","T33-T21",16.5,0.5,0.5,16.5,818.1875,0.97,0.03,1.88079360815125,-1.88079360815125,3.7615872163025,"Constant","Constant","Mandarin",5.73
114,"High","dsdv","T241-T21",14.5,2.5,2.5,14.5,752.625,0.85,0.15,1.03643338949379,-1.03643338949379,2.07286677898758,"Variable","Variable","Mandarin",3.5
114,"High","dsdv","T33-T21",13.5,0.5,3.5,16.5,725.03125,0.79,0.03,0.80642124701824,-1.88079360815125,2.68721485516949,"Variable","Variable","Mandarin",4.21
114,"High","dssv","T241-T21",13.5,8.5,3.5,8.5,678,0.79,0.5,0.80642124701824,0,0.80642124701824,"Variable","Constant","Mandarin",2.01
114,"High","dssv","T33-T21",15.5,3.5,1.5,13.5,651.59375,0.91,0.21,1.34075503369022,-0.80642124701824,2.14717628070846,"Variable","Constant","Mandarin",3.67
114,"High","ssdv","T241-T21",13.5,2.5,3.5,13.5,647.935483870968,0.79,0.16,0.80642124701824,-0.994457883209753,1.80087913022799,"Constant","Variable","Mandarin",3.13
114,"High","ssdv","T33-T21",15.5,1.5,1.5,15.5,591.3125,0.91,0.09,1.34075503369022,-1.34075503369022,2.68151006738043,"Constant","Variable","Mandarin",4.29
114,"High","sssv","T241-T21",14.5,1.5,2.5,15.5,560.84375,0.85,0.09,1.03643338949379,-1.34075503369022,2.37718842318401,"Constant","Constant","Mandarin",3.86
114,"High","sssv","T33-T21",15.5,0.5,1.5,16.5,658.78125,0.91,0.03,1.34075503369022,-1.88079360815125,3.22154864184147,"Constant","Constant","Mandarin",4.97
115,"Low","dsdv","T241-T21",10.5,5.5,6.5,11.5,1375,0.62,0.32,0.305480788099397,-0.467698799114508,0.773179587213906,"Variable","Variable","Mandarin",1.79
115,"Low","dsdv","T33-T21",12.5,1.5,4.5,15.5,1162.125,0.74,0.09,0.643345405392917,-1.34075503369022,1.98410043908313,"Variable","Variable","Mandarin",3.31
115,"Low","dssv","T241-T21",14.5,5.5,2.5,11.5,835.875,0.85,0.32,1.03643338949379,-0.467698799114508,1.5041321886083,"Variable","Constant","Mandarin",2.86
115,"Low","dssv","T33-T21",10.5,1.5,6.5,15.5,719.59375,0.62,0.09,0.305480788099397,-1.34075503369022,1.64623582178961,"Variable","Constant","Mandarin",2.83
115,"Low","ssdv","T241-T21",12.5,3.5,4.5,13.5,525.46875,0.74,0.21,0.643345405392917,-0.80642124701824,1.44976665241116,"Constant","Variable","Mandarin",2.68
115,"Low","ssdv","T33-T21",9.5,1.5,7.5,15.5,667.25,0.56,0.09,0.150969215496777,-1.34075503369022,1.49172424918699,"Constant","Variable","Mandarin",2.61
115,"Low","sssv","T241-T21",14.5,2.5,2.5,14.5,562.1875,0.85,0.15,1.03643338949379,-1.03643338949379,2.07286677898758,"Constant","Constant","Mandarin",3.5
115,"Low","sssv","T33-T21",14.5,0.5,2.5,16.5,685.0625,0.85,0.03,1.03643338949379,-1.88079360815125,2.91722699764504,"Constant","Constant","Mandarin",4.53
117,"High","dsdv","T241-T21",7.5,3.5,9.5,13.5,1371.84375,0.44,0.21,-0.150969215496777,-0.80642124701824,0.655452031521463,"Variable","Variable","Mandarin",1.52
117,"High","dsdv","T33-T21",10.5,0.5,6.5,16.5,1269.9375,0.62,0.03,0.305480788099397,-1.88079360815125,2.18627439625065,"Variable","Variable","Mandarin",3.5
117,"High","dssv","T241-T21",14.5,3.5,2.5,11.5,819.166666666667,0.85,0.23,1.03643338949379,-0.738846849185214,1.775280238679,"Variable","Constant","Mandarin",3.16
117,"High","dssv","T33-T21",12.5,2.5,4.5,14.5,887.78125,0.74,0.15,0.643345405392917,-1.03643338949379,1.67977879488671,"Variable","Constant","Mandarin",2.94
117,"High","ssdv","T241-T21",8.5,6.5,7.5,10.5,1035.38709677419,0.53,0.38,0.0752698620998299,-0.305480788099397,0.380750650199227,"Constant","Variable","Mandarin",1.2
117,"High","ssdv","T33-T21",8.5,3.5,8.5,13.5,1357.8125,0.5,0.21,0,-0.80642124701824,0.80642124701824,"Constant","Variable","Mandarin",1.75
117,"High","sssv","T241-T21",10.5,1.5,6.5,15.5,732.59375,0.62,0.09,0.305480788099397,-1.34075503369022,1.64623582178961,"Constant","Constant","Mandarin",2.83
117,"High","sssv","T33-T21",15.5,0.5,1.5,16.5,870.1875,0.91,0.03,1.34075503369022,-1.88079360815125,3.22154864184147,"Constant","Constant","Mandarin",4.97
118,"High","dsdv","T241-T21",16.5,5.5,0.5,11.5,339.875,0.97,0.32,1.88079360815125,-0.467698799114508,2.34849240726576,"Variable","Variable","Mandarin",4.67
118,"High","dsdv","T33-T21",16.5,2.5,0.5,14.5,309.65625,0.97,0.15,1.88079360815125,-1.03643338949379,2.91722699764504,"Variable","Variable","Mandarin",4.7
118,"High","dssv","T241-T21",15.5,7.5,1.5,9.5,279.03125,0.91,0.44,1.34075503369022,-0.150969215496777,1.49172424918699,"Variable","Constant","Mandarin",2.97
118,"High","dssv","T33-T21",15.5,4.5,1.5,12.5,241.09375,0.91,0.26,1.34075503369022,-0.643345405392917,1.98410043908313,"Variable","Constant","Mandarin",3.49
118,"High","ssdv","T241-T21",12.5,1.5,4.5,15.5,363.5625,0.74,0.09,0.643345405392917,-1.34075503369022,1.98410043908313,"Constant","Variable","Mandarin",3.31
118,"High","ssdv","T33-T21",11.5,2.5,5.5,14.5,366.03125,0.68,0.15,0.467698799114508,-1.03643338949379,1.5041321886083,"Constant","Variable","Mandarin",2.7
118,"High","sssv","T241-T21",15.5,3.5,1.5,13.5,237.28125,0.91,0.21,1.34075503369022,-0.80642124701824,2.14717628070846,"Constant","Constant","Mandarin",3.67
118,"High","sssv","T33-T21",14.5,3.5,2.5,13.5,289.59375,0.85,0.21,1.03643338949379,-0.80642124701824,1.84285463651203,"Constant","Constant","Mandarin",3.24
119,"Low","dsdv","T241-T21",15.5,6.5,1.5,10.5,863.28125,0.91,0.38,1.34075503369022,-0.305480788099397,1.64623582178961,"Variable","Variable","Mandarin",3.13
119,"Low","dsdv","T33-T21",13.5,2.5,3.5,14.5,966.1875,0.79,0.15,0.80642124701824,-1.03643338949379,1.84285463651203,"Variable","Variable","Mandarin",3.18
119,"Low","dssv","T241-T21",16.5,1.5,0.5,14.5,485.322580645161,0.97,0.09,1.88079360815125,-1.34075503369022,3.22154864184147,"Variable","Constant","Mandarin",5.06
119,"Low","dssv","T33-T21",15.5,2.5,1.5,14.5,608.3125,0.91,0.15,1.34075503369022,-1.03643338949379,2.37718842318401,"Variable","Constant","Mandarin",3.93
119,"Low","ssdv","T241-T21",15.5,2.5,1.5,14.5,619.25,0.91,0.15,1.34075503369022,-1.03643338949379,2.37718842318401,"Constant","Variable","Mandarin",3.93
119,"Low","ssdv","T33-T21",13.5,3.5,2.5,13.5,769.193548387097,0.84,0.21,0.994457883209753,-0.80642124701824,1.80087913022799,"Constant","Variable","Mandarin",3.18
119,"Low","sssv","T241-T21",16.5,0.5,0.5,16.5,508.0625,0.97,0.03,1.88079360815125,-1.88079360815125,3.7615872163025,"Constant","Constant","Mandarin",5.73
119,"Low","sssv","T33-T21",16.5,0.5,0.5,16.5,575.21875,0.97,0.03,1.88079360815125,-1.88079360815125,3.7615872163025,"Constant","Constant","Mandarin",5.73
121,"High","dsdv","T241-T21",13.5,1.5,3.5,15.5,458.5,0.79,0.09,0.80642124701824,-1.34075503369022,2.14717628070846,"Variable","Variable","Mandarin",3.54
121,"High","dsdv","T33-T21",13.5,2.5,3.5,14.5,405.40625,0.79,0.15,0.80642124701824,-1.03643338949379,1.84285463651203,"Variable","Variable","Mandarin",3.18
121,"High","dssv","T241-T21",13.5,4.5,3.5,12.5,545.09375,0.79,0.26,0.80642124701824,-0.643345405392917,1.44976665241116,"Variable","Constant","Mandarin",2.73
121,"High","dssv","T33-T21",15.5,1.5,1.5,15.5,456.71875,0.91,0.09,1.34075503369022,-1.34075503369022,2.68151006738043,"Variable","Constant","Mandarin",4.29
121,"High","ssdv","T241-T21",10.5,2.5,6.5,14.5,437.96875,0.62,0.15,0.305480788099397,-1.03643338949379,1.34191417759319,"Constant","Variable","Mandarin",2.47
121,"High","ssdv","T33-T21",10.5,1.5,6.5,15.5,342.25,0.62,0.09,0.305480788099397,-1.34075503369022,1.64623582178961,"Constant","Variable","Mandarin",2.83
121,"High","sssv","T241-T21",16.5,0.5,0.5,16.5,313,0.97,0.03,1.88079360815125,-1.88079360815125,3.7615872163025,"Constant","Constant","Mandarin",5.73
121,"High","sssv","T33-T21",15.5,1.5,1.5,15.5,233.6875,0.91,0.09,1.34075503369022,-1.34075503369022,2.68151006738043,"Constant","Constant","Mandarin",4.29
122,"Low","dsdv","T241-T21",9.5,4.5,6.5,12.5,1304.32258064516,0.59,0.26,0.227544976641149,-0.643345405392917,0.870890382034066,"Variable","Variable","Mandarin",1.89
122,"Low","dsdv","T33-T21",14.5,0.5,2.5,16.5,1353.84375,0.85,0.03,1.03643338949379,-1.88079360815125,2.91722699764504,"Variable","Variable","Mandarin",4.53
122,"Low","dssv","T241-T21",12.5,4.5,4.5,12.5,948.96875,0.74,0.26,0.643345405392917,-0.643345405392917,1.28669081078583,"Variable","Constant","Mandarin",2.49
122,"Low","dssv","T33-T21",15.5,3.5,1.5,13.5,811.3125,0.91,0.21,1.34075503369022,-0.80642124701824,2.14717628070846,"Variable","Constant","Mandarin",3.67
122,"Low","ssdv","T241-T21",10.5,5.5,6.5,11.5,1167.96875,0.62,0.32,0.305480788099397,-0.467698799114508,0.773179587213906,"Constant","Variable","Mandarin",1.79
122,"Low","ssdv","T33-T21",13.5,4.5,2.5,12.5,1149.54838709677,0.84,0.26,0.994457883209753,-0.643345405392917,1.63780328860267,"Constant","Variable","Mandarin",2
122,"Low","sssv","T241-T21",14.5,2.5,1.5,14.5,1210.48387096774,0.91,0.15,1.34075503369022,-1.03643338949379,2.37718842318401,"Constant","Constant","Mandarin",3.93
122,"Low","sssv","T33-T21",15.5,1.5,1.5,15.5,937.125,0.91,0.09,1.34075503369022,-1.34075503369022,2.68151006738043,"Constant","Constant","Mandarin",4.29
123,"High","dsdv","T241-T21",14.5,3.5,2.5,13.5,745.46875,0.85,0.21,1.03643338949379,-0.80642124701824,1.84285463651203,"Variable","Variable","Mandarin",3.24
123,"High","dsdv","T33-T21",16.5,6.5,0.5,10.5,644.15625,0.97,0.38,1.88079360815125,-0.305480788099397,2.18627439625065,"Variable","Variable","Mandarin",3.9
123,"High","dssv","T241-T21",11.5,5.5,5.5,11.5,630.9375,0.68,0.32,0.467698799114508,-0.467698799114508,0.935397598229016,"Variable","Constant","Mandarin",2.04
123,"High","dssv","T33-T21",15.5,1.5,1.5,15.5,695.34375,0.91,0.09,1.34075503369022,-1.34075503369022,2.68151006738043,"Variable","Constant","Mandarin",4.29
123,"High","ssdv","T241-T21",15.5,8.5,1.5,8.5,489.65625,0.91,0.5,1.34075503369022,0,1.34075503369022,"Constant","Variable","Mandarin",2.82
123,"High","ssdv","T33-T21",15.5,5.5,1.5,11.5,557.15625,0.91,0.32,1.34075503369022,-0.467698799114508,1.80845383280472,"Constant","Variable","Mandarin",3.3
123,"High","sssv","T241-T21",14.5,6.5,2.5,10.5,460.4375,0.85,0.38,1.03643338949379,-0.305480788099397,1.34191417759319,"Constant","Constant","Mandarin",2.69
123,"High","sssv","T33-T21",13.5,3.5,3.5,13.5,495.96875,0.79,0.21,0.80642124701824,-0.80642124701824,1.61284249403648,"Constant","Constant","Mandarin",2.91
125,"Low","dsdv","T241-T21",13.5,1.5,2.5,15.5,804.322580645161,0.84,0.09,0.994457883209753,-1.34075503369022,2.33521291689997,"Variable","Variable","Mandarin",3.8
125,"Low","dsdv","T33-T21",9.5,4.5,7.5,12.5,1009.5625,0.56,0.26,0.150969215496777,-0.643345405392917,0.794314620889694,"Variable","Variable","Mandarin",1.78
125,"Low","dssv","T241-T21",14.5,3.5,2.5,13.5,889.3125,0.85,0.21,1.03643338949379,-0.80642124701824,1.84285463651203,"Variable","Constant","Mandarin",3.24
125,"Low","dssv","T33-T21",12.5,0.5,4.5,16.5,1025,0.74,0.03,0.643345405392917,-1.88079360815125,2.52413901354417,"Variable","Constant","Mandarin",3.98
125,"Low","ssdv","T241-T21",13.5,2.5,3.5,14.5,1071.46875,0.79,0.15,0.80642124701824,-1.03643338949379,1.84285463651203,"Constant","Variable","Mandarin",3.18
125,"Low","ssdv","T33-T21",7.5,5.5,9.5,11.5,1171.375,0.44,0.32,-0.150969215496777,-0.467698799114508,0.316729583617731,"Constant","Variable","Mandarin",1.04
125,"Low","sssv","T241-T21",12.5,0.5,4.5,16.5,881.96875,0.74,0.03,0.643345405392917,-1.88079360815125,2.52413901354417,"Constant","Constant","Mandarin",3.98
125,"Low","sssv","T33-T21",12.5,0.5,4.5,16.5,905.21875,0.74,0.03,0.643345405392917,-1.88079360815125,2.52413901354417,"Constant","Constant","Mandarin",3.98
126,"Low","dsdv","T241-T21",14.5,13.5,2.5,3.5,363.09375,0.85,0.79,1.03643338949379,0.80642124701824,0.230012142475549,"Variable","Variable","Mandarin",1.17
126,"Low","dsdv","T33-T21",13.5,5.5,3.5,11.5,408.5625,0.79,0.32,0.80642124701824,-0.467698799114508,1.27412004613275,"Variable","Variable","Mandarin",2.53
126,"Low","dssv","T241-T21",12.5,8.5,4.5,8.5,537.875,0.74,0.5,0.643345405392917,0,0.643345405392917,"Variable","Constant","Mandarin",1.74
126,"Low","dssv","T33-T21",12.5,4.5,4.5,12.5,501.3125,0.74,0.26,0.643345405392917,-0.643345405392917,1.28669081078583,"Variable","Constant","Mandarin",2.49
126,"Low","ssdv","T241-T21",12.5,8.5,4.5,8.5,722.4375,0.74,0.5,0.643345405392917,0,0.643345405392917,"Constant","Variable","Mandarin",1.74
126,"Low","ssdv","T33-T21",13.5,6.5,3.5,10.5,654.9375,0.79,0.38,0.80642124701824,-0.305480788099397,1.11190203511764,"Constant","Variable","Mandarin",2.36
126,"Low","sssv","T241-T21",16.5,7.5,0.5,9.5,383.375,0.97,0.44,1.88079360815125,-0.150969215496777,2.03176282364803,"Constant","Constant","Mandarin",3.75
126,"Low","sssv","T33-T21",14.5,5.5,2.5,11.5,368.84375,0.85,0.32,1.03643338949379,-0.467698799114508,1.5041321886083,"Constant","Constant","Mandarin",2.86
127,"High","dsdv","T241-T21",13.5,4.5,2.5,12.5,972.677419354839,0.84,0.26,0.994457883209753,-0.643345405392917,1.63780328860267,"Variable","Variable","Mandarin",2
127,"High","dsdv","T33-T21",15.5,2.5,1.5,14.5,1029.1875,0.91,0.15,1.34075503369022,-1.03643338949379,2.37718842318401,"Variable","Variable","Mandarin",3.93
127,"High","dssv","T241-T21",16.5,5.5,0.5,11.5,850.78125,0.97,0.32,1.88079360815125,-0.467698799114508,2.34849240726576,"Variable","Constant","Mandarin",4.67
127,"High","dssv","T33-T21",16.5,7.5,0.5,9.5,945.84375,0.97,0.44,1.88079360815125,-0.150969215496777,2.03176282364803,"Variable","Constant","Mandarin",3.75
127,"High","ssdv","T241-T21",15.5,1.5,1.5,15.5,765.09375,0.91,0.09,1.34075503369022,-1.34075503369022,2.68151006738043,"Constant","Variable","Mandarin",4.29
127,"High","ssdv","T33-T21",15.5,0.5,1.5,16.5,839.6875,0.91,0.03,1.34075503369022,-1.88079360815125,3.22154864184147,"Constant","Variable","Mandarin",4.97
127,"High","sssv","T241-T21",15.5,3.5,1.5,13.5,647.28125,0.91,0.21,1.34075503369022,-0.80642124701824,2.14717628070846,"Constant","Constant","Mandarin",3.67
127,"High","sssv","T33-T21",16.5,2.5,0.5,14.5,634.0625,0.97,0.15,1.88079360815125,-1.03643338949379,2.91722699764504,"Constant","Constant","Mandarin",4.7
128,"High","dsdv","T241-T21",11.5,10.5,5.5,6.5,919,0.68,0.62,0.467698799114508,0.305480788099397,0.162218011015111,"Variable","Variable","Mandarin",0.86
128,"High","dsdv","T33-T21",10.5,4.5,6.5,12.5,739.25,0.62,0.26,0.305480788099397,-0.643345405392917,0.948826193492314,"Variable","Variable","Mandarin",2
128,"High","dssv","T241-T21",10.5,2.5,6.5,14.5,645.59375,0.62,0.15,0.305480788099397,-1.03643338949379,1.34191417759319,"Variable","Constant","Mandarin",2.47
128,"High","dssv","T33-T21",7.5,2.5,9.5,14.5,635.84375,0.44,0.15,-0.150969215496777,-1.03643338949379,0.885464173997012,"Variable","Constant","Mandarin",1.81
128,"High","ssdv","T241-T21",11.5,4.5,5.5,12.5,787.9375,0.68,0.26,0.467698799114508,-0.643345405392917,1.11104420450743,"Constant","Variable","Mandarin",2.24
128,"High","ssdv","T33-T21",9.5,4.5,7.5,12.5,898.5625,0.56,0.26,0.150969215496777,-0.643345405392917,0.794314620889694,"Constant","Variable","Mandarin",1.78
128,"High","sssv","T241-T21",15.5,0.5,1.5,16.5,680.625,0.91,0.03,1.34075503369022,-1.88079360815125,3.22154864184147,"Constant","Constant","Mandarin",4.97
128,"High","sssv","T33-T21",11.5,1.5,5.5,15.5,701.96875,0.68,0.09,0.467698799114508,-1.34075503369022,1.80845383280472,"Constant","Constant","Mandarin",3.06
130,"Low","dsdv","T241-T21",12.5,4.5,4.5,12.5,635.5,0.74,0.26,0.643345405392917,-0.643345405392917,1.28669081078583,"Variable","Variable","Mandarin",2.49
130,"Low","dsdv","T33-T21",12.5,2.5,4.5,14.5,532.46875,0.74,0.15,0.643345405392917,-1.03643338949379,1.67977879488671,"Variable","Variable","Mandarin",2.94
130,"Low","dssv","T241-T21",13.5,2.5,3.5,14.5,456.21875,0.79,0.15,0.80642124701824,-1.03643338949379,1.84285463651203,"Variable","Constant","Mandarin",3.18
130,"Low","dssv","T33-T21",13.5,3.5,3.5,12.5,480.645161290323,0.79,0.22,0.80642124701824,-0.772193214188685,1.57861446120693,"Variable","Constant","Mandarin",2.87
130,"Low","ssdv","T241-T21",14.5,3.5,2.5,13.5,540.4375,0.85,0.21,1.03643338949379,-0.80642124701824,1.84285463651203,"Constant","Variable","Mandarin",3.24
130,"Low","ssdv","T33-T21",13.5,4.5,3.5,12.5,472.5625,0.79,0.26,0.80642124701824,-0.643345405392917,1.44976665241116,"Constant","Variable","Mandarin",2.73
130,"Low","sssv","T241-T21",13.5,3.5,3.5,13.5,526.1875,0.79,0.21,0.80642124701824,-0.80642124701824,1.61284249403648,"Constant","Constant","Mandarin",2.91
130,"Low","sssv","T33-T21",11.5,1.5,5.5,15.5,558.71875,0.68,0.09,0.467698799114508,-1.34075503369022,1.80845383280472,"Constant","Constant","Mandarin",3.06
131,"High","dsdv","T241-T21",7.5,5.5,9.5,11.5,423.0625,0.44,0.32,-0.150969215496777,-0.467698799114508,0.316729583617731,"Variable","Variable","Mandarin",1.04
131,"High","dsdv","T33-T21",5.5,6.5,11.5,10.5,643.3125,0.32,0.38,-0.467698799114508,-0.305480788099397,-0.162218011015111,"Variable","Variable","Mandarin",0.72
131,"High","dssv","T241-T21",10.5,6.5,6.5,10.5,620.4375,0.62,0.38,0.305480788099397,-0.305480788099397,0.610961576198795,"Variable","Constant","Mandarin",1.59
131,"High","dssv","T33-T21",3.5,2.5,13.5,14.5,662.0625,0.21,0.15,-0.80642124701824,-1.03643338949379,0.230012142475549,"Variable","Constant","Mandarin",0.78
131,"High","ssdv","T241-T21",6.5,5.5,10.5,10.5,722.322580645161,0.38,0.34,-0.305480788099397,-0.412463129441405,0.106982341342007,"Constant","Variable","Mandarin",0.58
131,"High","ssdv","T33-T21",7.5,3.5,9.5,13.5,574.28125,0.44,0.21,-0.150969215496777,-0.80642124701824,0.655452031521463,"Constant","Variable","Mandarin",1.52
131,"High","sssv","T241-T21",11.5,4.5,5.5,12.5,695.40625,0.68,0.26,0.467698799114508,-0.643345405392917,1.11104420450743,"Constant","Constant","Mandarin",2.24
131,"High","sssv","T33-T21",7.5,2.5,9.5,14.5,542.09375,0.44,0.15,-0.150969215496777,-1.03643338949379,0.885464173997012,"Constant","Constant","Mandarin",1.81
132,"High","dsdv","T241-T21",10.5,1.5,6.5,15.5,356.78125,0.62,0.09,0.305480788099397,-1.34075503369022,1.64623582178961,"Variable","Variable","Mandarin",2.83
132,"High","dsdv","T33-T21",13.5,1.5,3.5,15.5,329.375,0.79,0.09,0.80642124701824,-1.34075503369022,2.14717628070846,"Variable","Variable","Mandarin",3.54
132,"High","dssv","T241-T21",13.5,6.5,3.5,10.5,459.3125,0.79,0.38,0.80642124701824,-0.305480788099397,1.11190203511764,"Variable","Constant","Mandarin",2.36
132,"High","dssv","T33-T21",16.5,2.5,0.5,14.5,420.65625,0.97,0.15,1.88079360815125,-1.03643338949379,2.91722699764504,"Variable","Constant","Mandarin",4.7
132,"High","ssdv","T241-T21",10.5,1.5,6.5,15.5,322.65625,0.62,0.09,0.305480788099397,-1.34075503369022,1.64623582178961,"Constant","Variable","Mandarin",2.83
132,"High","ssdv","T33-T21",10.5,1.5,6.5,15.5,352.75,0.62,0.09,0.305480788099397,-1.34075503369022,1.64623582178961,"Constant","Variable","Mandarin",2.83
132,"High","sssv","T241-T21",14.5,0.5,2.5,16.5,392.90625,0.85,0.03,1.03643338949379,-1.88079360815125,2.91722699764504,"Constant","Constant","Mandarin",4.53
132,"High","sssv","T33-T21",14.5,0.5,2.5,16.5,319.875,0.85,0.03,1.03643338949379,-1.88079360815125,2.91722699764504,"Constant","Constant","Mandarin",4.53
133,"Low","dsdv","T241-T21",5.5,3.5,11.5,13.5,1232.5625,0.32,0.21,-0.467698799114508,-0.80642124701824,0.338722447903732,"Variable","Variable","Mandarin",1.01
133,"Low","dsdv","T33-T21",16.5,5.5,0.5,11.5,1091.625,0.97,0.32,1.88079360815125,-0.467698799114508,2.34849240726576,"Variable","Variable","Mandarin",4.67
133,"Low","dssv","T241-T21",3.5,0.5,13.5,16.5,719.96875,0.21,0.03,-0.80642124701824,-1.88079360815125,1.07437236113301,"Variable","Constant","Mandarin",1.93
133,"Low","dssv","T33-T21",16.5,1.5,0.5,15.5,756.53125,0.97,0.09,1.88079360815125,-1.34075503369022,3.22154864184147,"Variable","Constant","Mandarin",5.06
133,"Low","ssdv","T241-T21",8.5,3.5,8.5,13.5,1288.875,0.5,0.21,0,-0.80642124701824,0.80642124701824,"Constant","Variable","Mandarin",1.75
133,"Low","ssdv","T33-T21",16.5,4.5,0.5,12.5,1326.46875,0.97,0.26,1.88079360815125,-0.643345405392917,2.52413901354417,"Constant","Variable","Mandarin",4.25
133,"Low","sssv","T241-T21",6.5,0.5,10.5,16.5,771.8125,0.38,0.03,-0.305480788099397,-1.88079360815125,1.57531282005185,"Constant","Constant","Mandarin",2.64
133,"Low","sssv","T33-T21",14.5,0.5,2.5,16.5,793.96875,0.85,0.03,1.03643338949379,-1.88079360815125,2.91722699764504,"Constant","Constant","Mandarin",4.53
134,"Low","dsdv","T241-T21",16.5,5.5,0.5,11.5,394.1875,0.97,0.32,1.88079360815125,-0.467698799114508,2.34849240726576,"Variable","Variable","Mandarin",4.67
134,"Low","dsdv","T33-T21",15.5,4.5,1.5,12.5,441.0625,0.91,0.26,1.34075503369022,-0.643345405392917,1.98410043908313,"Variable","Variable","Mandarin",3.49
134,"Low","dssv","T241-T21",16.5,6.5,0.5,10.5,333.40625,0.97,0.38,1.88079360815125,-0.305480788099397,2.18627439625065,"Variable","Constant","Mandarin",3.9
134,"Low","dssv","T33-T21",15.5,1.5,1.5,15.5,380.625,0.91,0.09,1.34075503369022,-1.34075503369022,2.68151006738043,"Variable","Constant","Mandarin",4.29
134,"Low","ssdv","T241-T21",15.5,3.5,1.5,13.5,569.40625,0.91,0.21,1.34075503369022,-0.80642124701824,2.14717628070846,"Constant","Variable","Mandarin",3.67
134,"Low","ssdv","T33-T21",10.5,5.5,6.5,11.5,501.28125,0.62,0.32,0.305480788099397,-0.467698799114508,0.773179587213906,"Constant","Variable","Mandarin",1.79
134,"Low","sssv","T241-T21",16.5,2.5,0.5,14.5,479.90625,0.97,0.15,1.88079360815125,-1.03643338949379,2.91722699764504,"Constant","Constant","Mandarin",4.7
134,"Low","sssv","T33-T21",16.5,2.5,0.5,14.5,540.40625,0.97,0.15,1.88079360815125,-1.03643338949379,2.91722699764504,"Constant","Constant","Mandarin",4.7
135,"Low","dsdv","T241-T21",11.5,6.5,5.5,10.5,470.15625,0.68,0.38,0.467698799114508,-0.305480788099397,0.773179587213906,"Variable","Variable","Mandarin",1.85
135,"Low","dsdv","T33-T21",12.5,7.5,4.5,9.5,475.625,0.74,0.44,0.643345405392917,-0.150969215496777,0.794314620889694,"Variable","Variable","Mandarin",1.93
135,"Low","dssv","T241-T21",16.5,11.5,0.5,5.5,388.21875,0.97,0.68,1.88079360815125,0.467698799114508,1.41309480903674,"Variable","Constant","Mandarin",3.16
135,"Low","dssv","T33-T21",13.5,2.5,3.5,14.5,388.5625,0.79,0.15,0.80642124701824,-1.03643338949379,1.84285463651203,"Variable","Constant","Mandarin",3.18
135,"Low","ssdv","T241-T21",12.5,6.5,4.5,10.5,480.3125,0.74,0.38,0.643345405392917,-0.305480788099397,0.948826193492314,"Constant","Variable","Mandarin",2.11
135,"Low","ssdv","T33-T21",14.5,7.5,2.5,9.5,527,0.85,0.44,1.03643338949379,-0.150969215496777,1.18740260499057,"Constant","Variable","Mandarin",2.53
135,"Low","sssv","T241-T21",15.5,4.5,1.5,12.5,377.71875,0.91,0.26,1.34075503369022,-0.643345405392917,1.98410043908313,"Constant","Constant","Mandarin",3.49
135,"Low","sssv","T33-T21",16.5,4.5,0.5,12.5,372.21875,0.97,0.26,1.88079360815125,-0.643345405392917,2.52413901354417,"Constant","Constant","Mandarin",4.25
136,"High","dsdv","T241-T21",11.5,5.5,5.5,11.5,760.09375,0.68,0.32,0.467698799114508,-0.467698799114508,0.935397598229016,"Variable","Variable","Mandarin",2.04
136,"High","dsdv","T33-T21",16.5,0.5,0.5,16.5,792.15625,0.97,0.03,1.88079360815125,-1.88079360815125,3.7615872163025,"Variable","Variable","Mandarin",5.73
136,"High","dssv","T241-T21",16.5,8.5,0.5,8.5,547.125,0.97,0.5,1.88079360815125,0,1.88079360815125,"Variable","Constant","Mandarin",3.6
136,"High","dssv","T33-T21",16.5,5.5,0.5,11.5,583.15625,0.97,0.32,1.88079360815125,-0.467698799114508,2.34849240726576,"Variable","Constant","Mandarin",4.67
136,"High","ssdv","T241-T21",13.5,4.5,3.5,12.5,693,0.79,0.26,0.80642124701824,-0.643345405392917,1.44976665241116,"Constant","Variable","Mandarin",2.73
136,"High","ssdv","T33-T21",15.5,0.5,1.5,16.5,537.28125,0.91,0.03,1.34075503369022,-1.88079360815125,3.22154864184147,"Constant","Variable","Mandarin",4.97
136,"High","sssv","T241-T21",16.5,7.5,0.5,9.5,582.71875,0.97,0.44,1.88079360815125,-0.150969215496777,2.03176282364803,"Constant","Constant","Mandarin",3.75
136,"High","sssv","T33-T21",16.5,6.5,0.5,10.5,467.375,0.97,0.38,1.88079360815125,-0.305480788099397,2.18627439625065,"Constant","Constant","Mandarin",3.9
137,"Low","dsdv","T241-T21",14.5,5.5,2.5,11.5,705.5,0.85,0.32,1.03643338949379,-0.467698799114508,1.5041321886083,"Variable","Variable","Mandarin",2.86
137,"Low","dsdv","T33-T21",14.5,4.5,2.5,12.5,632.84375,0.85,0.26,1.03643338949379,-0.643345405392917,1.67977879488671,"Variable","Variable","Mandarin",3.06
137,"Low","dssv","T241-T21",16.5,0.5,0.5,16.5,673.15625,0.97,0.03,1.88079360815125,-1.88079360815125,3.7615872163025,"Variable","Constant","Mandarin",5.73
137,"Low","dssv","T33-T21",14.5,0.5,2.5,16.5,744.28125,0.85,0.03,1.03643338949379,-1.88079360815125,2.91722699764504,"Variable","Constant","Mandarin",4.53
137,"Low","ssdv","T241-T21",16.5,3.5,0.5,13.5,1057.03125,0.97,0.21,1.88079360815125,-0.80642124701824,2.68721485516949,"Constant","Variable","Mandarin",4.43
137,"Low","ssdv","T33-T21",13.5,1.5,3.5,15.5,830.875,0.79,0.09,0.80642124701824,-1.34075503369022,2.14717628070846,"Constant","Variable","Mandarin",3.54
137,"Low","sssv","T241-T21",15.5,1.5,1.5,15.5,513.3125,0.91,0.09,1.34075503369022,-1.34075503369022,2.68151006738043,"Constant","Constant","Mandarin",4.29
137,"Low","sssv","T33-T21",15.5,2.5,1.5,14.5,454.25,0.91,0.15,1.34075503369022,-1.03643338949379,2.37718842318401,"Constant","Constant","Mandarin",3.93
